date,bin_start,x01_time_min,x02_p1,x03_p2,x04_p3,x05_p4,x06_p5,x07_p6,x08_p7,x09_dow,x10_week,x11_day_type,x12_active,x13_active_m30,x14_active_m60,x15_active_p30,x16_active_p60,lecture_source,y_people,y_samples
2026-07-09,07:00,420,350.0,455.0,490.0,420.0,385.0,35.0,0.0,4,13.0,normal,0.0,0.0,0.0,0.0,0.0,daily_snapshot,,0
2026-07-09,07:30,450,350.0,455.0,490.0,420.0,385.0,35.0,0.0,4,13.0,normal,0.0,0.0,0.0,0.0,0.0,daily_snapshot,,0
2026-07-09,08:00,480,350.0,455.0,490.0,420.0,385.0,35.0,0.0,4,13.0,normal,0.0,0.0,0.0,0.0,0.0,daily_snapshot,,0
2026-07-09,08:30,510,350.0,455.0,490.0,420.0,385.0,35.0,0.0,4,13.0,normal,0.0,0.0,0.0,0.0,350.0,daily_snapshot,,0
2026-07-09,09:00,540,350.0,455.0,490.0,420.0,385.0,35.0,0.0,4,13.0,normal,0.0,0.0,0.0,350.0,350.0,daily_snapshot,,0
2026-07-09,09:30,570,350.0,455.0,490.0,420.0,385.0,35.0,0.0,4,13.0,normal,350.0,0.0,0.0,350.0,350.0,daily_snapshot,,0
2026-07-09,10:00,600,350.0,455.0,490.0,420.0,385.0,35.0,0.0,4,13.0,normal,350.0,350.0,0.0,350.0,455.0,daily_snapshot,,0
2026-07-09,10:30,630,350.0,455.0,490.0,420.0,385.0,35.0,0.0,4,13.0,normal,350.0,350.0,350.0,455.0,455.0,daily_snapshot,,0
2026-07-09,11:00,660,350.0,455.0,490.0,420.0,385.0,35.0,0.0,4,13.0,normal,455.0,350.0,350.0,455.0,455.0,daily_snapshot,,0
2026-07-09,11:30,690,350.0,455.0,490.0,420.0,385.0,35.0,0.0,4,13.0,normal,455.0,455.0,350.0,455.0,0.0,daily_snapshot,,0
2026-07-09,12:00,720,350.0,455.0,490.0,420.0,385.0,35.0,0.0,4,13.0,normal,455.0,455.0,455.0,0.0,490.0,daily_snapshot,,0
2026-07-09,12:30,750,350.0,455.0,490.0,420.0,385.0,35.0,0.0,4,13.0,normal,0.0,455.0,455.0,490.0,490.0,daily_snapshot,,0
2026-07-09,13:00,780,350.0,455.0,490.0,420.0,385.0,35.0,0.0,4,13.0,normal,490.0,0.0,455.0,490.0,490.0,daily_snapshot,,0
2026-07-09,13:30,810,350.0,455.0,490.0,420.0,385.0,35.0,0.0,4,13.0,normal,490.0,490.0,0.0,490.0,420.0,daily_snapshot,,0
2026-07-09,14:00,840,350.0,455.0,490.0,420.0,385.0,35.0,0.0,4,13.0,normal,490.0,490.0,490.0,420.0,420.0,daily_snapshot,,0
2026-07-09,14:30,870,350.0,455.0,490.0,420.0,385.0,35.0,0.0,4,13.0,normal,420.0,490.0,490.0,420.0,420.0,daily_snapshot,,0
2026-07-09,15:00,900,350.0,455.0,490.0,420.0,385.0,35.0,0.0,4,13.0,normal,420.0,420.0,490.0,420.0,420.0,daily_snapshot,,0
2026-07-09,15:30,930,350.0,455.0,490.0,420.0,385.0,35.0,0.0,4,13.0,normal,420.0,420.0,420.0,420.0,385.0,daily_snapshot,,0
2026-07-09,16:00,960,350.0,455.0,490.0,420.0,385.0,35.0,0.0,4,13.0,normal,420.0,420.0,420.0,385.0,385.0,daily_snapshot,,0
2026-07-09,16:30,990,350.0,455.0,490.0,420.0,385.0,35.0,0.0,4,13.0,normal,385.0,420.0,420.0,385.0,385.0,daily_snapshot,,0
2026-07-09,17:00,1020,350.0,455.0,490.0,420.0,385.0,35.0,0.0,4,13.0,normal,385.0,385.0,420.0,385.0,35.0,daily_snapshot,,0
2026-07-09,17:30,1050,350.0,455.0,490.0,420.0,385.0,35.0,0.0,4,13.0,normal,385.0,385.0,385.0,35.0,35.0,daily_snapshot,,0
2026-07-09,18:00,1080,350.0,455.0,490.0,420.0,385.0,35.0,0.0,4,13.0,normal,35.0,385.0,385.0,35.0,35.0,daily_snapshot,,0
2026-07-09,18:30,1110,350.0,455.0,490.0,420.0,385.0,35.0,0.0,4,13.0,normal,35.0,35.0,385.0,35.0,0.0,daily_snapshot,,0
2026-07-09,19:00,1140,350.0,455.0,490.0,420.0,385.0,35.0,0.0,4,13.0,normal,35.0,35.0,35.0,0.0,0.0,daily_snapshot,,0
2026-07-09,19:30,1170,350.0,455.0,490.0,420.0,385.0,35.0,0.0,4,13.0,normal,0.0,35.0,35.0,0.0,0.0,daily_snapshot,,0
2026-07-09,20:00,1200,350.0,455.0,490.0,420.0,385.0,35.0,0.0,4,13.0,normal,0.0,0.0,35.0,0.0,0.0,daily_snapshot,,0
2026-07-09,20:30,1230,350.0,455.0,490.0,420.0,385.0,35.0,0.0,4,13.0,normal,0.0,0.0,0.0,0.0,0.0,daily_snapshot,,0
2026-07-09,21:00,1260,350.0,455.0,490.0,420.0,385.0,35.0,0.0,4,13.0,normal,0.0,0.0,0.0,0.0,0.0,daily_snapshot,,0
2026-07-09,21:30,1290,350.0,455.0,490.0,420.0,385.0,35.0,0.0,4,13.0,normal,0.0,0.0,0.0,0.0,0.0,daily_snapshot,,0
2026-07-10,07:00,420,455.0,420.0,420.0,455.0,315.0,70.0,0.0,5,13.0,normal,0.0,0.0,0.0,0.0,0.0,daily_snapshot,,0
2026-07-10,07:30,450,455.0,420.0,420.0,455.0,315.0,70.0,0.0,5,13.0,normal,0.0,0.0,0.0,0.0,0.0,daily_snapshot,,0
2026-07-10,08:00,480,455.0,420.0,420.0,455.0,315.0,70.0,0.0,5,13.0,normal,0.0,0.0,0.0,0.0,0.0,daily_snapshot,,0
2026-07-10,08:30,510,455.0,420.0,420.0,455.0,315.0,70.0,0.0,5,13.0,normal,0.0,0.0,0.0,0.0,455.0,daily_snapshot,,0
2026-07-10,09:00,540,455.0,420.0,420.0,455.0,315.0,70.0,0.0,5,13.0,normal,0.0,0.0,0.0,455.0,455.0,daily_snapshot,,0
2026-07-10,09:30,570,455.0,420.0,420.0,455.0,315.0,70.0,0.0,5,13.0,normal,455.0,0.0,0.0,455.0,455.0,daily_snapshot,,0
2026-07-10,10:00,600,455.0,420.0,420.0,455.0,315.0,70.0,0.0,5,13.0,normal,455.0,455.0,0.0,455.0,420.0,daily_snapshot,,0
2026-07-10,10:30,630,455.0,420.0,420.0,455.0,315.0,70.0,0.0,5,13.0,normal,455.0,455.0,455.0,420.0,420.0,daily_snapshot,,0
2026-07-10,11:00,660,455.0,420.0,420.0,455.0,315.0,70.0,0.0,5,13.0,normal,420.0,455.0,455.0,420.0,420.0,daily_snapshot,,0
2026-07-10,11:30,690,455.0,420.0,420.0,455.0,315.0,70.0,0.0,5,13.0,normal,420.0,420.0,455.0,420.0,0.0,daily_snapshot,,0
2026-07-10,12:00,720,455.0,420.0,420.0,455.0,315.0,70.0,0.0,5,13.0,normal,420.0,420.0,420.0,0.0,420.0,daily_snapshot,,0
2026-07-10,12:30,750,455.0,420.0,420.0,455.0,315.0,70.0,0.0,5,13.0,normal,0.0,420.0,420.0,420.0,420.0,daily_snapshot,,0
2026-07-10,13:00,780,455.0,420.0,420.0,455.0,315.0,70.0,0.0,5,13.0,normal,420.0,0.0,420.0,420.0,420.0,daily_snapshot,,0
2026-07-10,13:30,810,455.0,420.0,420.0,455.0,315.0,70.0,0.0,5,13.0,normal,420.0,420.0,0.0,420.0,455.0,daily_snapshot,,0
2026-07-10,14:00,840,455.0,420.0,420.0,455.0,315.0,70.0,0.0,5,13.0,normal,420.0,420.0,420.0,455.0,455.0,daily_snapshot,,0
2026-07-10,14:30,870,455.0,420.0,420.0,455.0,315.0,70.0,0.0,5,13.0,normal,455.0,420.0,420.0,455.0,455.0,daily_snapshot,,0
2026-07-10,15:00,900,455.0,420.0,420.0,455.0,315.0,70.0,0.0,5,13.0,normal,455.0,455.0,420.0,455.0,455.0,daily_snapshot,,0
2026-07-10,15:30,930,455.0,420.0,420.0,455.0,315.0,70.0,0.0,5,13.0,normal,455.0,455.0,455.0,455.0,315.0,daily_snapshot,,0
2026-07-10,16:00,960,455.0,420.0,420.0,455.0,315.0,70.0,0.0,5,13.0,normal,455.0,455.0,455.0,315.0,315.0,daily_snapshot,,0
2026-07-10,16:30,990,455.0,420.0,420.0,455.0,315.0,70.0,0.0,5,13.0,normal,315.0,455.0,455.0,315.0,315.0,daily_snapshot,,0
2026-07-10,17:00,1020,455.0,420.0,420.0,455.0,315.0,70.0,0.0,5,13.0,normal,315.0,315.0,455.0,315.0,70.0,daily_snapshot,,0
2026-07-10,17:30,1050,455.0,420.0,420.0,455.0,315.0,70.0,0.0,5,13.0,normal,315.0,315.0,315.0,70.0,70.0,daily_snapshot,,0
2026-07-10,18:00,1080,455.0,420.0,420.0,455.0,315.0,70.0,0.0,5,13.0,normal,70.0,315.0,315.0,70.0,70.0,daily_snapshot,,0
2026-07-10,18:30,1110,455.0,420.0,420.0,455.0,315.0,70.0,0.0,5,13.0,normal,70.0,70.0,315.0,70.0,0.0,daily_snapshot,,0
2026-07-10,19:00,1140,455.0,420.0,420.0,455.0,315.0,70.0,0.0,5,13.0,normal,70.0,70.0,70.0,0.0,0.0,daily_snapshot,,0
2026-07-10,19:30,1170,455.0,420.0,420.0,455.0,315.0,70.0,0.0,5,13.0,normal,0.0,70.0,70.0,0.0,0.0,daily_snapshot,,0
2026-07-10,20:00,1200,455.0,420.0,420.0,455.0,315.0,70.0,0.0,5,13.0,normal,0.0,0.0,70.0,0.0,0.0,daily_snapshot,,0
2026-07-10,20:30,1230,455.0,420.0,420.0,455.0,315.0,70.0,0.0,5,13.0,normal,0.0,0.0,0.0,0.0,0.0,daily_snapshot,,0
2026-07-10,21:00,1260,455.0,420.0,420.0,455.0,315.0,70.0,0.0,5,13.0,normal,0.0,0.0,0.0,0.0,0.0,daily_snapshot,,0
2026-07-10,21:30,1290,455.0,420.0,420.0,455.0,315.0,70.0,0.0,5,13.0,normal,0.0,0.0,0.0,0.0,0.0,daily_snapshot,,0
2026-07-11,07:00,420,0.0,0.0,0.0,0.0,0.0,0.0,0.0,6,,closed,0.0,0.0,0.0,0.0,0.0,daily_snapshot,,0
2026-07-11,07:30,450,0.0,0.0,0.0,0.0,0.0,0.0,0.0,6,,closed,0.0,0.0,0.0,0.0,0.0,daily_snapshot,,0
2026-07-11,08:00,480,0.0,0.0,0.0,0.0,0.0,0.0,0.0,6,,closed,0.0,0.0,0.0,0.0,0.0,daily_snapshot,,0
2026-07-11,08:30,510,0.0,0.0,0.0,0.0,0.0,0.0,0.0,6,,closed,0.0,0.0,0.0,0.0,0.0,daily_snapshot,,0
2026-07-11,09:00,540,0.0,0.0,0.0,0.0,0.0,0.0,0.0,6,,closed,0.0,0.0,0.0,0.0,0.0,daily_snapshot,,0
2026-07-11,09:30,570,0.0,0.0,0.0,0.0,0.0,0.0,0.0,6,,closed,0.0,0.0,0.0,0.0,0.0,daily_snapshot,,0
2026-07-11,10:00,600,0.0,0.0,0.0,0.0,0.0,0.0,0.0,6,,closed,0.0,0.0,0.0,0.0,0.0,daily_snapshot,,0
2026-07-11,10:30,630,0.0,0.0,0.0,0.0,0.0,0.0,0.0,6,,closed,0.0,0.0,0.0,0.0,0.0,daily_snapshot,,0
2026-07-11,11:00,660,0.0,0.0,0.0,0.0,0.0,0.0,0.0,6,,closed,0.0,0.0,0.0,0.0,0.0,daily_snapshot,,0
2026-07-11,11:30,690,0.0,0.0,0.0,0.0,0.0,0.0,0.0,6,,closed,0.0,0.0,0.0,0.0,0.0,daily_snapshot,,0
2026-07-11,12:00,720,0.0,0.0,0.0,0.0,0.0,0.0,0.0,6,,closed,0.0,0.0,0.0,0.0,0.0,daily_snapshot,,0
2026-07-11,12:30,750,0.0,0.0,0.0,0.0,0.0,0.0,0.0,6,,closed,0.0,0.0,0.0,0.0,0.0,daily_snapshot,,0
2026-07-11,13:00,780,0.0,0.0,0.0,0.0,0.0,0.0,0.0,6,,closed,0.0,0.0,0.0,0.0,0.0,daily_snapshot,,0
2026-07-11,13:30,810,0.0,0.0,0.0,0.0,0.0,0.0,0.0,6,,closed,0.0,0.0,0.0,0.0,0.0,daily_snapshot,,0
2026-07-11,14:00,840,0.0,0.0,0.0,0.0,0.0,0.0,0.0,6,,closed,0.0,0.0,0.0,0.0,0.0,daily_snapshot,,0
2026-07-11,14:30,870,0.0,0.0,0.0,0.0,0.0,0.0,0.0,6,,closed,0.0,0.0,0.0,0.0,0.0,daily_snapshot,,0
2026-07-11,15:00,900,0.0,0.0,0.0,0.0,0.0,0.0,0.0,6,,closed,0.0,0.0,0.0,0.0,0.0,daily_snapshot,,0
2026-07-11,15:30,930,0.0,0.0,0.0,0.0,0.0,0.0,0.0,6,,closed,0.0,0.0,0.0,0.0,0.0,daily_snapshot,,0
2026-07-11,16:00,960,0.0,0.0,0.0,0.0,0.0,0.0,0.0,6,,closed,0.0,0.0,0.0,0.0,0.0,daily_snapshot,,0
2026-07-11,16:30,990,0.0,0.0,0.0,0.0,0.0,0.0,0.0,6,,closed,0.0,0.0,0.0,0.0,0.0,daily_snapshot,,0
2026-07-11,17:00,1020,0.0,0.0,0.0,0.0,0.0,0.0,0.0,6,,closed,0.0,0.0,0.0,0.0,0.0,daily_snapshot,,0
2026-07-11,17:30,1050,0.0,0.0,0.0,0.0,0.0,0.0,0.0,6,,closed,0.0,0.0,0.0,0.0,0.0,daily_snapshot,,0
2026-07-11,18:00,1080,0.0,0.0,0.0,0.0,0.0,0.0,0.0,6,,closed,0.0,0.0,0.0,0.0,0.0,daily_snapshot,,0
2026-07-11,18:30,1110,0.0,0.0,0.0,0.0,0.0,0.0,0.0,6,,closed,0.0,0.0,0.0,0.0,0.0,daily_snapshot,,0
2026-07-11,19:00,1140,0.0,0.0,0.0,0.0,0.0,0.0,0.0,6,,closed,0.0,0.0,0.0,0.0,0.0,daily_snapshot,,0
2026-07-11,19:30,1170,0.0,0.0,0.0,0.0,0.0,0.0,0.0,6,,closed,0.0,0.0,0.0,0.0,0.0,daily_snapshot,,0
2026-07-11,20:00,1200,0.0,0.0,0.0,0.0,0.0,0.0,0.0,6,,closed,0.0,0.0,0.0,0.0,0.0,daily_snapshot,,0
2026-07-11,20:30,1230,0.0,0.0,0.0,0.0,0.0,0.0,0.0,6,,closed,0.0,0.0,0.0,0.0,0.0,daily_snapshot,,0
2026-07-11,21:00,1260,0.0,0.0,0.0,0.0,0.0,0.0,0.0,6,,closed,0.0,0.0,0.0,0.0,0.0,daily_snapshot,,0
2026-07-11,21:30,1290,0.0,0.0,0.0,0.0,0.0,0.0,0.0,6,,closed,0.0,0.0,0.0,0.0,0.0,daily_snapshot,,0
2026-07-12,07:00,420,0.0,0.0,0.0,0.0,0.0,0.0,0.0,7,,closed,0.0,0.0,0.0,0.0,0.0,daily_snapshot,,0
2026-07-12,07:30,450,0.0,0.0,0.0,0.0,0.0,0.0,0.0,7,,closed,0.0,0.0,0.0,0.0,0.0,daily_snapshot,,0
2026-07-12,08:00,480,0.0,0.0,0.0,0.0,0.0,0.0,0.0,7,,closed,0.0,0.0,0.0,0.0,0.0,daily_snapshot,,0
2026-07-12,08:30,510,0.0,0.0,0.0,0.0,0.0,0.0,0.0,7,,closed,0.0,0.0,0.0,0.0,0.0,daily_snapshot,,0
2026-07-12,09:00,540,0.0,0.0,0.0,0.0,0.0,0.0,0.0,7,,closed,0.0,0.0,0.0,0.0,0.0,daily_snapshot,,0
2026-07-12,09:30,570,0.0,0.0,0.0,0.0,0.0,0.0,0.0,7,,closed,0.0,0.0,0.0,0.0,0.0,daily_snapshot,,0
2026-07-12,10:00,600,0.0,0.0,0.0,0.0,0.0,0.0,0.0,7,,closed,0.0,0.0,0.0,0.0,0.0,daily_snapshot,,0
2026-07-12,10:30,630,0.0,0.0,0.0,0.0,0.0,0.0,0.0,7,,closed,0.0,0.0,0.0,0.0,0.0,daily_snapshot,,0
2026-07-12,11:00,660,0.0,0.0,0.0,0.0,0.0,0.0,0.0,7,,closed,0.0,0.0,0.0,0.0,0.0,daily_snapshot,,0
2026-07-12,11:30,690,0.0,0.0,0.0,0.0,0.0,0.0,0.0,7,,closed,0.0,0.0,0.0,0.0,0.0,daily_snapshot,,0
2026-07-12,12:00,720,0.0,0.0,0.0,0.0,0.0,0.0,0.0,7,,closed,0.0,0.0,0.0,0.0,0.0,daily_snapshot,,0
2026-07-12,12:30,750,0.0,0.0,0.0,0.0,0.0,0.0,0.0,7,,closed,0.0,0.0,0.0,0.0,0.0,daily_snapshot,,0
2026-07-12,13:00,780,0.0,0.0,0.0,0.0,0.0,0.0,0.0,7,,closed,0.0,0.0,0.0,0.0,0.0,daily_snapshot,,0
2026-07-12,13:30,810,0.0,0.0,0.0,0.0,0.0,0.0,0.0,7,,closed,0.0,0.0,0.0,0.0,0.0,daily_snapshot,,0
2026-07-12,14:00,840,0.0,0.0,0.0,0.0,0.0,0.0,0.0,7,,closed,0.0,0.0,0.0,0.0,0.0,daily_snapshot,,0
2026-07-12,14:30,870,0.0,0.0,0.0,0.0,0.0,0.0,0.0,7,,closed,0.0,0.0,0.0,0.0,0.0,daily_snapshot,,0
2026-07-12,15:00,900,0.0,0.0,0.0,0.0,0.0,0.0,0.0,7,,closed,0.0,0.0,0.0,0.0,0.0,daily_snapshot,,0
2026-07-12,15:30,930,0.0,0.0,0.0,0.0,0.0,0.0,0.0,7,,closed,0.0,0.0,0.0,0.0,0.0,daily_snapshot,,0
2026-07-12,16:00,960,0.0,0.0,0.0,0.0,0.0,0.0,0.0,7,,closed,0.0,0.0,0.0,0.0,0.0,daily_snapshot,,0
2026-07-12,16:30,990,0.0,0.0,0.0,0.0,0.0,0.0,0.0,7,,closed,0.0,0.0,0.0,0.0,0.0,daily_snapshot,,0
2026-07-12,17:00,1020,0.0,0.0,0.0,0.0,0.0,0.0,0.0,7,,closed,0.0,0.0,0.0,0.0,0.0,daily_snapshot,,0
2026-07-12,17:30,1050,0.0,0.0,0.0,0.0,0.0,0.0,0.0,7,,closed,0.0,0.0,0.0,0.0,0.0,daily_snapshot,,0
2026-07-12,18:00,1080,0.0,0.0,0.0,0.0,0.0,0.0,0.0,7,,closed,0.0,0.0,0.0,0.0,0.0,daily_snapshot,,0
2026-07-12,18:30,1110,0.0,0.0,0.0,0.0,0.0,0.0,0.0,7,,closed,0.0,0.0,0.0,0.0,0.0,daily_snapshot,,0
2026-07-12,19:00,1140,0.0,0.0,0.0,0.0,0.0,0.0,0.0,7,,closed,0.0,0.0,0.0,0.0,0.0,daily_snapshot,,0
2026-07-12,19:30,1170,0.0,0.0,0.0,0.0,0.0,0.0,0.0,7,,closed,0.0,0.0,0.0,0.0,0.0,daily_snapshot,,0
2026-07-12,20:00,1200,0.0,0.0,0.0,0.0,0.0,0.0,0.0,7,,closed,0.0,0.0,0.0,0.0,0.0,daily_snapshot,,0
2026-07-12,20:30,1230,0.0,0.0,0.0,0.0,0.0,0.0,0.0,7,,closed,0.0,0.0,0.0,0.0,0.0,daily_snapshot,,0
2026-07-12,21:00,1260,0.0,0.0,0.0,0.0,0.0,0.0,0.0,7,,closed,0.0,0.0,0.0,0.0,0.0,daily_snapshot,,0
2026-07-12,21:30,1290,0.0,0.0,0.0,0.0,0.0,0.0,0.0,7,,closed,0.0,0.0,0.0,0.0,0.0,daily_snapshot,,0
2026-07-13,07:00,420,420.0,420.0,420.0,490.0,560.0,210.0,0.0,1,13.0,normal,0.0,0.0,0.0,0.0,0.0,daily_snapshot,,0
2026-07-13,07:30,450,420.0,420.0,420.0,490.0,560.0,210.0,0.0,1,13.0,normal,0.0,0.0,0.0,0.0,0.0,daily_snapshot,,0
2026-07-13,08:00,480,420.0,420.0,420.0,490.0,560.0,210.0,0.0,1,13.0,normal,0.0,0.0,0.0,0.0,0.0,daily_snapshot,,0
2026-07-13,08:30,510,420.0,420.0,420.0,490.0,560.0,210.0,0.0,1,13.0,normal,0.0,0.0,0.0,0.0,420.0,daily_snapshot,,0
2026-07-13,09:00,540,420.0,420.0,420.0,490.0,560.0,210.0,0.0,1,13.0,normal,0.0,0.0,0.0,420.0,420.0,daily_snapshot,,0
2026-07-13,09:30,570,420.0,420.0,420.0,490.0,560.0,210.0,0.0,1,13.0,normal,420.0,0.0,0.0,420.0,420.0,daily_snapshot,,0
2026-07-13,10:00,600,420.0,420.0,420.0,490.0,560.0,210.0,0.0,1,13.0,normal,420.0,420.0,0.0,420.0,420.0,daily_snapshot,,0
2026-07-13,10:30,630,420.0,420.0,420.0,490.0,560.0,210.0,0.0,1,13.0,normal,420.0,420.0,420.0,420.0,420.0,daily_snapshot,,0
2026-07-13,11:00,660,420.0,420.0,420.0,490.0,560.0,210.0,0.0,1,13.0,normal,420.0,420.0,420.0,420.0,420.0,daily_snapshot,,0
2026-07-13,11:30,690,420.0,420.0,420.0,490.0,560.0,210.0,0.0,1,13.0,normal,420.0,420.0,420.0,420.0,0.0,daily_snapshot,,0
2026-07-13,12:00,720,420.0,420.0,420.0,490.0,560.0,210.0,0.0,1,13.0,normal,420.0,420.0,420.0,0.0,420.0,daily_snapshot,,0
2026-07-13,12:30,750,420.0,420.0,420.0,490.0,560.0,210.0,0.0,1,13.0,normal,0.0,420.0,420.0,420.0,420.0,daily_snapshot,,0
2026-07-13,13:00,780,420.0,420.0,420.0,490.0,560.0,210.0,0.0,1,13.0,normal,420.0,0.0,420.0,420.0,420.0,daily_snapshot,,0
2026-07-13,13:30,810,420.0,420.0,420.0,490.0,560.0,210.0,0.0,1,13.0,normal,420.0,420.0,0.0,420.0,490.0,daily_snapshot,,0
2026-07-13,14:00,840,420.0,420.0,420.0,490.0,560.0,210.0,0.0,1,13.0,normal,420.0,420.0,420.0,490.0,490.0,daily_snapshot,,0
2026-07-13,14:30,870,420.0,420.0,420.0,490.0,560.0,210.0,0.0,1,13.0,normal,490.0,420.0,420.0,490.0,490.0,daily_snapshot,,0
2026-07-13,15:00,900,420.0,420.0,420.0,490.0,560.0,210.0,0.0,1,13.0,normal,490.0,490.0,420.0,490.0,490.0,daily_snapshot,,0
2026-07-13,15:30,930,420.0,420.0,420.0,490.0,560.0,210.0,0.0,1,13.0,normal,490.0,490.0,490.0,490.0,560.0,daily_snapshot,,0
2026-07-13,16:00,960,420.0,420.0,420.0,490.0,560.0,210.0,0.0,1,13.0,normal,490.0,490.0,490.0,560.0,560.0,daily_snapshot,,0
2026-07-13,16:30,990,420.0,420.0,420.0,490.0,560.0,210.0,0.0,1,13.0,normal,560.0,490.0,490.0,560.0,560.0,daily_snapshot,,0
2026-07-13,17:00,1020,420.0,420.0,420.0,490.0,560.0,210.0,0.0,1,13.0,normal,560.0,560.0,490.0,560.0,210.0,daily_snapshot,,0
2026-07-13,17:30,1050,420.0,420.0,420.0,490.0,560.0,210.0,0.0,1,13.0,normal,560.0,560.0,560.0,210.0,210.0,daily_snapshot,,0
2026-07-13,18:00,1080,420.0,420.0,420.0,490.0,560.0,210.0,0.0,1,13.0,normal,210.0,560.0,560.0,210.0,210.0,daily_snapshot,,0
2026-07-13,18:30,1110,420.0,420.0,420.0,490.0,560.0,210.0,0.0,1,13.0,normal,210.0,210.0,560.0,210.0,0.0,daily_snapshot,,0
2026-07-13,19:00,1140,420.0,420.0,420.0,490.0,560.0,210.0,0.0,1,13.0,normal,210.0,210.0,210.0,0.0,0.0,daily_snapshot,,0
2026-07-13,19:30,1170,420.0,420.0,420.0,490.0,560.0,210.0,0.0,1,13.0,normal,0.0,210.0,210.0,0.0,0.0,daily_snapshot,,0
2026-07-13,20:00,1200,420.0,420.0,420.0,490.0,560.0,210.0,0.0,1,13.0,normal,0.0,0.0,210.0,0.0,0.0,daily_snapshot,,0
2026-07-13,20:30,1230,420.0,420.0,420.0,490.0,560.0,210.0,0.0,1,13.0,normal,0.0,0.0,0.0,0.0,0.0,daily_snapshot,,0
2026-07-13,21:00,1260,420.0,420.0,420.0,490.0,560.0,210.0,0.0,1,13.0,normal,0.0,0.0,0.0,0.0,0.0,daily_snapshot,,0
2026-07-13,21:30,1290,420.0,420.0,420.0,490.0,560.0,210.0,0.0,1,13.0,normal,0.0,0.0,0.0,0.0,0.0,daily_snapshot,,0
2026-07-14,07:00,420,455.0,490.0,595.0,595.0,560.0,105.0,35.0,2,13.0,normal,0.0,0.0,0.0,0.0,0.0,daily_snapshot,,0
2026-07-14,07:30,450,455.0,490.0,595.0,595.0,560.0,105.0,35.0,2,13.0,normal,0.0,0.0,0.0,0.0,0.0,daily_snapshot,,0
2026-07-14,08:00,480,455.0,490.0,595.0,595.0,560.0,105.0,35.0,2,13.0,normal,0.0,0.0,0.0,0.0,0.0,daily_snapshot,,0
2026-07-14,08:30,510,455.0,490.0,595.0,595.0,560.0,105.0,35.0,2,13.0,normal,0.0,0.0,0.0,0.0,455.0,daily_snapshot,,0
2026-07-14,09:00,540,455.0,490.0,595.0,595.0,560.0,105.0,35.0,2,13.0,normal,0.0,0.0,0.0,455.0,455.0,daily_snapshot,,0
2026-07-14,09:30,570,455.0,490.0,595.0,595.0,560.0,105.0,35.0,2,13.0,normal,455.0,0.0,0.0,455.0,455.0,daily_snapshot,,0
2026-07-14,10:00,600,455.0,490.0,595.0,595.0,560.0,105.0,35.0,2,13.0,normal,455.0,455.0,0.0,455.0,490.0,daily_snapshot,,0
2026-07-14,10:30,630,455.0,490.0,595.0,595.0,560.0,105.0,35.0,2,13.0,normal,455.0,455.0,455.0,490.0,490.0,daily_snapshot,,0
2026-07-14,11:00,660,455.0,490.0,595.0,595.0,560.0,105.0,35.0,2,13.0,normal,490.0,455.0,455.0,490.0,490.0,daily_snapshot,,0
2026-07-14,11:30,690,455.0,490.0,595.0,595.0,560.0,105.0,35.0,2,13.0,normal,490.0,490.0,455.0,490.0,0.0,daily_snapshot,,0
2026-07-14,12:00,720,455.0,490.0,595.0,595.0,560.0,105.0,35.0,2,13.0,normal,490.0,490.0,490.0,0.0,595.0,daily_snapshot,,0
2026-07-14,12:30,750,455.0,490.0,595.0,595.0,560.0,105.0,35.0,2,13.0,normal,0.0,490.0,490.0,595.0,595.0,daily_snapshot,,0
2026-07-14,13:00,780,455.0,490.0,595.0,595.0,560.0,105.0,35.0,2,13.0,normal,595.0,0.0,490.0,595.0,595.0,daily_snapshot,,0
2026-07-14,13:30,810,455.0,490.0,595.0,595.0,560.0,105.0,35.0,2,13.0,normal,595.0,595.0,0.0,595.0,595.0,daily_snapshot,,0
2026-07-14,14:00,840,455.0,490.0,595.0,595.0,560.0,105.0,35.0,2,13.0,normal,595.0,595.0,595.0,595.0,595.0,daily_snapshot,,0
2026-07-14,14:30,870,455.0,490.0,595.0,595.0,560.0,105.0,35.0,2,13.0,normal,595.0,595.0,595.0,595.0,595.0,daily_snapshot,,0
2026-07-14,15:00,900,455.0,490.0,595.0,595.0,560.0,105.0,35.0,2,13.0,normal,595.0,595.0,595.0,595.0,595.0,daily_snapshot,,0
2026-07-14,15:30,930,455.0,490.0,595.0,595.0,560.0,105.0,35.0,2,13.0,normal,595.0,595.0,595.0,595.0,560.0,daily_snapshot,,0
2026-07-14,16:00,960,455.0,490.0,595.0,595.0,560.0,105.0,35.0,2,13.0,normal,595.0,595.0,595.0,560.0,560.0,daily_snapshot,,0
2026-07-14,16:30,990,455.0,490.0,595.0,595.0,560.0,105.0,35.0,2,13.0,normal,560.0,595.0,595.0,560.0,560.0,daily_snapshot,,0
2026-07-14,17:00,1020,455.0,490.0,595.0,595.0,560.0,105.0,35.0,2,13.0,normal,560.0,560.0,595.0,560.0,105.0,daily_snapshot,,0
2026-07-14,17:30,1050,455.0,490.0,595.0,595.0,560.0,105.0,35.0,2,13.0,normal,560.0,560.0,560.0,105.0,105.0,daily_snapshot,,0
2026-07-14,18:00,1080,455.0,490.0,595.0,595.0,560.0,105.0,35.0,2,13.0,normal,105.0,560.0,560.0,105.0,105.0,daily_snapshot,,0
2026-07-14,18:30,1110,455.0,490.0,595.0,595.0,560.0,105.0,35.0,2,13.0,normal,105.0,105.0,560.0,105.0,0.0,daily_snapshot,,0
2026-07-14,19:00,1140,455.0,490.0,595.0,595.0,560.0,105.0,35.0,2,13.0,normal,105.0,105.0,105.0,0.0,35.0,daily_snapshot,,0
2026-07-14,19:30,1170,455.0,490.0,595.0,595.0,560.0,105.0,35.0,2,13.0,normal,0.0,105.0,105.0,35.0,35.0,daily_snapshot,,0
2026-07-14,20:00,1200,455.0,490.0,595.0,595.0,560.0,105.0,35.0,2,13.0,normal,35.0,0.0,105.0,35.0,35.0,daily_snapshot,,0
2026-07-14,20:30,1230,455.0,490.0,595.0,595.0,560.0,105.0,35.0,2,13.0,normal,35.0,35.0,0.0,35.0,0.0,daily_snapshot,,0
2026-07-14,21:00,1260,455.0,490.0,595.0,595.0,560.0,105.0,35.0,2,13.0,normal,35.0,35.0,35.0,0.0,0.0,daily_snapshot,,0
2026-07-14,21:30,1290,455.0,490.0,595.0,595.0,560.0,105.0,35.0,2,13.0,normal,0.0,35.0,35.0,0.0,0.0,daily_snapshot,,0
2026-07-15,07:00,420,420.0,455.0,490.0,350.0,175.0,0.0,0.0,3,14.0,normal,0.0,0.0,0.0,0.0,0.0,daily_snapshot,,0
2026-07-15,07:30,450,420.0,455.0,490.0,350.0,175.0,0.0,0.0,3,14.0,normal,0.0,0.0,0.0,0.0,0.0,daily_snapshot,,0
2026-07-15,08:00,480,420.0,455.0,490.0,350.0,175.0,0.0,0.0,3,14.0,normal,0.0,0.0,0.0,0.0,0.0,daily_snapshot,,0
2026-07-15,08:30,510,420.0,455.0,490.0,350.0,175.0,0.0,0.0,3,14.0,normal,0.0,0.0,0.0,0.0,420.0,daily_snapshot,,0
2026-07-15,09:00,540,420.0,455.0,490.0,350.0,175.0,0.0,0.0,3,14.0,normal,0.0,0.0,0.0,420.0,420.0,daily_snapshot,,0
2026-07-15,09:30,570,420.0,455.0,490.0,350.0,175.0,0.0,0.0,3,14.0,normal,420.0,0.0,0.0,420.0,420.0,daily_snapshot,,0
2026-07-15,10:00,600,420.0,455.0,490.0,350.0,175.0,0.0,0.0,3,14.0,normal,420.0,420.0,0.0,420.0,455.0,daily_snapshot,,0
2026-07-15,10:30,630,420.0,455.0,490.0,350.0,175.0,0.0,0.0,3,14.0,normal,420.0,420.0,420.0,455.0,455.0,daily_snapshot,,0
2026-07-15,11:00,660,420.0,455.0,490.0,350.0,175.0,0.0,0.0,3,14.0,normal,455.0,420.0,420.0,455.0,455.0,daily_snapshot,,0
2026-07-15,11:30,690,420.0,455.0,490.0,350.0,175.0,0.0,0.0,3,14.0,normal,455.0,455.0,420.0,455.0,0.0,daily_snapshot,,0
2026-07-15,12:00,720,420.0,455.0,490.0,350.0,175.0,0.0,0.0,3,14.0,normal,455.0,455.0,455.0,0.0,490.0,daily_snapshot,,0
2026-07-15,12:30,750,420.0,455.0,490.0,350.0,175.0,0.0,0.0,3,14.0,normal,0.0,455.0,455.0,490.0,490.0,daily_snapshot,,0
2026-07-15,13:00,780,420.0,455.0,490.0,350.0,175.0,0.0,0.0,3,14.0,normal,490.0,0.0,455.0,490.0,490.0,daily_snapshot,,0
2026-07-15,13:30,810,420.0,455.0,490.0,350.0,175.0,0.0,0.0,3,14.0,normal,490.0,490.0,0.0,490.0,350.0,daily_snapshot,,0
2026-07-15,14:00,840,420.0,455.0,490.0,350.0,175.0,0.0,0.0,3,14.0,normal,490.0,490.0,490.0,350.0,350.0,daily_snapshot,,0
2026-07-15,14:30,870,420.0,455.0,490.0,350.0,175.0,0.0,0.0,3,14.0,normal,350.0,490.0,490.0,350.0,350.0,daily_snapshot,,0
2026-07-15,15:00,900,420.0,455.0,490.0,350.0,175.0,0.0,0.0,3,14.0,normal,350.0,350.0,490.0,350.0,350.0,daily_snapshot,,0
2026-07-15,15:30,930,420.0,455.0,490.0,350.0,175.0,0.0,0.0,3,14.0,normal,350.0,350.0,350.0,350.0,175.0,daily_snapshot,,0
2026-07-15,16:00,960,420.0,455.0,490.0,350.0,175.0,0.0,0.0,3,14.0,normal,350.0,350.0,350.0,175.0,175.0,daily_snapshot,,0
2026-07-15,16:30,990,420.0,455.0,490.0,350.0,175.0,0.0,0.0,3,14.0,normal,175.0,350.0,350.0,175.0,175.0,daily_snapshot,,0
2026-07-15,17:00,1020,420.0,455.0,490.0,350.0,175.0,0.0,0.0,3,14.0,normal,175.0,175.0,350.0,175.0,0.0,daily_snapshot,,0
2026-07-15,17:30,1050,420.0,455.0,490.0,350.0,175.0,0.0,0.0,3,14.0,normal,175.0,175.0,175.0,0.0,0.0,daily_snapshot,,0
2026-07-15,18:00,1080,420.0,455.0,490.0,350.0,175.0,0.0,0.0,3,14.0,normal,0.0,175.0,175.0,0.0,0.0,daily_snapshot,,0
2026-07-15,18:30,1110,420.0,455.0,490.0,350.0,175.0,0.0,0.0,3,14.0,normal,0.0,0.0,175.0,0.0,0.0,daily_snapshot,,0
2026-07-15,19:00,1140,420.0,455.0,490.0,350.0,175.0,0.0,0.0,3,14.0,normal,0.0,0.0,0.0,0.0,0.0,daily_snapshot,,0
2026-07-15,19:30,1170,420.0,455.0,490.0,350.0,175.0,0.0,0.0,3,14.0,normal,0.0,0.0,0.0,0.0,0.0,daily_snapshot,,0
2026-07-15,20:00,1200,420.0,455.0,490.0,350.0,175.0,0.0,0.0,3,14.0,normal,0.0,0.0,0.0,0.0,0.0,daily_snapshot,,0
2026-07-15,20:30,1230,420.0,455.0,490.0,350.0,175.0,0.0,0.0,3,14.0,normal,0.0,0.0,0.0,0.0,0.0,daily_snapshot,,0
2026-07-15,21:00,1260,420.0,455.0,490.0,350.0,175.0,0.0,0.0,3,14.0,normal,0.0,0.0,0.0,0.0,0.0,daily_snapshot,,0
2026-07-15,21:30,1290,420.0,455.0,490.0,350.0,175.0,0.0,0.0,3,14.0,normal,0.0,0.0,0.0,0.0,0.0,daily_snapshot,,0
2026-07-16,07:00,420,350.0,455.0,490.0,420.0,385.0,35.0,0.0,4,14.0,normal,0.0,0.0,0.0,0.0,0.0,daily_snapshot,,0
2026-07-16,07:30,450,350.0,455.0,490.0,420.0,385.0,35.0,0.0,4,14.0,normal,0.0,0.0,0.0,0.0,0.0,daily_snapshot,,0
2026-07-16,08:00,480,350.0,455.0,490.0,420.0,385.0,35.0,0.0,4,14.0,normal,0.0,0.0,0.0,0.0,0.0,daily_snapshot,,0
2026-07-16,08:30,510,350.0,455.0,490.0,420.0,385.0,35.0,0.0,4,14.0,normal,0.0,0.0,0.0,0.0,350.0,daily_snapshot,,0
2026-07-16,09:00,540,350.0,455.0,490.0,420.0,385.0,35.0,0.0,4,14.0,normal,0.0,0.0,0.0,350.0,350.0,daily_snapshot,,0
2026-07-16,09:30,570,350.0,455.0,490.0,420.0,385.0,35.0,0.0,4,14.0,normal,350.0,0.0,0.0,350.0,350.0,daily_snapshot,,0
2026-07-16,10:00,600,350.0,455.0,490.0,420.0,385.0,35.0,0.0,4,14.0,normal,350.0,350.0,0.0,350.0,455.0,daily_snapshot,,0
2026-07-16,10:30,630,350.0,455.0,490.0,420.0,385.0,35.0,0.0,4,14.0,normal,350.0,350.0,350.0,455.0,455.0,daily_snapshot,,0
2026-07-16,11:00,660,350.0,455.0,490.0,420.0,385.0,35.0,0.0,4,14.0,normal,455.0,350.0,350.0,455.0,455.0,daily_snapshot,,0
2026-07-16,11:30,690,350.0,455.0,490.0,420.0,385.0,35.0,0.0,4,14.0,normal,455.0,455.0,350.0,455.0,0.0,daily_snapshot,,0
2026-07-16,12:00,720,350.0,455.0,490.0,420.0,385.0,35.0,0.0,4,14.0,normal,455.0,455.0,455.0,0.0,490.0,daily_snapshot,,0
2026-07-16,12:30,750,350.0,455.0,490.0,420.0,385.0,35.0,0.0,4,14.0,normal,0.0,455.0,455.0,490.0,490.0,daily_snapshot,,0
2026-07-16,13:00,780,350.0,455.0,490.0,420.0,385.0,35.0,0.0,4,14.0,normal,490.0,0.0,455.0,490.0,490.0,daily_snapshot,,0
2026-07-16,13:30,810,350.0,455.0,490.0,420.0,385.0,35.0,0.0,4,14.0,normal,490.0,490.0,0.0,490.0,420.0,daily_snapshot,,0
2026-07-16,14:00,840,350.0,455.0,490.0,420.0,385.0,35.0,0.0,4,14.0,normal,490.0,490.0,490.0,420.0,420.0,daily_snapshot,,0
2026-07-16,14:30,870,350.0,455.0,490.0,420.0,385.0,35.0,0.0,4,14.0,normal,420.0,490.0,490.0,420.0,420.0,daily_snapshot,,0
2026-07-16,15:00,900,350.0,455.0,490.0,420.0,385.0,35.0,0.0,4,14.0,normal,420.0,420.0,490.0,420.0,420.0,daily_snapshot,,0
2026-07-16,15:30,930,350.0,455.0,490.0,420.0,385.0,35.0,0.0,4,14.0,normal,420.0,420.0,420.0,420.0,385.0,daily_snapshot,,0
2026-07-16,16:00,960,350.0,455.0,490.0,420.0,385.0,35.0,0.0,4,14.0,normal,420.0,420.0,420.0,385.0,385.0,daily_snapshot,,0
2026-07-16,16:30,990,350.0,455.0,490.0,420.0,385.0,35.0,0.0,4,14.0,normal,385.0,420.0,420.0,385.0,385.0,daily_snapshot,,0
2026-07-16,17:00,1020,350.0,455.0,490.0,420.0,385.0,35.0,0.0,4,14.0,normal,385.0,385.0,420.0,385.0,35.0,daily_snapshot,,0
2026-07-16,17:30,1050,350.0,455.0,490.0,420.0,385.0,35.0,0.0,4,14.0,normal,385.0,385.0,385.0,35.0,35.0,daily_snapshot,,0
2026-07-16,18:00,1080,350.0,455.0,490.0,420.0,385.0,35.0,0.0,4,14.0,normal,35.0,385.0,385.0,35.0,35.0,daily_snapshot,,0
2026-07-16,18:30,1110,350.0,455.0,490.0,420.0,385.0,35.0,0.0,4,14.0,normal,35.0,35.0,385.0,35.0,0.0,daily_snapshot,,0
2026-07-16,19:00,1140,350.0,455.0,490.0,420.0,385.0,35.0,0.0,4,14.0,normal,35.0,35.0,35.0,0.0,0.0,daily_snapshot,,0
2026-07-16,19:30,1170,350.0,455.0,490.0,420.0,385.0,35.0,0.0,4,14.0,normal,0.0,35.0,35.0,0.0,0.0,daily_snapshot,,0
2026-07-16,20:00,1200,350.0,455.0,490.0,420.0,385.0,35.0,0.0,4,14.0,normal,0.0,0.0,35.0,0.0,0.0,daily_snapshot,,0
2026-07-16,20:30,1230,350.0,455.0,490.0,420.0,385.0,35.0,0.0,4,14.0,normal,0.0,0.0,0.0,0.0,0.0,daily_snapshot,,0
2026-07-16,21:00,1260,350.0,455.0,490.0,420.0,385.0,35.0,0.0,4,14.0,normal,0.0,0.0,0.0,0.0,0.0,daily_snapshot,,0
2026-07-16,21:30,1290,350.0,455.0,490.0,420.0,385.0,35.0,0.0,4,14.0,normal,0.0,0.0,0.0,0.0,0.0,daily_snapshot,,0
2026-07-17,07:00,420,455.0,420.0,420.0,455.0,315.0,70.0,0.0,5,14.0,normal,0.0,0.0,0.0,0.0,0.0,daily_snapshot,,0
2026-07-17,07:30,450,455.0,420.0,420.0,455.0,315.0,70.0,0.0,5,14.0,normal,0.0,0.0,0.0,0.0,0.0,daily_snapshot,,0
2026-07-17,08:00,480,455.0,420.0,420.0,455.0,315.0,70.0,0.0,5,14.0,normal,0.0,0.0,0.0,0.0,0.0,daily_snapshot,,0
2026-07-17,08:30,510,455.0,420.0,420.0,455.0,315.0,70.0,0.0,5,14.0,normal,0.0,0.0,0.0,0.0,455.0,daily_snapshot,,0
2026-07-17,09:00,540,455.0,420.0,420.0,455.0,315.0,70.0,0.0,5,14.0,normal,0.0,0.0,0.0,455.0,455.0,daily_snapshot,,0
2026-07-17,09:30,570,455.0,420.0,420.0,455.0,315.0,70.0,0.0,5,14.0,normal,455.0,0.0,0.0,455.0,455.0,daily_snapshot,,0
2026-07-17,10:00,600,455.0,420.0,420.0,455.0,315.0,70.0,0.0,5,14.0,normal,455.0,455.0,0.0,455.0,420.0,daily_snapshot,,0
2026-07-17,10:30,630,455.0,420.0,420.0,455.0,315.0,70.0,0.0,5,14.0,normal,455.0,455.0,455.0,420.0,420.0,daily_snapshot,,0
2026-07-17,11:00,660,455.0,420.0,420.0,455.0,315.0,70.0,0.0,5,14.0,normal,420.0,455.0,455.0,420.0,420.0,daily_snapshot,,0
2026-07-17,11:30,690,455.0,420.0,420.0,455.0,315.0,70.0,0.0,5,14.0,normal,420.0,420.0,455.0,420.0,0.0,daily_snapshot,,0
2026-07-17,12:00,720,455.0,420.0,420.0,455.0,315.0,70.0,0.0,5,14.0,normal,420.0,420.0,420.0,0.0,420.0,daily_snapshot,,0
2026-07-17,12:30,750,455.0,420.0,420.0,455.0,315.0,70.0,0.0,5,14.0,normal,0.0,420.0,420.0,420.0,420.0,daily_snapshot,,0
2026-07-17,13:00,780,455.0,420.0,420.0,455.0,315.0,70.0,0.0,5,14.0,normal,420.0,0.0,420.0,420.0,420.0,daily_snapshot,,0
2026-07-17,13:30,810,455.0,420.0,420.0,455.0,315.0,70.0,0.0,5,14.0,normal,420.0,420.0,0.0,420.0,455.0,daily_snapshot,,0
2026-07-17,14:00,840,455.0,420.0,420.0,455.0,315.0,70.0,0.0,5,14.0,normal,420.0,420.0,420.0,455.0,455.0,daily_snapshot,,0
2026-07-17,14:30,870,455.0,420.0,420.0,455.0,315.0,70.0,0.0,5,14.0,normal,455.0,420.0,420.0,455.0,455.0,daily_snapshot,,0
2026-07-17,15:00,900,455.0,420.0,420.0,455.0,315.0,70.0,0.0,5,14.0,normal,455.0,455.0,420.0,455.0,455.0,daily_snapshot,,0
2026-07-17,15:30,930,455.0,420.0,420.0,455.0,315.0,70.0,0.0,5,14.0,normal,455.0,455.0,455.0,455.0,315.0,daily_snapshot,,0
2026-07-17,16:00,960,455.0,420.0,420.0,455.0,315.0,70.0,0.0,5,14.0,normal,455.0,455.0,455.0,315.0,315.0,daily_snapshot,,0
2026-07-17,16:30,990,455.0,420.0,420.0,455.0,315.0,70.0,0.0,5,14.0,normal,315.0,455.0,455.0,315.0,315.0,daily_snapshot,,0
2026-07-17,17:00,1020,455.0,420.0,420.0,455.0,315.0,70.0,0.0,5,14.0,normal,315.0,315.0,455.0,315.0,70.0,daily_snapshot,,0
2026-07-17,17:30,1050,455.0,420.0,420.0,455.0,315.0,70.0,0.0,5,14.0,normal,315.0,315.0,315.0,70.0,70.0,daily_snapshot,,0
2026-07-17,18:00,1080,455.0,420.0,420.0,455.0,315.0,70.0,0.0,5,14.0,normal,70.0,315.0,315.0,70.0,70.0,daily_snapshot,,0
2026-07-17,18:30,1110,455.0,420.0,420.0,455.0,315.0,70.0,0.0,5,14.0,normal,70.0,70.0,315.0,70.0,0.0,daily_snapshot,,0
2026-07-17,19:00,1140,455.0,420.0,420.0,455.0,315.0,70.0,0.0,5,14.0,normal,70.0,70.0,70.0,0.0,0.0,daily_snapshot,,0
2026-07-17,19:30,1170,455.0,420.0,420.0,455.0,315.0,70.0,0.0,5,14.0,normal,0.0,70.0,70.0,0.0,0.0,daily_snapshot,,0
2026-07-17,20:00,1200,455.0,420.0,420.0,455.0,315.0,70.0,0.0,5,14.0,normal,0.0,0.0,70.0,0.0,0.0,daily_snapshot,,0
2026-07-17,20:30,1230,455.0,420.0,420.0,455.0,315.0,70.0,0.0,5,14.0,normal,0.0,0.0,0.0,0.0,0.0,daily_snapshot,,0
2026-07-17,21:00,1260,455.0,420.0,420.0,455.0,315.0,70.0,0.0,5,14.0,normal,0.0,0.0,0.0,0.0,0.0,daily_snapshot,,0
2026-07-17,21:30,1290,455.0,420.0,420.0,455.0,315.0,70.0,0.0,5,14.0,normal,0.0,0.0,0.0,0.0,0.0,daily_snapshot,,0
2026-07-18,07:00,420,0.0,0.0,0.0,0.0,0.0,0.0,0.0,6,,closed,0.0,0.0,0.0,0.0,0.0,daily_snapshot,,0
2026-07-18,07:30,450,0.0,0.0,0.0,0.0,0.0,0.0,0.0,6,,closed,0.0,0.0,0.0,0.0,0.0,daily_snapshot,,0
2026-07-18,08:00,480,0.0,0.0,0.0,0.0,0.0,0.0,0.0,6,,closed,0.0,0.0,0.0,0.0,0.0,daily_snapshot,,0
2026-07-18,08:30,510,0.0,0.0,0.0,0.0,0.0,0.0,0.0,6,,closed,0.0,0.0,0.0,0.0,0.0,daily_snapshot,,0
2026-07-18,09:00,540,0.0,0.0,0.0,0.0,0.0,0.0,0.0,6,,closed,0.0,0.0,0.0,0.0,0.0,daily_snapshot,,0
2026-07-18,09:30,570,0.0,0.0,0.0,0.0,0.0,0.0,0.0,6,,closed,0.0,0.0,0.0,0.0,0.0,daily_snapshot,,0
2026-07-18,10:00,600,0.0,0.0,0.0,0.0,0.0,0.0,0.0,6,,closed,0.0,0.0,0.0,0.0,0.0,daily_snapshot,,0
2026-07-18,10:30,630,0.0,0.0,0.0,0.0,0.0,0.0,0.0,6,,closed,0.0,0.0,0.0,0.0,0.0,daily_snapshot,,0
2026-07-18,11:00,660,0.0,0.0,0.0,0.0,0.0,0.0,0.0,6,,closed,0.0,0.0,0.0,0.0,0.0,daily_snapshot,,0
2026-07-18,11:30,690,0.0,0.0,0.0,0.0,0.0,0.0,0.0,6,,closed,0.0,0.0,0.0,0.0,0.0,daily_snapshot,,0
2026-07-18,12:00,720,0.0,0.0,0.0,0.0,0.0,0.0,0.0,6,,closed,0.0,0.0,0.0,0.0,0.0,daily_snapshot,,0
2026-07-18,12:30,750,0.0,0.0,0.0,0.0,0.0,0.0,0.0,6,,closed,0.0,0.0,0.0,0.0,0.0,daily_snapshot,,0
2026-07-18,13:00,780,0.0,0.0,0.0,0.0,0.0,0.0,0.0,6,,closed,0.0,0.0,0.0,0.0,0.0,daily_snapshot,,0
2026-07-18,13:30,810,0.0,0.0,0.0,0.0,0.0,0.0,0.0,6,,closed,0.0,0.0,0.0,0.0,0.0,daily_snapshot,,0
2026-07-18,14:00,840,0.0,0.0,0.0,0.0,0.0,0.0,0.0,6,,closed,0.0,0.0,0.0,0.0,0.0,daily_snapshot,,0
2026-07-18,14:30,870,0.0,0.0,0.0,0.0,0.0,0.0,0.0,6,,closed,0.0,0.0,0.0,0.0,0.0,daily_snapshot,,0
2026-07-18,15:00,900,0.0,0.0,0.0,0.0,0.0,0.0,0.0,6,,closed,0.0,0.0,0.0,0.0,0.0,daily_snapshot,,0
2026-07-18,15:30,930,0.0,0.0,0.0,0.0,0.0,0.0,0.0,6,,closed,0.0,0.0,0.0,0.0,0.0,daily_snapshot,,0
2026-07-18,16:00,960,0.0,0.0,0.0,0.0,0.0,0.0,0.0,6,,closed,0.0,0.0,0.0,0.0,0.0,daily_snapshot,,0
2026-07-18,16:30,990,0.0,0.0,0.0,0.0,0.0,0.0,0.0,6,,closed,0.0,0.0,0.0,0.0,0.0,daily_snapshot,,0
2026-07-18,17:00,1020,0.0,0.0,0.0,0.0,0.0,0.0,0.0,6,,closed,0.0,0.0,0.0,0.0,0.0,daily_snapshot,,0
2026-07-18,17:30,1050,0.0,0.0,0.0,0.0,0.0,0.0,0.0,6,,closed,0.0,0.0,0.0,0.0,0.0,daily_snapshot,,0
2026-07-18,18:00,1080,0.0,0.0,0.0,0.0,0.0,0.0,0.0,6,,closed,0.0,0.0,0.0,0.0,0.0,daily_snapshot,,0
2026-07-18,18:30,1110,0.0,0.0,0.0,0.0,0.0,0.0,0.0,6,,closed,0.0,0.0,0.0,0.0,0.0,daily_snapshot,,0
2026-07-18,19:00,1140,0.0,0.0,0.0,0.0,0.0,0.0,0.0,6,,closed,0.0,0.0,0.0,0.0,0.0,daily_snapshot,,0
2026-07-18,19:30,1170,0.0,0.0,0.0,0.0,0.0,0.0,0.0,6,,closed,0.0,0.0,0.0,0.0,0.0,daily_snapshot,,0
2026-07-18,20:00,1200,0.0,0.0,0.0,0.0,0.0,0.0,0.0,6,,closed,0.0,0.0,0.0,0.0,0.0,daily_snapshot,,0
2026-07-18,20:30,1230,0.0,0.0,0.0,0.0,0.0,0.0,0.0,6,,closed,0.0,0.0,0.0,0.0,0.0,daily_snapshot,,0
2026-07-18,21:00,1260,0.0,0.0,0.0,0.0,0.0,0.0,0.0,6,,closed,0.0,0.0,0.0,0.0,0.0,daily_snapshot,,0
2026-07-18,21:30,1290,0.0,0.0,0.0,0.0,0.0,0.0,0.0,6,,closed,0.0,0.0,0.0,0.0,0.0,daily_snapshot,,0
2026-07-19,07:00,420,0.0,0.0,0.0,0.0,0.0,0.0,0.0,7,,closed,0.0,0.0,0.0,0.0,0.0,daily_snapshot,,0
2026-07-19,07:30,450,0.0,0.0,0.0,0.0,0.0,0.0,0.0,7,,closed,0.0,0.0,0.0,0.0,0.0,daily_snapshot,,0
2026-07-19,08:00,480,0.0,0.0,0.0,0.0,0.0,0.0,0.0,7,,closed,0.0,0.0,0.0,0.0,0.0,daily_snapshot,,0
2026-07-19,08:30,510,0.0,0.0,0.0,0.0,0.0,0.0,0.0,7,,closed,0.0,0.0,0.0,0.0,0.0,daily_snapshot,,0
2026-07-19,09:00,540,0.0,0.0,0.0,0.0,0.0,0.0,0.0,7,,closed,0.0,0.0,0.0,0.0,0.0,daily_snapshot,,0
2026-07-19,09:30,570,0.0,0.0,0.0,0.0,0.0,0.0,0.0,7,,closed,0.0,0.0,0.0,0.0,0.0,daily_snapshot,,0
2026-07-19,10:00,600,0.0,0.0,0.0,0.0,0.0,0.0,0.0,7,,closed,0.0,0.0,0.0,0.0,0.0,daily_snapshot,,0
2026-07-19,10:30,630,0.0,0.0,0.0,0.0,0.0,0.0,0.0,7,,closed,0.0,0.0,0.0,0.0,0.0,daily_snapshot,,0
2026-07-19,11:00,660,0.0,0.0,0.0,0.0,0.0,0.0,0.0,7,,closed,0.0,0.0,0.0,0.0,0.0,daily_snapshot,,0
2026-07-19,11:30,690,0.0,0.0,0.0,0.0,0.0,0.0,0.0,7,,closed,0.0,0.0,0.0,0.0,0.0,daily_snapshot,,0
2026-07-19,12:00,720,0.0,0.0,0.0,0.0,0.0,0.0,0.0,7,,closed,0.0,0.0,0.0,0.0,0.0,daily_snapshot,,0
2026-07-19,12:30,750,0.0,0.0,0.0,0.0,0.0,0.0,0.0,7,,closed,0.0,0.0,0.0,0.0,0.0,daily_snapshot,,0
2026-07-19,13:00,780,0.0,0.0,0.0,0.0,0.0,0.0,0.0,7,,closed,0.0,0.0,0.0,0.0,0.0,daily_snapshot,,0
2026-07-19,13:30,810,0.0,0.0,0.0,0.0,0.0,0.0,0.0,7,,closed,0.0,0.0,0.0,0.0,0.0,daily_snapshot,,0
2026-07-19,14:00,840,0.0,0.0,0.0,0.0,0.0,0.0,0.0,7,,closed,0.0,0.0,0.0,0.0,0.0,daily_snapshot,,0
2026-07-19,14:30,870,0.0,0.0,0.0,0.0,0.0,0.0,0.0,7,,closed,0.0,0.0,0.0,0.0,0.0,daily_snapshot,,0
2026-07-19,15:00,900,0.0,0.0,0.0,0.0,0.0,0.0,0.0,7,,closed,0.0,0.0,0.0,0.0,0.0,daily_snapshot,,0
2026-07-19,15:30,930,0.0,0.0,0.0,0.0,0.0,0.0,0.0,7,,closed,0.0,0.0,0.0,0.0,0.0,daily_snapshot,,0
2026-07-19,16:00,960,0.0,0.0,0.0,0.0,0.0,0.0,0.0,7,,closed,0.0,0.0,0.0,0.0,0.0,daily_snapshot,,0
2026-07-19,16:30,990,0.0,0.0,0.0,0.0,0.0,0.0,0.0,7,,closed,0.0,0.0,0.0,0.0,0.0,daily_snapshot,,0
2026-07-19,17:00,1020,0.0,0.0,0.0,0.0,0.0,0.0,0.0,7,,closed,0.0,0.0,0.0,0.0,0.0,daily_snapshot,,0
2026-07-19,17:30,1050,0.0,0.0,0.0,0.0,0.0,0.0,0.0,7,,closed,0.0,0.0,0.0,0.0,0.0,daily_snapshot,,0
2026-07-19,18:00,1080,0.0,0.0,0.0,0.0,0.0,0.0,0.0,7,,closed,0.0,0.0,0.0,0.0,0.0,daily_snapshot,,0
2026-07-19,18:30,1110,0.0,0.0,0.0,0.0,0.0,0.0,0.0,7,,closed,0.0,0.0,0.0,0.0,0.0,daily_snapshot,,0
2026-07-19,19:00,1140,0.0,0.0,0.0,0.0,0.0,0.0,0.0,7,,closed,0.0,0.0,0.0,0.0,0.0,daily_snapshot,,0
2026-07-19,19:30,1170,0.0,0.0,0.0,0.0,0.0,0.0,0.0,7,,closed,0.0,0.0,0.0,0.0,0.0,daily_snapshot,,0
2026-07-19,20:00,1200,0.0,0.0,0.0,0.0,0.0,0.0,0.0,7,,closed,0.0,0.0,0.0,0.0,0.0,daily_snapshot,,0
2026-07-19,20:30,1230,0.0,0.0,0.0,0.0,0.0,0.0,0.0,7,,closed,0.0,0.0,0.0,0.0,0.0,daily_snapshot,,0
2026-07-19,21:00,1260,0.0,0.0,0.0,0.0,0.0,0.0,0.0,7,,closed,0.0,0.0,0.0,0.0,0.0,daily_snapshot,,0
2026-07-19,21:30,1290,0.0,0.0,0.0,0.0,0.0,0.0,0.0,7,,closed,0.0,0.0,0.0,0.0,0.0,daily_snapshot,,0
2026-07-20,07:00,420,420.0,420.0,420.0,490.0,560.0,210.0,0.0,1,14.0,normal,0.0,0.0,0.0,0.0,0.0,daily_snapshot,,0
2026-07-20,07:30,450,420.0,420.0,420.0,490.0,560.0,210.0,0.0,1,14.0,normal,0.0,0.0,0.0,0.0,0.0,daily_snapshot,,0
2026-07-20,08:00,480,420.0,420.0,420.0,490.0,560.0,210.0,0.0,1,14.0,normal,0.0,0.0,0.0,0.0,0.0,daily_snapshot,,0
2026-07-20,08:30,510,420.0,420.0,420.0,490.0,560.0,210.0,0.0,1,14.0,normal,0.0,0.0,0.0,0.0,420.0,daily_snapshot,,0
2026-07-20,09:00,540,420.0,420.0,420.0,490.0,560.0,210.0,0.0,1,14.0,normal,0.0,0.0,0.0,420.0,420.0,daily_snapshot,,0
2026-07-20,09:30,570,420.0,420.0,420.0,490.0,560.0,210.0,0.0,1,14.0,normal,420.0,0.0,0.0,420.0,420.0,daily_snapshot,,0
2026-07-20,10:00,600,420.0,420.0,420.0,490.0,560.0,210.0,0.0,1,14.0,normal,420.0,420.0,0.0,420.0,420.0,daily_snapshot,,0
2026-07-20,10:30,630,420.0,420.0,420.0,490.0,560.0,210.0,0.0,1,14.0,normal,420.0,420.0,420.0,420.0,420.0,daily_snapshot,,0
2026-07-20,11:00,660,420.0,420.0,420.0,490.0,560.0,210.0,0.0,1,14.0,normal,420.0,420.0,420.0,420.0,420.0,daily_snapshot,,0
2026-07-20,11:30,690,420.0,420.0,420.0,490.0,560.0,210.0,0.0,1,14.0,normal,420.0,420.0,420.0,420.0,0.0,daily_snapshot,,0
2026-07-20,12:00,720,420.0,420.0,420.0,490.0,560.0,210.0,0.0,1,14.0,normal,420.0,420.0,420.0,0.0,420.0,daily_snapshot,,0
2026-07-20,12:30,750,420.0,420.0,420.0,490.0,560.0,210.0,0.0,1,14.0,normal,0.0,420.0,420.0,420.0,420.0,daily_snapshot,,0
2026-07-20,13:00,780,420.0,420.0,420.0,490.0,560.0,210.0,0.0,1,14.0,normal,420.0,0.0,420.0,420.0,420.0,daily_snapshot,,0
2026-07-20,13:30,810,420.0,420.0,420.0,490.0,560.0,210.0,0.0,1,14.0,normal,420.0,420.0,0.0,420.0,490.0,daily_snapshot,,0
2026-07-20,14:00,840,420.0,420.0,420.0,490.0,560.0,210.0,0.0,1,14.0,normal,420.0,420.0,420.0,490.0,490.0,daily_snapshot,,0
2026-07-20,14:30,870,420.0,420.0,420.0,490.0,560.0,210.0,0.0,1,14.0,normal,490.0,420.0,420.0,490.0,490.0,daily_snapshot,,0
2026-07-20,15:00,900,420.0,420.0,420.0,490.0,560.0,210.0,0.0,1,14.0,normal,490.0,490.0,420.0,490.0,490.0,daily_snapshot,,0
2026-07-20,15:30,930,420.0,420.0,420.0,490.0,560.0,210.0,0.0,1,14.0,normal,490.0,490.0,490.0,490.0,560.0,daily_snapshot,,0
2026-07-20,16:00,960,420.0,420.0,420.0,490.0,560.0,210.0,0.0,1,14.0,normal,490.0,490.0,490.0,560.0,560.0,daily_snapshot,,0
2026-07-20,16:30,990,420.0,420.0,420.0,490.0,560.0,210.0,0.0,1,14.0,normal,560.0,490.0,490.0,560.0,560.0,daily_snapshot,,0
2026-07-20,17:00,1020,420.0,420.0,420.0,490.0,560.0,210.0,0.0,1,14.0,normal,560.0,560.0,490.0,560.0,210.0,daily_snapshot,,0
2026-07-20,17:30,1050,420.0,420.0,420.0,490.0,560.0,210.0,0.0,1,14.0,normal,560.0,560.0,560.0,210.0,210.0,daily_snapshot,,0
2026-07-20,18:00,1080,420.0,420.0,420.0,490.0,560.0,210.0,0.0,1,14.0,normal,210.0,560.0,560.0,210.0,210.0,daily_snapshot,,0
2026-07-20,18:30,1110,420.0,420.0,420.0,490.0,560.0,210.0,0.0,1,14.0,normal,210.0,210.0,560.0,210.0,0.0,daily_snapshot,,0
2026-07-20,19:00,1140,420.0,420.0,420.0,490.0,560.0,210.0,0.0,1,14.0,normal,210.0,210.0,210.0,0.0,0.0,daily_snapshot,,0
2026-07-20,19:30,1170,420.0,420.0,420.0,490.0,560.0,210.0,0.0,1,14.0,normal,0.0,210.0,210.0,0.0,0.0,daily_snapshot,,0
2026-07-20,20:00,1200,420.0,420.0,420.0,490.0,560.0,210.0,0.0,1,14.0,normal,0.0,0.0,210.0,0.0,0.0,daily_snapshot,,0
2026-07-20,20:30,1230,420.0,420.0,420.0,490.0,560.0,210.0,0.0,1,14.0,normal,0.0,0.0,0.0,0.0,0.0,daily_snapshot,,0
2026-07-20,21:00,1260,420.0,420.0,420.0,490.0,560.0,210.0,0.0,1,14.0,normal,0.0,0.0,0.0,0.0,0.0,daily_snapshot,,0
2026-07-20,21:30,1290,420.0,420.0,420.0,490.0,560.0,210.0,0.0,1,14.0,normal,0.0,0.0,0.0,0.0,0.0,daily_snapshot,,0
2026-07-21,07:00,420,455.0,490.0,595.0,595.0,560.0,105.0,35.0,2,14.0,normal,0.0,0.0,0.0,0.0,0.0,daily_snapshot,,0
2026-07-21,07:30,450,455.0,490.0,595.0,595.0,560.0,105.0,35.0,2,14.0,normal,0.0,0.0,0.0,0.0,0.0,daily_snapshot,,0
2026-07-21,08:00,480,455.0,490.0,595.0,595.0,560.0,105.0,35.0,2,14.0,normal,0.0,0.0,0.0,0.0,0.0,daily_snapshot,,0
2026-07-21,08:30,510,455.0,490.0,595.0,595.0,560.0,105.0,35.0,2,14.0,normal,0.0,0.0,0.0,0.0,455.0,daily_snapshot,,0
2026-07-21,09:00,540,455.0,490.0,595.0,595.0,560.0,105.0,35.0,2,14.0,normal,0.0,0.0,0.0,455.0,455.0,daily_snapshot,,0
2026-07-21,09:30,570,455.0,490.0,595.0,595.0,560.0,105.0,35.0,2,14.0,normal,455.0,0.0,0.0,455.0,455.0,daily_snapshot,,0
2026-07-21,10:00,600,455.0,490.0,595.0,595.0,560.0,105.0,35.0,2,14.0,normal,455.0,455.0,0.0,455.0,490.0,daily_snapshot,,0
2026-07-21,10:30,630,455.0,490.0,595.0,595.0,560.0,105.0,35.0,2,14.0,normal,455.0,455.0,455.0,490.0,490.0,daily_snapshot,,0
2026-07-21,11:00,660,455.0,490.0,595.0,595.0,560.0,105.0,35.0,2,14.0,normal,490.0,455.0,455.0,490.0,490.0,daily_snapshot,,0
2026-07-21,11:30,690,455.0,490.0,595.0,595.0,560.0,105.0,35.0,2,14.0,normal,490.0,490.0,455.0,490.0,0.0,daily_snapshot,,0
2026-07-21,12:00,720,455.0,490.0,595.0,595.0,560.0,105.0,35.0,2,14.0,normal,490.0,490.0,490.0,0.0,595.0,daily_snapshot,,0
2026-07-21,12:30,750,455.0,490.0,595.0,595.0,560.0,105.0,35.0,2,14.0,normal,0.0,490.0,490.0,595.0,595.0,daily_snapshot,,0
2026-07-21,13:00,780,455.0,490.0,595.0,595.0,560.0,105.0,35.0,2,14.0,normal,595.0,0.0,490.0,595.0,595.0,daily_snapshot,,0
2026-07-21,13:30,810,455.0,490.0,595.0,595.0,560.0,105.0,35.0,2,14.0,normal,595.0,595.0,0.0,595.0,595.0,daily_snapshot,,0
2026-07-21,14:00,840,455.0,490.0,595.0,595.0,560.0,105.0,35.0,2,14.0,normal,595.0,595.0,595.0,595.0,595.0,daily_snapshot,,0
2026-07-21,14:30,870,455.0,490.0,595.0,595.0,560.0,105.0,35.0,2,14.0,normal,595.0,595.0,595.0,595.0,595.0,daily_snapshot,,0
2026-07-21,15:00,900,455.0,490.0,595.0,595.0,560.0,105.0,35.0,2,14.0,normal,595.0,595.0,595.0,595.0,595.0,daily_snapshot,,0
2026-07-21,15:30,930,455.0,490.0,595.0,595.0,560.0,105.0,35.0,2,14.0,normal,595.0,595.0,595.0,595.0,560.0,daily_snapshot,,0
2026-07-21,16:00,960,455.0,490.0,595.0,595.0,560.0,105.0,35.0,2,14.0,normal,595.0,595.0,595.0,560.0,560.0,daily_snapshot,,0
2026-07-21,16:30,990,455.0,490.0,595.0,595.0,560.0,105.0,35.0,2,14.0,normal,560.0,595.0,595.0,560.0,560.0,daily_snapshot,,0
2026-07-21,17:00,1020,455.0,490.0,595.0,595.0,560.0,105.0,35.0,2,14.0,normal,560.0,560.0,595.0,560.0,105.0,daily_snapshot,,0
2026-07-21,17:30,1050,455.0,490.0,595.0,595.0,560.0,105.0,35.0,2,14.0,normal,560.0,560.0,560.0,105.0,105.0,daily_snapshot,,0
2026-07-21,18:00,1080,455.0,490.0,595.0,595.0,560.0,105.0,35.0,2,14.0,normal,105.0,560.0,560.0,105.0,105.0,daily_snapshot,,0
2026-07-21,18:30,1110,455.0,490.0,595.0,595.0,560.0,105.0,35.0,2,14.0,normal,105.0,105.0,560.0,105.0,0.0,daily_snapshot,,0
2026-07-21,19:00,1140,455.0,490.0,595.0,595.0,560.0,105.0,35.0,2,14.0,normal,105.0,105.0,105.0,0.0,35.0,daily_snapshot,,0
2026-07-21,19:30,1170,455.0,490.0,595.0,595.0,560.0,105.0,35.0,2,14.0,normal,0.0,105.0,105.0,35.0,35.0,daily_snapshot,,0
2026-07-21,20:00,1200,455.0,490.0,595.0,595.0,560.0,105.0,35.0,2,14.0,normal,35.0,0.0,105.0,35.0,35.0,daily_snapshot,,0
2026-07-21,20:30,1230,455.0,490.0,595.0,595.0,560.0,105.0,35.0,2,14.0,normal,35.0,35.0,0.0,35.0,0.0,daily_snapshot,,0
2026-07-21,21:00,1260,455.0,490.0,595.0,595.0,560.0,105.0,35.0,2,14.0,normal,35.0,35.0,35.0,0.0,0.0,daily_snapshot,,0
2026-07-21,21:30,1290,455.0,490.0,595.0,595.0,560.0,105.0,35.0,2,14.0,normal,0.0,35.0,35.0,0.0,0.0,daily_snapshot,,0
2026-07-22,07:00,420,0.0,0.0,0.0,0.0,0.0,0.0,0.0,3,,closed,0.0,0.0,0.0,0.0,0.0,daily_snapshot,,0
2026-07-22,07:30,450,0.0,0.0,0.0,0.0,0.0,0.0,0.0,3,,closed,0.0,0.0,0.0,0.0,0.0,daily_snapshot,,0
2026-07-22,08:00,480,0.0,0.0,0.0,0.0,0.0,0.0,0.0,3,,closed,0.0,0.0,0.0,0.0,0.0,daily_snapshot,,0
2026-07-22,08:30,510,0.0,0.0,0.0,0.0,0.0,0.0,0.0,3,,closed,0.0,0.0,0.0,0.0,0.0,daily_snapshot,,0
2026-07-22,09:00,540,0.0,0.0,0.0,0.0,0.0,0.0,0.0,3,,closed,0.0,0.0,0.0,0.0,0.0,daily_snapshot,,0
2026-07-22,09:30,570,0.0,0.0,0.0,0.0,0.0,0.0,0.0,3,,closed,0.0,0.0,0.0,0.0,0.0,daily_snapshot,,0
2026-07-22,10:00,600,0.0,0.0,0.0,0.0,0.0,0.0,0.0,3,,closed,0.0,0.0,0.0,0.0,0.0,daily_snapshot,,0
2026-07-22,10:30,630,0.0,0.0,0.0,0.0,0.0,0.0,0.0,3,,closed,0.0,0.0,0.0,0.0,0.0,daily_snapshot,,0
2026-07-22,11:00,660,0.0,0.0,0.0,0.0,0.0,0.0,0.0,3,,closed,0.0,0.0,0.0,0.0,0.0,daily_snapshot,,0
2026-07-22,11:30,690,0.0,0.0,0.0,0.0,0.0,0.0,0.0,3,,closed,0.0,0.0,0.0,0.0,0.0,daily_snapshot,,0
2026-07-22,12:00,720,0.0,0.0,0.0,0.0,0.0,0.0,0.0,3,,closed,0.0,0.0,0.0,0.0,0.0,daily_snapshot,,0
2026-07-22,12:30,750,0.0,0.0,0.0,0.0,0.0,0.0,0.0,3,,closed,0.0,0.0,0.0,0.0,0.0,daily_snapshot,,0
2026-07-22,13:00,780,0.0,0.0,0.0,0.0,0.0,0.0,0.0,3,,closed,0.0,0.0,0.0,0.0,0.0,daily_snapshot,,0
2026-07-22,13:30,810,0.0,0.0,0.0,0.0,0.0,0.0,0.0,3,,closed,0.0,0.0,0.0,0.0,0.0,daily_snapshot,,0
2026-07-22,14:00,840,0.0,0.0,0.0,0.0,0.0,0.0,0.0,3,,closed,0.0,0.0,0.0,0.0,0.0,daily_snapshot,,0
2026-07-22,14:30,870,0.0,0.0,0.0,0.0,0.0,0.0,0.0,3,,closed,0.0,0.0,0.0,0.0,0.0,daily_snapshot,,0
2026-07-22,15:00,900,0.0,0.0,0.0,0.0,0.0,0.0,0.0,3,,closed,0.0,0.0,0.0,0.0,0.0,daily_snapshot,,0
2026-07-22,15:30,930,0.0,0.0,0.0,0.0,0.0,0.0,0.0,3,,closed,0.0,0.0,0.0,0.0,0.0,daily_snapshot,,0
2026-07-22,16:00,960,0.0,0.0,0.0,0.0,0.0,0.0,0.0,3,,closed,0.0,0.0,0.0,0.0,0.0,daily_snapshot,,0
2026-07-22,16:30,990,0.0,0.0,0.0,0.0,0.0,0.0,0.0,3,,closed,0.0,0.0,0.0,0.0,0.0,daily_snapshot,,0
2026-07-22,17:00,1020,0.0,0.0,0.0,0.0,0.0,0.0,0.0,3,,closed,0.0,0.0,0.0,0.0,0.0,daily_snapshot,,0
2026-07-22,17:30,1050,0.0,0.0,0.0,0.0,0.0,0.0,0.0,3,,closed,0.0,0.0,0.0,0.0,0.0,daily_snapshot,,0
2026-07-22,18:00,1080,0.0,0.0,0.0,0.0,0.0,0.0,0.0,3,,closed,0.0,0.0,0.0,0.0,0.0,daily_snapshot,,0
2026-07-22,18:30,1110,0.0,0.0,0.0,0.0,0.0,0.0,0.0,3,,closed,0.0,0.0,0.0,0.0,0.0,daily_snapshot,,0
2026-07-22,19:00,1140,0.0,0.0,0.0,0.0,0.0,0.0,0.0,3,,closed,0.0,0.0,0.0,0.0,0.0,daily_snapshot,,0
2026-07-22,19:30,1170,0.0,0.0,0.0,0.0,0.0,0.0,0.0,3,,closed,0.0,0.0,0.0,0.0,0.0,daily_snapshot,,0
2026-07-22,20:00,1200,0.0,0.0,0.0,0.0,0.0,0.0,0.0,3,,closed,0.0,0.0,0.0,0.0,0.0,daily_snapshot,,0
2026-07-22,20:30,1230,0.0,0.0,0.0,0.0,0.0,0.0,0.0,3,,closed,0.0,0.0,0.0,0.0,0.0,daily_snapshot,,0
2026-07-22,21:00,1260,0.0,0.0,0.0,0.0,0.0,0.0,0.0,3,,closed,0.0,0.0,0.0,0.0,0.0,daily_snapshot,,0
2026-07-22,21:30,1290,0.0,0.0,0.0,0.0,0.0,0.0,0.0,3,,closed,0.0,0.0,0.0,0.0,0.0,daily_snapshot,,0
2026-07-23,07:00,420,0.0,0.0,0.0,0.0,0.0,0.0,0.0,4,,closed,0.0,0.0,0.0,0.0,0.0,daily_snapshot,,0
2026-07-23,07:30,450,0.0,0.0,0.0,0.0,0.0,0.0,0.0,4,,closed,0.0,0.0,0.0,0.0,0.0,daily_snapshot,,0
2026-07-23,08:00,480,0.0,0.0,0.0,0.0,0.0,0.0,0.0,4,,closed,0.0,0.0,0.0,0.0,0.0,daily_snapshot,,0
2026-07-23,08:30,510,0.0,0.0,0.0,0.0,0.0,0.0,0.0,4,,closed,0.0,0.0,0.0,0.0,0.0,daily_snapshot,,0
2026-07-23,09:00,540,0.0,0.0,0.0,0.0,0.0,0.0,0.0,4,,closed,0.0,0.0,0.0,0.0,0.0,daily_snapshot,,0
2026-07-23,09:30,570,0.0,0.0,0.0,0.0,0.0,0.0,0.0,4,,closed,0.0,0.0,0.0,0.0,0.0,daily_snapshot,,0
2026-07-23,10:00,600,0.0,0.0,0.0,0.0,0.0,0.0,0.0,4,,closed,0.0,0.0,0.0,0.0,0.0,daily_snapshot,,0
2026-07-23,10:30,630,0.0,0.0,0.0,0.0,0.0,0.0,0.0,4,,closed,0.0,0.0,0.0,0.0,0.0,daily_snapshot,,0
2026-07-23,11:00,660,0.0,0.0,0.0,0.0,0.0,0.0,0.0,4,,closed,0.0,0.0,0.0,0.0,0.0,daily_snapshot,,0
2026-07-23,11:30,690,0.0,0.0,0.0,0.0,0.0,0.0,0.0,4,,closed,0.0,0.0,0.0,0.0,0.0,daily_snapshot,,0
2026-07-23,12:00,720,0.0,0.0,0.0,0.0,0.0,0.0,0.0,4,,closed,0.0,0.0,0.0,0.0,0.0,daily_snapshot,,0
2026-07-23,12:30,750,0.0,0.0,0.0,0.0,0.0,0.0,0.0,4,,closed,0.0,0.0,0.0,0.0,0.0,daily_snapshot,,0
2026-07-23,13:00,780,0.0,0.0,0.0,0.0,0.0,0.0,0.0,4,,closed,0.0,0.0,0.0,0.0,0.0,daily_snapshot,,0
2026-07-23,13:30,810,0.0,0.0,0.0,0.0,0.0,0.0,0.0,4,,closed,0.0,0.0,0.0,0.0,0.0,daily_snapshot,,0
2026-07-23,14:00,840,0.0,0.0,0.0,0.0,0.0,0.0,0.0,4,,closed,0.0,0.0,0.0,0.0,0.0,daily_snapshot,,0
2026-07-23,14:30,870,0.0,0.0,0.0,0.0,0.0,0.0,0.0,4,,closed,0.0,0.0,0.0,0.0,0.0,daily_snapshot,,0
2026-07-23,15:00,900,0.0,0.0,0.0,0.0,0.0,0.0,0.0,4,,closed,0.0,0.0,0.0,0.0,0.0,daily_snapshot,,0
2026-07-23,15:30,930,0.0,0.0,0.0,0.0,0.0,0.0,0.0,4,,closed,0.0,0.0,0.0,0.0,0.0,daily_snapshot,,0
2026-07-23,16:00,960,0.0,0.0,0.0,0.0,0.0,0.0,0.0,4,,closed,0.0,0.0,0.0,0.0,0.0,daily_snapshot,,0
2026-07-23,16:30,990,0.0,0.0,0.0,0.0,0.0,0.0,0.0,4,,closed,0.0,0.0,0.0,0.0,0.0,daily_snapshot,,0
2026-07-23,17:00,1020,0.0,0.0,0.0,0.0,0.0,0.0,0.0,4,,closed,0.0,0.0,0.0,0.0,0.0,daily_snapshot,,0
2026-07-23,17:30,1050,0.0,0.0,0.0,0.0,0.0,0.0,0.0,4,,closed,0.0,0.0,0.0,0.0,0.0,daily_snapshot,,0
2026-07-23,18:00,1080,0.0,0.0,0.0,0.0,0.0,0.0,0.0,4,,closed,0.0,0.0,0.0,0.0,0.0,daily_snapshot,,0
2026-07-23,18:30,1110,0.0,0.0,0.0,0.0,0.0,0.0,0.0,4,,closed,0.0,0.0,0.0,0.0,0.0,daily_snapshot,,0
2026-07-23,19:00,1140,0.0,0.0,0.0,0.0,0.0,0.0,0.0,4,,closed,0.0,0.0,0.0,0.0,0.0,daily_snapshot,,0
2026-07-23,19:30,1170,0.0,0.0,0.0,0.0,0.0,0.0,0.0,4,,closed,0.0,0.0,0.0,0.0,0.0,daily_snapshot,,0
2026-07-23,20:00,1200,0.0,0.0,0.0,0.0,0.0,0.0,0.0,4,,closed,0.0,0.0,0.0,0.0,0.0,daily_snapshot,,0
2026-07-23,20:30,1230,0.0,0.0,0.0,0.0,0.0,0.0,0.0,4,,closed,0.0,0.0,0.0,0.0,0.0,daily_snapshot,,0
2026-07-23,21:00,1260,0.0,0.0,0.0,0.0,0.0,0.0,0.0,4,,closed,0.0,0.0,0.0,0.0,0.0,daily_snapshot,,0
2026-07-23,21:30,1290,0.0,0.0,0.0,0.0,0.0,0.0,0.0,4,,closed,0.0,0.0,0.0,0.0,0.0,daily_snapshot,,0
2026-07-24,07:00,420,0.0,0.0,0.0,0.0,0.0,0.0,0.0,5,,closed,0.0,0.0,0.0,0.0,0.0,daily_snapshot,,0
2026-07-24,07:30,450,0.0,0.0,0.0,0.0,0.0,0.0,0.0,5,,closed,0.0,0.0,0.0,0.0,0.0,daily_snapshot,,0
2026-07-24,08:00,480,0.0,0.0,0.0,0.0,0.0,0.0,0.0,5,,closed,0.0,0.0,0.0,0.0,0.0,daily_snapshot,,0
2026-07-24,08:30,510,0.0,0.0,0.0,0.0,0.0,0.0,0.0,5,,closed,0.0,0.0,0.0,0.0,0.0,daily_snapshot,,0
2026-07-24,09:00,540,0.0,0.0,0.0,0.0,0.0,0.0,0.0,5,,closed,0.0,0.0,0.0,0.0,0.0,daily_snapshot,,0
2026-07-24,09:30,570,0.0,0.0,0.0,0.0,0.0,0.0,0.0,5,,closed,0.0,0.0,0.0,0.0,0.0,daily_snapshot,,0
2026-07-24,10:00,600,0.0,0.0,0.0,0.0,0.0,0.0,0.0,5,,closed,0.0,0.0,0.0,0.0,0.0,daily_snapshot,,0
2026-07-24,10:30,630,0.0,0.0,0.0,0.0,0.0,0.0,0.0,5,,closed,0.0,0.0,0.0,0.0,0.0,daily_snapshot,,0
2026-07-24,11:00,660,0.0,0.0,0.0,0.0,0.0,0.0,0.0,5,,closed,0.0,0.0,0.0,0.0,0.0,daily_snapshot,,0
2026-07-24,11:30,690,0.0,0.0,0.0,0.0,0.0,0.0,0.0,5,,closed,0.0,0.0,0.0,0.0,0.0,daily_snapshot,,0
2026-07-24,12:00,720,0.0,0.0,0.0,0.0,0.0,0.0,0.0,5,,closed,0.0,0.0,0.0,0.0,0.0,daily_snapshot,,0
2026-07-24,12:30,750,0.0,0.0,0.0,0.0,0.0,0.0,0.0,5,,closed,0.0,0.0,0.0,0.0,0.0,daily_snapshot,,0
2026-07-24,13:00,780,0.0,0.0,0.0,0.0,0.0,0.0,0.0,5,,closed,0.0,0.0,0.0,0.0,0.0,daily_snapshot,,0
2026-07-24,13:30,810,0.0,0.0,0.0,0.0,0.0,0.0,0.0,5,,closed,0.0,0.0,0.0,0.0,0.0,daily_snapshot,,0
2026-07-24,14:00,840,0.0,0.0,0.0,0.0,0.0,0.0,0.0,5,,closed,0.0,0.0,0.0,0.0,0.0,daily_snapshot,,0
2026-07-24,14:30,870,0.0,0.0,0.0,0.0,0.0,0.0,0.0,5,,closed,0.0,0.0,0.0,0.0,0.0,daily_snapshot,,0
2026-07-24,15:00,900,0.0,0.0,0.0,0.0,0.0,0.0,0.0,5,,closed,0.0,0.0,0.0,0.0,0.0,daily_snapshot,,0
2026-07-24,15:30,930,0.0,0.0,0.0,0.0,0.0,0.0,0.0,5,,closed,0.0,0.0,0.0,0.0,0.0,daily_snapshot,,0
2026-07-24,16:00,960,0.0,0.0,0.0,0.0,0.0,0.0,0.0,5,,closed,0.0,0.0,0.0,0.0,0.0,daily_snapshot,,0
2026-07-24,16:30,990,0.0,0.0,0.0,0.0,0.0,0.0,0.0,5,,closed,0.0,0.0,0.0,0.0,0.0,daily_snapshot,,0
2026-07-24,17:00,1020,0.0,0.0,0.0,0.0,0.0,0.0,0.0,5,,closed,0.0,0.0,0.0,0.0,0.0,daily_snapshot,,0
2026-07-24,17:30,1050,0.0,0.0,0.0,0.0,0.0,0.0,0.0,5,,closed,0.0,0.0,0.0,0.0,0.0,daily_snapshot,,0
2026-07-24,18:00,1080,0.0,0.0,0.0,0.0,0.0,0.0,0.0,5,,closed,0.0,0.0,0.0,0.0,0.0,daily_snapshot,,0
2026-07-24,18:30,1110,0.0,0.0,0.0,0.0,0.0,0.0,0.0,5,,closed,0.0,0.0,0.0,0.0,0.0,daily_snapshot,,0
2026-07-24,19:00,1140,0.0,0.0,0.0,0.0,0.0,0.0,0.0,5,,closed,0.0,0.0,0.0,0.0,0.0,daily_snapshot,,0
2026-07-24,19:30,1170,0.0,0.0,0.0,0.0,0.0,0.0,0.0,5,,closed,0.0,0.0,0.0,0.0,0.0,daily_snapshot,,0
2026-07-24,20:00,1200,0.0,0.0,0.0,0.0,0.0,0.0,0.0,5,,closed,0.0,0.0,0.0,0.0,0.0,daily_snapshot,,0
2026-07-24,20:30,1230,0.0,0.0,0.0,0.0,0.0,0.0,0.0,5,,closed,0.0,0.0,0.0,0.0,0.0,daily_snapshot,,0
2026-07-24,21:00,1260,0.0,0.0,0.0,0.0,0.0,0.0,0.0,5,,closed,0.0,0.0,0.0,0.0,0.0,daily_snapshot,,0
2026-07-24,21:30,1290,0.0,0.0,0.0,0.0,0.0,0.0,0.0,5,,closed,0.0,0.0,0.0,0.0,0.0,daily_snapshot,,0
2026-07-25,07:00,420,0.0,0.0,0.0,0.0,0.0,0.0,0.0,6,,closed,0.0,0.0,0.0,0.0,0.0,daily_snapshot,,0
2026-07-25,07:30,450,0.0,0.0,0.0,0.0,0.0,0.0,0.0,6,,closed,0.0,0.0,0.0,0.0,0.0,daily_snapshot,,0
2026-07-25,08:00,480,0.0,0.0,0.0,0.0,0.0,0.0,0.0,6,,closed,0.0,0.0,0.0,0.0,0.0,daily_snapshot,,0
2026-07-25,08:30,510,0.0,0.0,0.0,0.0,0.0,0.0,0.0,6,,closed,0.0,0.0,0.0,0.0,0.0,daily_snapshot,,0
2026-07-25,09:00,540,0.0,0.0,0.0,0.0,0.0,0.0,0.0,6,,closed,0.0,0.0,0.0,0.0,0.0,daily_snapshot,,0
2026-07-25,09:30,570,0.0,0.0,0.0,0.0,0.0,0.0,0.0,6,,closed,0.0,0.0,0.0,0.0,0.0,daily_snapshot,,0
2026-07-25,10:00,600,0.0,0.0,0.0,0.0,0.0,0.0,0.0,6,,closed,0.0,0.0,0.0,0.0,0.0,daily_snapshot,,0
2026-07-25,10:30,630,0.0,0.0,0.0,0.0,0.0,0.0,0.0,6,,closed,0.0,0.0,0.0,0.0,0.0,daily_snapshot,,0
2026-07-25,11:00,660,0.0,0.0,0.0,0.0,0.0,0.0,0.0,6,,closed,0.0,0.0,0.0,0.0,0.0,daily_snapshot,,0
2026-07-25,11:30,690,0.0,0.0,0.0,0.0,0.0,0.0,0.0,6,,closed,0.0,0.0,0.0,0.0,0.0,daily_snapshot,,0
2026-07-25,12:00,720,0.0,0.0,0.0,0.0,0.0,0.0,0.0,6,,closed,0.0,0.0,0.0,0.0,0.0,daily_snapshot,,0
2026-07-25,12:30,750,0.0,0.0,0.0,0.0,0.0,0.0,0.0,6,,closed,0.0,0.0,0.0,0.0,0.0,daily_snapshot,,0
2026-07-25,13:00,780,0.0,0.0,0.0,0.0,0.0,0.0,0.0,6,,closed,0.0,0.0,0.0,0.0,0.0,daily_snapshot,,0
2026-07-25,13:30,810,0.0,0.0,0.0,0.0,0.0,0.0,0.0,6,,closed,0.0,0.0,0.0,0.0,0.0,daily_snapshot,,0
2026-07-25,14:00,840,0.0,0.0,0.0,0.0,0.0,0.0,0.0,6,,closed,0.0,0.0,0.0,0.0,0.0,daily_snapshot,,0
2026-07-25,14:30,870,0.0,0.0,0.0,0.0,0.0,0.0,0.0,6,,closed,0.0,0.0,0.0,0.0,0.0,daily_snapshot,,0
2026-07-25,15:00,900,0.0,0.0,0.0,0.0,0.0,0.0,0.0,6,,closed,0.0,0.0,0.0,0.0,0.0,daily_snapshot,,0
2026-07-25,15:30,930,0.0,0.0,0.0,0.0,0.0,0.0,0.0,6,,closed,0.0,0.0,0.0,0.0,0.0,daily_snapshot,,0
2026-07-25,16:00,960,0.0,0.0,0.0,0.0,0.0,0.0,0.0,6,,closed,0.0,0.0,0.0,0.0,0.0,daily_snapshot,,0
2026-07-25,16:30,990,0.0,0.0,0.0,0.0,0.0,0.0,0.0,6,,closed,0.0,0.0,0.0,0.0,0.0,daily_snapshot,,0
2026-07-25,17:00,1020,0.0,0.0,0.0,0.0,0.0,0.0,0.0,6,,closed,0.0,0.0,0.0,0.0,0.0,daily_snapshot,,0
2026-07-25,17:30,1050,0.0,0.0,0.0,0.0,0.0,0.0,0.0,6,,closed,0.0,0.0,0.0,0.0,0.0,daily_snapshot,,0
2026-07-25,18:00,1080,0.0,0.0,0.0,0.0,0.0,0.0,0.0,6,,closed,0.0,0.0,0.0,0.0,0.0,daily_snapshot,,0
2026-07-25,18:30,1110,0.0,0.0,0.0,0.0,0.0,0.0,0.0,6,,closed,0.0,0.0,0.0,0.0,0.0,daily_snapshot,,0
2026-07-25,19:00,1140,0.0,0.0,0.0,0.0,0.0,0.0,0.0,6,,closed,0.0,0.0,0.0,0.0,0.0,daily_snapshot,,0
2026-07-25,19:30,1170,0.0,0.0,0.0,0.0,0.0,0.0,0.0,6,,closed,0.0,0.0,0.0,0.0,0.0,daily_snapshot,,0
2026-07-25,20:00,1200,0.0,0.0,0.0,0.0,0.0,0.0,0.0,6,,closed,0.0,0.0,0.0,0.0,0.0,daily_snapshot,,0
2026-07-25,20:30,1230,0.0,0.0,0.0,0.0,0.0,0.0,0.0,6,,closed,0.0,0.0,0.0,0.0,0.0,daily_snapshot,,0
2026-07-25,21:00,1260,0.0,0.0,0.0,0.0,0.0,0.0,0.0,6,,closed,0.0,0.0,0.0,0.0,0.0,daily_snapshot,,0
2026-07-25,21:30,1290,0.0,0.0,0.0,0.0,0.0,0.0,0.0,6,,closed,0.0,0.0,0.0,0.0,0.0,daily_snapshot,,0
2026-08-04,07:00,420,0.0,0.0,0.0,0.0,0.0,0.0,0.0,2,,closed,0.0,0.0,0.0,0.0,0.0,daily_snapshot,,0
2026-08-04,07:30,450,0.0,0.0,0.0,0.0,0.0,0.0,0.0,2,,closed,0.0,0.0,0.0,0.0,0.0,daily_snapshot,,0
2026-08-04,08:00,480,0.0,0.0,0.0,0.0,0.0,0.0,0.0,2,,closed,0.0,0.0,0.0,0.0,0.0,daily_snapshot,,0
2026-08-04,08:30,510,0.0,0.0,0.0,0.0,0.0,0.0,0.0,2,,closed,0.0,0.0,0.0,0.0,0.0,daily_snapshot,,0
2026-08-04,09:00,540,0.0,0.0,0.0,0.0,0.0,0.0,0.0,2,,closed,0.0,0.0,0.0,0.0,0.0,daily_snapshot,,0
2026-08-04,09:30,570,0.0,0.0,0.0,0.0,0.0,0.0,0.0,2,,closed,0.0,0.0,0.0,0.0,0.0,daily_snapshot,,0
2026-08-04,10:00,600,0.0,0.0,0.0,0.0,0.0,0.0,0.0,2,,closed,0.0,0.0,0.0,0.0,0.0,daily_snapshot,,0
2026-08-04,10:30,630,0.0,0.0,0.0,0.0,0.0,0.0,0.0,2,,closed,0.0,0.0,0.0,0.0,0.0,daily_snapshot,,0
2026-08-04,11:00,660,0.0,0.0,0.0,0.0,0.0,0.0,0.0,2,,closed,0.0,0.0,0.0,0.0,0.0,daily_snapshot,,0
2026-08-04,11:30,690,0.0,0.0,0.0,0.0,0.0,0.0,0.0,2,,closed,0.0,0.0,0.0,0.0,0.0,daily_snapshot,,0
2026-08-04,12:00,720,0.0,0.0,0.0,0.0,0.0,0.0,0.0,2,,closed,0.0,0.0,0.0,0.0,0.0,daily_snapshot,,0
2026-08-04,12:30,750,0.0,0.0,0.0,0.0,0.0,0.0,0.0,2,,closed,0.0,0.0,0.0,0.0,0.0,daily_snapshot,,0
2026-08-04,13:00,780,0.0,0.0,0.0,0.0,0.0,0.0,0.0,2,,closed,0.0,0.0,0.0,0.0,0.0,daily_snapshot,,0
2026-08-04,13:30,810,0.0,0.0,0.0,0.0,0.0,0.0,0.0,2,,closed,0.0,0.0,0.0,0.0,0.0,daily_snapshot,,0
2026-08-04,14:00,840,0.0,0.0,0.0,0.0,0.0,0.0,0.0,2,,closed,0.0,0.0,0.0,0.0,0.0,daily_snapshot,,0
2026-08-04,14:30,870,0.0,0.0,0.0,0.0,0.0,0.0,0.0,2,,closed,0.0,0.0,0.0,0.0,0.0,daily_snapshot,,0
2026-08-04,15:00,900,0.0,0.0,0.0,0.0,0.0,0.0,0.0,2,,closed,0.0,0.0,0.0,0.0,0.0,daily_snapshot,,0
2026-08-04,15:30,930,0.0,0.0,0.0,0.0,0.0,0.0,0.0,2,,closed,0.0,0.0,0.0,0.0,0.0,daily_snapshot,,0
2026-08-04,16:00,960,0.0,0.0,0.0,0.0,0.0,0.0,0.0,2,,closed,0.0,0.0,0.0,0.0,0.0,daily_snapshot,,0
2026-08-04,16:30,990,0.0,0.0,0.0,0.0,0.0,0.0,0.0,2,,closed,0.0,0.0,0.0,0.0,0.0,daily_snapshot,,0
2026-08-04,17:00,1020,0.0,0.0,0.0,0.0,0.0,0.0,0.0,2,,closed,0.0,0.0,0.0,0.0,0.0,daily_snapshot,,0
2026-08-04,17:30,1050,0.0,0.0,0.0,0.0,0.0,0.0,0.0,2,,closed,0.0,0.0,0.0,0.0,0.0,daily_snapshot,,0
2026-08-04,18:00,1080,0.0,0.0,0.0,0.0,0.0,0.0,0.0,2,,closed,0.0,0.0,0.0,0.0,0.0,daily_snapshot,,0
2026-08-04,18:30,1110,0.0,0.0,0.0,0.0,0.0,0.0,0.0,2,,closed,0.0,0.0,0.0,0.0,0.0,daily_snapshot,,0
2026-08-04,19:00,1140,0.0,0.0,0.0,0.0,0.0,0.0,0.0,2,,closed,0.0,0.0,0.0,0.0,0.0,daily_snapshot,,0
2026-08-04,19:30,1170,0.0,0.0,0.0,0.0,0.0,0.0,0.0,2,,closed,0.0,0.0,0.0,0.0,0.0,daily_snapshot,,0
2026-08-04,20:00,1200,0.0,0.0,0.0,0.0,0.0,0.0,0.0,2,,closed,0.0,0.0,0.0,0.0,0.0,daily_snapshot,,0
2026-08-04,20:30,1230,0.0,0.0,0.0,0.0,0.0,0.0,0.0,2,,closed,0.0,0.0,0.0,0.0,0.0,daily_snapshot,,0
2026-08-04,21:00,1260,0.0,0.0,0.0,0.0,0.0,0.0,0.0,2,,closed,0.0,0.0,0.0,0.0,0.0,daily_snapshot,,0
2026-08-04,21:30,1290,0.0,0.0,0.0,0.0,0.0,0.0,0.0,2,,closed,0.0,0.0,0.0,0.0,0.0,daily_snapshot,,0
2026-08-05,07:00,420,0.0,0.0,0.0,0.0,0.0,0.0,0.0,3,,closed,0.0,0.0,0.0,0.0,0.0,daily_snapshot,,0
2026-08-05,07:30,450,0.0,0.0,0.0,0.0,0.0,0.0,0.0,3,,closed,0.0,0.0,0.0,0.0,0.0,daily_snapshot,,0
2026-08-05,08:00,480,0.0,0.0,0.0,0.0,0.0,0.0,0.0,3,,closed,0.0,0.0,0.0,0.0,0.0,daily_snapshot,,0
2026-08-05,08:30,510,0.0,0.0,0.0,0.0,0.0,0.0,0.0,3,,closed,0.0,0.0,0.0,0.0,0.0,daily_snapshot,,0
2026-08-05,09:00,540,0.0,0.0,0.0,0.0,0.0,0.0,0.0,3,,closed,0.0,0.0,0.0,0.0,0.0,daily_snapshot,,0
2026-08-05,09:30,570,0.0,0.0,0.0,0.0,0.0,0.0,0.0,3,,closed,0.0,0.0,0.0,0.0,0.0,daily_snapshot,,0
2026-08-05,10:00,600,0.0,0.0,0.0,0.0,0.0,0.0,0.0,3,,closed,0.0,0.0,0.0,0.0,0.0,daily_snapshot,,0
2026-08-05,10:30,630,0.0,0.0,0.0,0.0,0.0,0.0,0.0,3,,closed,0.0,0.0,0.0,0.0,0.0,daily_snapshot,,0
2026-08-05,11:00,660,0.0,0.0,0.0,0.0,0.0,0.0,0.0,3,,closed,0.0,0.0,0.0,0.0,0.0,daily_snapshot,,0
2026-08-05,11:30,690,0.0,0.0,0.0,0.0,0.0,0.0,0.0,3,,closed,0.0,0.0,0.0,0.0,0.0,daily_snapshot,,0
2026-08-05,12:00,720,0.0,0.0,0.0,0.0,0.0,0.0,0.0,3,,closed,0.0,0.0,0.0,0.0,0.0,daily_snapshot,,0
2026-08-05,12:30,750,0.0,0.0,0.0,0.0,0.0,0.0,0.0,3,,closed,0.0,0.0,0.0,0.0,0.0,daily_snapshot,,0
2026-08-05,13:00,780,0.0,0.0,0.0,0.0,0.0,0.0,0.0,3,,closed,0.0,0.0,0.0,0.0,0.0,daily_snapshot,,0
2026-08-05,13:30,810,0.0,0.0,0.0,0.0,0.0,0.0,0.0,3,,closed,0.0,0.0,0.0,0.0,0.0,daily_snapshot,,0
2026-08-05,14:00,840,0.0,0.0,0.0,0.0,0.0,0.0,0.0,3,,closed,0.0,0.0,0.0,0.0,0.0,daily_snapshot,,0
2026-08-05,14:30,870,0.0,0.0,0.0,0.0,0.0,0.0,0.0,3,,closed,0.0,0.0,0.0,0.0,0.0,daily_snapshot,,0
2026-08-05,15:00,900,0.0,0.0,0.0,0.0,0.0,0.0,0.0,3,,closed,0.0,0.0,0.0,0.0,0.0,daily_snapshot,,0
2026-08-05,15:30,930,0.0,0.0,0.0,0.0,0.0,0.0,0.0,3,,closed,0.0,0.0,0.0,0.0,0.0,daily_snapshot,,0
2026-08-05,16:00,960,0.0,0.0,0.0,0.0,0.0,0.0,0.0,3,,closed,0.0,0.0,0.0,0.0,0.0,daily_snapshot,,0
2026-08-05,16:30,990,0.0,0.0,0.0,0.0,0.0,0.0,0.0,3,,closed,0.0,0.0,0.0,0.0,0.0,daily_snapshot,,0
2026-08-05,17:00,1020,0.0,0.0,0.0,0.0,0.0,0.0,0.0,3,,closed,0.0,0.0,0.0,0.0,0.0,daily_snapshot,,0
2026-08-05,17:30,1050,0.0,0.0,0.0,0.0,0.0,0.0,0.0,3,,closed,0.0,0.0,0.0,0.0,0.0,daily_snapshot,,0
2026-08-05,18:00,1080,0.0,0.0,0.0,0.0,0.0,0.0,0.0,3,,closed,0.0,0.0,0.0,0.0,0.0,daily_snapshot,,0
2026-08-05,18:30,1110,0.0,0.0,0.0,0.0,0.0,0.0,0.0,3,,closed,0.0,0.0,0.0,0.0,0.0,daily_snapshot,,0
2026-08-05,19:00,1140,0.0,0.0,0.0,0.0,0.0,0.0,0.0,3,,closed,0.0,0.0,0.0,0.0,0.0,daily_snapshot,,0
2026-08-05,19:30,1170,0.0,0.0,0.0,0.0,0.0,0.0,0.0,3,,closed,0.0,0.0,0.0,0.0,0.0,daily_snapshot,,0
2026-08-05,20:00,1200,0.0,0.0,0.0,0.0,0.0,0.0,0.0,3,,closed,0.0,0.0,0.0,0.0,0.0,daily_snapshot,,0
2026-08-05,20:30,1230,0.0,0.0,0.0,0.0,0.0,0.0,0.0,3,,closed,0.0,0.0,0.0,0.0,0.0,daily_snapshot,,0
2026-08-05,21:00,1260,0.0,0.0,0.0,0.0,0.0,0.0,0.0,3,,closed,0.0,0.0,0.0,0.0,0.0,daily_snapshot,,0
2026-08-05,21:30,1290,0.0,0.0,0.0,0.0,0.0,0.0,0.0,3,,closed,0.0,0.0,0.0,0.0,0.0,daily_snapshot,,0
2026-08-06,07:00,420,0.0,0.0,0.0,0.0,0.0,0.0,0.0,4,,closed,0.0,0.0,0.0,0.0,0.0,daily_snapshot,,0
2026-08-06,07:30,450,0.0,0.0,0.0,0.0,0.0,0.0,0.0,4,,closed,0.0,0.0,0.0,0.0,0.0,daily_snapshot,,0
2026-08-06,08:00,480,0.0,0.0,0.0,0.0,0.0,0.0,0.0,4,,closed,0.0,0.0,0.0,0.0,0.0,daily_snapshot,,0
2026-08-06,08:30,510,0.0,0.0,0.0,0.0,0.0,0.0,0.0,4,,closed,0.0,0.0,0.0,0.0,0.0,daily_snapshot,,0
2026-08-06,09:00,540,0.0,0.0,0.0,0.0,0.0,0.0,0.0,4,,closed,0.0,0.0,0.0,0.0,0.0,daily_snapshot,,0
2026-08-06,09:30,570,0.0,0.0,0.0,0.0,0.0,0.0,0.0,4,,closed,0.0,0.0,0.0,0.0,0.0,daily_snapshot,,0
2026-08-06,10:00,600,0.0,0.0,0.0,0.0,0.0,0.0,0.0,4,,closed,0.0,0.0,0.0,0.0,0.0,daily_snapshot,,0
2026-08-06,10:30,630,0.0,0.0,0.0,0.0,0.0,0.0,0.0,4,,closed,0.0,0.0,0.0,0.0,0.0,daily_snapshot,,0
2026-08-06,11:00,660,0.0,0.0,0.0,0.0,0.0,0.0,0.0,4,,closed,0.0,0.0,0.0,0.0,0.0,daily_snapshot,,0
2026-08-06,11:30,690,0.0,0.0,0.0,0.0,0.0,0.0,0.0,4,,closed,0.0,0.0,0.0,0.0,0.0,daily_snapshot,,0
2026-08-06,12:00,720,0.0,0.0,0.0,0.0,0.0,0.0,0.0,4,,closed,0.0,0.0,0.0,0.0,0.0,daily_snapshot,,0
2026-08-06,12:30,750,0.0,0.0,0.0,0.0,0.0,0.0,0.0,4,,closed,0.0,0.0,0.0,0.0,0.0,daily_snapshot,,0
2026-08-06,13:00,780,0.0,0.0,0.0,0.0,0.0,0.0,0.0,4,,closed,0.0,0.0,0.0,0.0,0.0,daily_snapshot,,0
2026-08-06,13:30,810,0.0,0.0,0.0,0.0,0.0,0.0,0.0,4,,closed,0.0,0.0,0.0,0.0,0.0,daily_snapshot,,0
2026-08-06,14:00,840,0.0,0.0,0.0,0.0,0.0,0.0,0.0,4,,closed,0.0,0.0,0.0,0.0,0.0,daily_snapshot,,0
2026-08-06,14:30,870,0.0,0.0,0.0,0.0,0.0,0.0,0.0,4,,closed,0.0,0.0,0.0,0.0,0.0,daily_snapshot,,0
2026-08-06,15:00,900,0.0,0.0,0.0,0.0,0.0,0.0,0.0,4,,closed,0.0,0.0,0.0,0.0,0.0,daily_snapshot,,0
2026-08-06,15:30,930,0.0,0.0,0.0,0.0,0.0,0.0,0.0,4,,closed,0.0,0.0,0.0,0.0,0.0,daily_snapshot,,0
2026-08-06,16:00,960,0.0,0.0,0.0,0.0,0.0,0.0,0.0,4,,closed,0.0,0.0,0.0,0.0,0.0,daily_snapshot,,0
2026-08-06,16:30,990,0.0,0.0,0.0,0.0,0.0,0.0,0.0,4,,closed,0.0,0.0,0.0,0.0,0.0,daily_snapshot,,0
2026-08-06,17:00,1020,0.0,0.0,0.0,0.0,0.0,0.0,0.0,4,,closed,0.0,0.0,0.0,0.0,0.0,daily_snapshot,,0
2026-08-06,17:30,1050,0.0,0.0,0.0,0.0,0.0,0.0,0.0,4,,closed,0.0,0.0,0.0,0.0,0.0,daily_snapshot,,0
2026-08-06,18:00,1080,0.0,0.0,0.0,0.0,0.0,0.0,0.0,4,,closed,0.0,0.0,0.0,0.0,0.0,daily_snapshot,,0
2026-08-06,18:30,1110,0.0,0.0,0.0,0.0,0.0,0.0,0.0,4,,closed,0.0,0.0,0.0,0.0,0.0,daily_snapshot,,0
2026-08-06,19:00,1140,0.0,0.0,0.0,0.0,0.0,0.0,0.0,4,,closed,0.0,0.0,0.0,0.0,0.0,daily_snapshot,,0
2026-08-06,19:30,1170,0.0,0.0,0.0,0.0,0.0,0.0,0.0,4,,closed,0.0,0.0,0.0,0.0,0.0,daily_snapshot,,0
2026-08-06,20:00,1200,0.0,0.0,0.0,0.0,0.0,0.0,0.0,4,,closed,0.0,0.0,0.0,0.0,0.0,daily_snapshot,,0
2026-08-06,20:30,1230,0.0,0.0,0.0,0.0,0.0,0.0,0.0,4,,closed,0.0,0.0,0.0,0.0,0.0,daily_snapshot,,0
2026-08-06,21:00,1260,0.0,0.0,0.0,0.0,0.0,0.0,0.0,4,,closed,0.0,0.0,0.0,0.0,0.0,daily_snapshot,,0
2026-08-06,21:30,1290,0.0,0.0,0.0,0.0,0.0,0.0,0.0,4,,closed,0.0,0.0,0.0,0.0,0.0,daily_snapshot,,0
2026-08-07,07:00,420,0.0,0.0,0.0,0.0,0.0,0.0,0.0,5,,closed,0.0,0.0,0.0,0.0,0.0,daily_snapshot,,0
2026-08-07,07:30,450,0.0,0.0,0.0,0.0,0.0,0.0,0.0,5,,closed,0.0,0.0,0.0,0.0,0.0,daily_snapshot,,0
2026-08-07,08:00,480,0.0,0.0,0.0,0.0,0.0,0.0,0.0,5,,closed,0.0,0.0,0.0,0.0,0.0,daily_snapshot,,0
2026-08-07,08:30,510,0.0,0.0,0.0,0.0,0.0,0.0,0.0,5,,closed,0.0,0.0,0.0,0.0,0.0,daily_snapshot,,0
2026-08-07,09:00,540,0.0,0.0,0.0,0.0,0.0,0.0,0.0,5,,closed,0.0,0.0,0.0,0.0,0.0,daily_snapshot,,0
2026-08-07,09:30,570,0.0,0.0,0.0,0.0,0.0,0.0,0.0,5,,closed,0.0,0.0,0.0,0.0,0.0,daily_snapshot,,0
2026-08-07,10:00,600,0.0,0.0,0.0,0.0,0.0,0.0,0.0,5,,closed,0.0,0.0,0.0,0.0,0.0,daily_snapshot,,0
2026-08-07,10:30,630,0.0,0.0,0.0,0.0,0.0,0.0,0.0,5,,closed,0.0,0.0,0.0,0.0,0.0,daily_snapshot,,0
2026-08-07,11:00,660,0.0,0.0,0.0,0.0,0.0,0.0,0.0,5,,closed,0.0,0.0,0.0,0.0,0.0,daily_snapshot,,0
2026-08-07,11:30,690,0.0,0.0,0.0,0.0,0.0,0.0,0.0,5,,closed,0.0,0.0,0.0,0.0,0.0,daily_snapshot,,0
2026-08-07,12:00,720,0.0,0.0,0.0,0.0,0.0,0.0,0.0,5,,closed,0.0,0.0,0.0,0.0,0.0,daily_snapshot,,0
2026-08-07,12:30,750,0.0,0.0,0.0,0.0,0.0,0.0,0.0,5,,closed,0.0,0.0,0.0,0.0,0.0,daily_snapshot,,0
2026-08-07,13:00,780,0.0,0.0,0.0,0.0,0.0,0.0,0.0,5,,closed,0.0,0.0,0.0,0.0,0.0,daily_snapshot,,0
2026-08-07,13:30,810,0.0,0.0,0.0,0.0,0.0,0.0,0.0,5,,closed,0.0,0.0,0.0,0.0,0.0,daily_snapshot,,0
2026-08-07,14:00,840,0.0,0.0,0.0,0.0,0.0,0.0,0.0,5,,closed,0.0,0.0,0.0,0.0,0.0,daily_snapshot,,0
2026-08-07,14:30,870,0.0,0.0,0.0,0.0,0.0,0.0,0.0,5,,closed,0.0,0.0,0.0,0.0,0.0,daily_snapshot,,0
2026-08-07,15:00,900,0.0,0.0,0.0,0.0,0.0,0.0,0.0,5,,closed,0.0,0.0,0.0,0.0,0.0,daily_snapshot,,0
2026-08-07,15:30,930,0.0,0.0,0.0,0.0,0.0,0.0,0.0,5,,closed,0.0,0.0,0.0,0.0,0.0,daily_snapshot,,0
2026-08-07,16:00,960,0.0,0.0,0.0,0.0,0.0,0.0,0.0,5,,closed,0.0,0.0,0.0,0.0,0.0,daily_snapshot,,0
2026-08-07,16:30,990,0.0,0.0,0.0,0.0,0.0,0.0,0.0,5,,closed,0.0,0.0,0.0,0.0,0.0,daily_snapshot,,0
2026-08-07,17:00,1020,0.0,0.0,0.0,0.0,0.0,0.0,0.0,5,,closed,0.0,0.0,0.0,0.0,0.0,daily_snapshot,,0
2026-08-07,17:30,1050,0.0,0.0,0.0,0.0,0.0,0.0,0.0,5,,closed,0.0,0.0,0.0,0.0,0.0,daily_snapshot,,0
2026-08-07,18:00,1080,0.0,0.0,0.0,0.0,0.0,0.0,0.0,5,,closed,0.0,0.0,0.0,0.0,0.0,daily_snapshot,,0
2026-08-07,18:30,1110,0.0,0.0,0.0,0.0,0.0,0.0,0.0,5,,closed,0.0,0.0,0.0,0.0,0.0,daily_snapshot,,0
2026-08-07,19:00,1140,0.0,0.0,0.0,0.0,0.0,0.0,0.0,5,,closed,0.0,0.0,0.0,0.0,0.0,daily_snapshot,,0
2026-08-07,19:30,1170,0.0,0.0,0.0,0.0,0.0,0.0,0.0,5,,closed,0.0,0.0,0.0,0.0,0.0,daily_snapshot,,0
2026-08-07,20:00,1200,0.0,0.0,0.0,0.0,0.0,0.0,0.0,5,,closed,0.0,0.0,0.0,0.0,0.0,daily_snapshot,,0
2026-08-07,20:30,1230,0.0,0.0,0.0,0.0,0.0,0.0,0.0,5,,closed,0.0,0.0,0.0,0.0,0.0,daily_snapshot,,0
2026-08-07,21:00,1260,0.0,0.0,0.0,0.0,0.0,0.0,0.0,5,,closed,0.0,0.0,0.0,0.0,0.0,daily_snapshot,,0
2026-08-07,21:30,1290,0.0,0.0,0.0,0.0,0.0,0.0,0.0,5,,closed,0.0,0.0,0.0,0.0,0.0,daily_snapshot,,0
2026-08-08,07:00,420,0.0,0.0,0.0,0.0,0.0,0.0,0.0,6,,closed,0.0,0.0,0.0,0.0,0.0,daily_snapshot,,0
2026-08-08,07:30,450,0.0,0.0,0.0,0.0,0.0,0.0,0.0,6,,closed,0.0,0.0,0.0,0.0,0.0,daily_snapshot,,0
2026-08-08,08:00,480,0.0,0.0,0.0,0.0,0.0,0.0,0.0,6,,closed,0.0,0.0,0.0,0.0,0.0,daily_snapshot,,0
2026-08-08,08:30,510,0.0,0.0,0.0,0.0,0.0,0.0,0.0,6,,closed,0.0,0.0,0.0,0.0,0.0,daily_snapshot,,0
2026-08-08,09:00,540,0.0,0.0,0.0,0.0,0.0,0.0,0.0,6,,closed,0.0,0.0,0.0,0.0,0.0,daily_snapshot,,0
2026-08-08,09:30,570,0.0,0.0,0.0,0.0,0.0,0.0,0.0,6,,closed,0.0,0.0,0.0,0.0,0.0,daily_snapshot,,0
2026-08-08,10:00,600,0.0,0.0,0.0,0.0,0.0,0.0,0.0,6,,closed,0.0,0.0,0.0,0.0,0.0,daily_snapshot,,0
2026-08-08,10:30,630,0.0,0.0,0.0,0.0,0.0,0.0,0.0,6,,closed,0.0,0.0,0.0,0.0,0.0,daily_snapshot,,0
2026-08-08,11:00,660,0.0,0.0,0.0,0.0,0.0,0.0,0.0,6,,closed,0.0,0.0,0.0,0.0,0.0,daily_snapshot,,0
2026-08-08,11:30,690,0.0,0.0,0.0,0.0,0.0,0.0,0.0,6,,closed,0.0,0.0,0.0,0.0,0.0,daily_snapshot,,0
2026-08-08,12:00,720,0.0,0.0,0.0,0.0,0.0,0.0,0.0,6,,closed,0.0,0.0,0.0,0.0,0.0,daily_snapshot,,0
2026-08-08,12:30,750,0.0,0.0,0.0,0.0,0.0,0.0,0.0,6,,closed,0.0,0.0,0.0,0.0,0.0,daily_snapshot,,0
2026-08-08,13:00,780,0.0,0.0,0.0,0.0,0.0,0.0,0.0,6,,closed,0.0,0.0,0.0,0.0,0.0,daily_snapshot,,0
2026-08-08,13:30,810,0.0,0.0,0.0,0.0,0.0,0.0,0.0,6,,closed,0.0,0.0,0.0,0.0,0.0,daily_snapshot,,0
2026-08-08,14:00,840,0.0,0.0,0.0,0.0,0.0,0.0,0.0,6,,closed,0.0,0.0,0.0,0.0,0.0,daily_snapshot,,0
2026-08-08,14:30,870,0.0,0.0,0.0,0.0,0.0,0.0,0.0,6,,closed,0.0,0.0,0.0,0.0,0.0,daily_snapshot,,0
2026-08-08,15:00,900,0.0,0.0,0.0,0.0,0.0,0.0,0.0,6,,closed,0.0,0.0,0.0,0.0,0.0,daily_snapshot,,0
2026-08-08,15:30,930,0.0,0.0,0.0,0.0,0.0,0.0,0.0,6,,closed,0.0,0.0,0.0,0.0,0.0,daily_snapshot,,0
2026-08-08,16:00,960,0.0,0.0,0.0,0.0,0.0,0.0,0.0,6,,closed,0.0,0.0,0.0,0.0,0.0,daily_snapshot,,0
2026-08-08,16:30,990,0.0,0.0,0.0,0.0,0.0,0.0,0.0,6,,closed,0.0,0.0,0.0,0.0,0.0,daily_snapshot,,0
2026-08-08,17:00,1020,0.0,0.0,0.0,0.0,0.0,0.0,0.0,6,,closed,0.0,0.0,0.0,0.0,0.0,daily_snapshot,,0
2026-08-08,17:30,1050,0.0,0.0,0.0,0.0,0.0,0.0,0.0,6,,closed,0.0,0.0,0.0,0.0,0.0,daily_snapshot,,0
2026-08-08,18:00,1080,0.0,0.0,0.0,0.0,0.0,0.0,0.0,6,,closed,0.0,0.0,0.0,0.0,0.0,daily_snapshot,,0
2026-08-08,18:30,1110,0.0,0.0,0.0,0.0,0.0,0.0,0.0,6,,closed,0.0,0.0,0.0,0.0,0.0,daily_snapshot,,0
2026-08-08,19:00,1140,0.0,0.0,0.0,0.0,0.0,0.0,0.0,6,,closed,0.0,0.0,0.0,0.0,0.0,daily_snapshot,,0
2026-08-08,19:30,1170,0.0,0.0,0.0,0.0,0.0,0.0,0.0,6,,closed,0.0,0.0,0.0,0.0,0.0,daily_snapshot,,0
2026-08-08,20:00,1200,0.0,0.0,0.0,0.0,0.0,0.0,0.0,6,,closed,0.0,0.0,0.0,0.0,0.0,daily_snapshot,,0
2026-08-08,20:30,1230,0.0,0.0,0.0,0.0,0.0,0.0,0.0,6,,closed,0.0,0.0,0.0,0.0,0.0,daily_snapshot,,0
2026-08-08,21:00,1260,0.0,0.0,0.0,0.0,0.0,0.0,0.0,6,,closed,0.0,0.0,0.0,0.0,0.0,daily_snapshot,,0
2026-08-08,21:30,1290,0.0,0.0,0.0,0.0,0.0,0.0,0.0,6,,closed,0.0,0.0,0.0,0.0,0.0,daily_snapshot,,0
2026-08-09,07:00,420,0.0,0.0,0.0,0.0,0.0,0.0,0.0,7,,closed,0.0,0.0,0.0,0.0,0.0,daily_snapshot,,0
2026-08-09,07:30,450,0.0,0.0,0.0,0.0,0.0,0.0,0.0,7,,closed,0.0,0.0,0.0,0.0,0.0,daily_snapshot,,0
2026-08-09,08:00,480,0.0,0.0,0.0,0.0,0.0,0.0,0.0,7,,closed,0.0,0.0,0.0,0.0,0.0,daily_snapshot,,0
2026-08-09,08:30,510,0.0,0.0,0.0,0.0,0.0,0.0,0.0,7,,closed,0.0,0.0,0.0,0.0,0.0,daily_snapshot,,0
2026-08-09,09:00,540,0.0,0.0,0.0,0.0,0.0,0.0,0.0,7,,closed,0.0,0.0,0.0,0.0,0.0,daily_snapshot,,0
2026-08-09,09:30,570,0.0,0.0,0.0,0.0,0.0,0.0,0.0,7,,closed,0.0,0.0,0.0,0.0,0.0,daily_snapshot,,0
2026-08-09,10:00,600,0.0,0.0,0.0,0.0,0.0,0.0,0.0,7,,closed,0.0,0.0,0.0,0.0,0.0,daily_snapshot,,0
2026-08-09,10:30,630,0.0,0.0,0.0,0.0,0.0,0.0,0.0,7,,closed,0.0,0.0,0.0,0.0,0.0,daily_snapshot,,0
2026-08-09,11:00,660,0.0,0.0,0.0,0.0,0.0,0.0,0.0,7,,closed,0.0,0.0,0.0,0.0,0.0,daily_snapshot,,0
2026-08-09,11:30,690,0.0,0.0,0.0,0.0,0.0,0.0,0.0,7,,closed,0.0,0.0,0.0,0.0,0.0,daily_snapshot,,0
2026-08-09,12:00,720,0.0,0.0,0.0,0.0,0.0,0.0,0.0,7,,closed,0.0,0.0,0.0,0.0,0.0,daily_snapshot,,0
2026-08-09,12:30,750,0.0,0.0,0.0,0.0,0.0,0.0,0.0,7,,closed,0.0,0.0,0.0,0.0,0.0,daily_snapshot,,0
2026-08-09,13:00,780,0.0,0.0,0.0,0.0,0.0,0.0,0.0,7,,closed,0.0,0.0,0.0,0.0,0.0,daily_snapshot,,0
2026-08-09,13:30,810,0.0,0.0,0.0,0.0,0.0,0.0,0.0,7,,closed,0.0,0.0,0.0,0.0,0.0,daily_snapshot,,0
2026-08-09,14:00,840,0.0,0.0,0.0,0.0,0.0,0.0,0.0,7,,closed,0.0,0.0,0.0,0.0,0.0,daily_snapshot,,0
2026-08-09,14:30,870,0.0,0.0,0.0,0.0,0.0,0.0,0.0,7,,closed,0.0,0.0,0.0,0.0,0.0,daily_snapshot,,0
2026-08-09,15:00,900,0.0,0.0,0.0,0.0,0.0,0.0,0.0,7,,closed,0.0,0.0,0.0,0.0,0.0,daily_snapshot,,0
2026-08-09,15:30,930,0.0,0.0,0.0,0.0,0.0,0.0,0.0,7,,closed,0.0,0.0,0.0,0.0,0.0,daily_snapshot,,0
2026-08-09,16:00,960,0.0,0.0,0.0,0.0,0.0,0.0,0.0,7,,closed,0.0,0.0,0.0,0.0,0.0,daily_snapshot,,0
2026-08-09,16:30,990,0.0,0.0,0.0,0.0,0.0,0.0,0.0,7,,closed,0.0,0.0,0.0,0.0,0.0,daily_snapshot,,0
2026-08-09,17:00,1020,0.0,0.0,0.0,0.0,0.0,0.0,0.0,7,,closed,0.0,0.0,0.0,0.0,0.0,daily_snapshot,,0
2026-08-09,17:30,1050,0.0,0.0,0.0,0.0,0.0,0.0,0.0,7,,closed,0.0,0.0,0.0,0.0,0.0,daily_snapshot,,0
2026-08-09,18:00,1080,0.0,0.0,0.0,0.0,0.0,0.0,0.0,7,,closed,0.0,0.0,0.0,0.0,0.0,daily_snapshot,,0
2026-08-09,18:30,1110,0.0,0.0,0.0,0.0,0.0,0.0,0.0,7,,closed,0.0,0.0,0.0,0.0,0.0,daily_snapshot,,0
2026-08-09,19:00,1140,0.0,0.0,0.0,0.0,0.0,0.0,0.0,7,,closed,0.0,0.0,0.0,0.0,0.0,daily_snapshot,,0
2026-08-09,19:30,1170,0.0,0.0,0.0,0.0,0.0,0.0,0.0,7,,closed,0.0,0.0,0.0,0.0,0.0,daily_snapshot,,0
2026-08-09,20:00,1200,0.0,0.0,0.0,0.0,0.0,0.0,0.0,7,,closed,0.0,0.0,0.0,0.0,0.0,daily_snapshot,,0
2026-08-09,20:30,1230,0.0,0.0,0.0,0.0,0.0,0.0,0.0,7,,closed,0.0,0.0,0.0,0.0,0.0,daily_snapshot,,0
2026-08-09,21:00,1260,0.0,0.0,0.0,0.0,0.0,0.0,0.0,7,,closed,0.0,0.0,0.0,0.0,0.0,daily_snapshot,,0
2026-08-09,21:30,1290,0.0,0.0,0.0,0.0,0.0,0.0,0.0,7,,closed,0.0,0.0,0.0,0.0,0.0,daily_snapshot,,0
2026-08-10,07:00,420,0.0,0.0,0.0,0.0,0.0,0.0,0.0,1,,closed,0.0,0.0,0.0,0.0,0.0,daily_snapshot,,0
2026-08-10,07:30,450,0.0,0.0,0.0,0.0,0.0,0.0,0.0,1,,closed,0.0,0.0,0.0,0.0,0.0,daily_snapshot,,0
2026-08-10,08:00,480,0.0,0.0,0.0,0.0,0.0,0.0,0.0,1,,closed,0.0,0.0,0.0,0.0,0.0,daily_snapshot,,0
2026-08-10,08:30,510,0.0,0.0,0.0,0.0,0.0,0.0,0.0,1,,closed,0.0,0.0,0.0,0.0,0.0,daily_snapshot,,0
2026-08-10,09:00,540,0.0,0.0,0.0,0.0,0.0,0.0,0.0,1,,closed,0.0,0.0,0.0,0.0,0.0,daily_snapshot,,0
2026-08-10,09:30,570,0.0,0.0,0.0,0.0,0.0,0.0,0.0,1,,closed,0.0,0.0,0.0,0.0,0.0,daily_snapshot,,0
2026-08-10,10:00,600,0.0,0.0,0.0,0.0,0.0,0.0,0.0,1,,closed,0.0,0.0,0.0,0.0,0.0,daily_snapshot,,0
2026-08-10,10:30,630,0.0,0.0,0.0,0.0,0.0,0.0,0.0,1,,closed,0.0,0.0,0.0,0.0,0.0,daily_snapshot,,0
2026-08-10,11:00,660,0.0,0.0,0.0,0.0,0.0,0.0,0.0,1,,closed,0.0,0.0,0.0,0.0,0.0,daily_snapshot,,0
2026-08-10,11:30,690,0.0,0.0,0.0,0.0,0.0,0.0,0.0,1,,closed,0.0,0.0,0.0,0.0,0.0,daily_snapshot,,0
2026-08-10,12:00,720,0.0,0.0,0.0,0.0,0.0,0.0,0.0,1,,closed,0.0,0.0,0.0,0.0,0.0,daily_snapshot,,0
2026-08-10,12:30,750,0.0,0.0,0.0,0.0,0.0,0.0,0.0,1,,closed,0.0,0.0,0.0,0.0,0.0,daily_snapshot,,0
2026-08-10,13:00,780,0.0,0.0,0.0,0.0,0.0,0.0,0.0,1,,closed,0.0,0.0,0.0,0.0,0.0,daily_snapshot,,0
2026-08-10,13:30,810,0.0,0.0,0.0,0.0,0.0,0.0,0.0,1,,closed,0.0,0.0,0.0,0.0,0.0,daily_snapshot,,0
2026-08-10,14:00,840,0.0,0.0,0.0,0.0,0.0,0.0,0.0,1,,closed,0.0,0.0,0.0,0.0,0.0,daily_snapshot,,0
2026-08-10,14:30,870,0.0,0.0,0.0,0.0,0.0,0.0,0.0,1,,closed,0.0,0.0,0.0,0.0,0.0,daily_snapshot,,0
2026-08-10,15:00,900,0.0,0.0,0.0,0.0,0.0,0.0,0.0,1,,closed,0.0,0.0,0.0,0.0,0.0,daily_snapshot,,0
2026-08-10,15:30,930,0.0,0.0,0.0,0.0,0.0,0.0,0.0,1,,closed,0.0,0.0,0.0,0.0,0.0,daily_snapshot,,0
2026-08-10,16:00,960,0.0,0.0,0.0,0.0,0.0,0.0,0.0,1,,closed,0.0,0.0,0.0,0.0,0.0,daily_snapshot,,0
2026-08-10,16:30,990,0.0,0.0,0.0,0.0,0.0,0.0,0.0,1,,closed,0.0,0.0,0.0,0.0,0.0,daily_snapshot,,0
2026-08-10,17:00,1020,0.0,0.0,0.0,0.0,0.0,0.0,0.0,1,,closed,0.0,0.0,0.0,0.0,0.0,daily_snapshot,,0
2026-08-10,17:30,1050,0.0,0.0,0.0,0.0,0.0,0.0,0.0,1,,closed,0.0,0.0,0.0,0.0,0.0,daily_snapshot,,0
2026-08-10,18:00,1080,0.0,0.0,0.0,0.0,0.0,0.0,0.0,1,,closed,0.0,0.0,0.0,0.0,0.0,daily_snapshot,,0
2026-08-10,18:30,1110,0.0,0.0,0.0,0.0,0.0,0.0,0.0,1,,closed,0.0,0.0,0.0,0.0,0.0,daily_snapshot,,0
2026-08-10,19:00,1140,0.0,0.0,0.0,0.0,0.0,0.0,0.0,1,,closed,0.0,0.0,0.0,0.0,0.0,daily_snapshot,,0
2026-08-10,19:30,1170,0.0,0.0,0.0,0.0,0.0,0.0,0.0,1,,closed,0.0,0.0,0.0,0.0,0.0,daily_snapshot,,0
2026-08-10,20:00,1200,0.0,0.0,0.0,0.0,0.0,0.0,0.0,1,,closed,0.0,0.0,0.0,0.0,0.0,daily_snapshot,,0
2026-08-10,20:30,1230,0.0,0.0,0.0,0.0,0.0,0.0,0.0,1,,closed,0.0,0.0,0.0,0.0,0.0,daily_snapshot,,0
2026-08-10,21:00,1260,0.0,0.0,0.0,0.0,0.0,0.0,0.0,1,,closed,0.0,0.0,0.0,0.0,0.0,daily_snapshot,,0
2026-08-10,21:30,1290,0.0,0.0,0.0,0.0,0.0,0.0,0.0,1,,closed,0.0,0.0,0.0,0.0,0.0,daily_snapshot,,0
2026-08-11,07:00,420,0.0,0.0,0.0,0.0,0.0,0.0,0.0,2,,closed,0.0,0.0,0.0,0.0,0.0,daily_snapshot,,0
2026-08-11,07:30,450,0.0,0.0,0.0,0.0,0.0,0.0,0.0,2,,closed,0.0,0.0,0.0,0.0,0.0,daily_snapshot,,0
2026-08-11,08:00,480,0.0,0.0,0.0,0.0,0.0,0.0,0.0,2,,closed,0.0,0.0,0.0,0.0,0.0,daily_snapshot,,0
2026-08-11,08:30,510,0.0,0.0,0.0,0.0,0.0,0.0,0.0,2,,closed,0.0,0.0,0.0,0.0,0.0,daily_snapshot,,0
2026-08-11,09:00,540,0.0,0.0,0.0,0.0,0.0,0.0,0.0,2,,closed,0.0,0.0,0.0,0.0,0.0,daily_snapshot,,0
2026-08-11,09:30,570,0.0,0.0,0.0,0.0,0.0,0.0,0.0,2,,closed,0.0,0.0,0.0,0.0,0.0,daily_snapshot,,0
2026-08-11,10:00,600,0.0,0.0,0.0,0.0,0.0,0.0,0.0,2,,closed,0.0,0.0,0.0,0.0,0.0,daily_snapshot,,0
2026-08-11,10:30,630,0.0,0.0,0.0,0.0,0.0,0.0,0.0,2,,closed,0.0,0.0,0.0,0.0,0.0,daily_snapshot,,0
2026-08-11,11:00,660,0.0,0.0,0.0,0.0,0.0,0.0,0.0,2,,closed,0.0,0.0,0.0,0.0,0.0,daily_snapshot,,0
2026-08-11,11:30,690,0.0,0.0,0.0,0.0,0.0,0.0,0.0,2,,closed,0.0,0.0,0.0,0.0,0.0,daily_snapshot,,0
2026-08-11,12:00,720,0.0,0.0,0.0,0.0,0.0,0.0,0.0,2,,closed,0.0,0.0,0.0,0.0,0.0,daily_snapshot,,0
2026-08-11,12:30,750,0.0,0.0,0.0,0.0,0.0,0.0,0.0,2,,closed,0.0,0.0,0.0,0.0,0.0,daily_snapshot,,0
2026-08-11,13:00,780,0.0,0.0,0.0,0.0,0.0,0.0,0.0,2,,closed,0.0,0.0,0.0,0.0,0.0,daily_snapshot,,0
2026-08-11,13:30,810,0.0,0.0,0.0,0.0,0.0,0.0,0.0,2,,closed,0.0,0.0,0.0,0.0,0.0,daily_snapshot,,0
2026-08-11,14:00,840,0.0,0.0,0.0,0.0,0.0,0.0,0.0,2,,closed,0.0,0.0,0.0,0.0,0.0,daily_snapshot,,0
2026-08-11,14:30,870,0.0,0.0,0.0,0.0,0.0,0.0,0.0,2,,closed,0.0,0.0,0.0,0.0,0.0,daily_snapshot,,0
2026-08-11,15:00,900,0.0,0.0,0.0,0.0,0.0,0.0,0.0,2,,closed,0.0,0.0,0.0,0.0,0.0,daily_snapshot,,0
2026-08-11,15:30,930,0.0,0.0,0.0,0.0,0.0,0.0,0.0,2,,closed,0.0,0.0,0.0,0.0,0.0,daily_snapshot,,0
2026-08-11,16:00,960,0.0,0.0,0.0,0.0,0.0,0.0,0.0,2,,closed,0.0,0.0,0.0,0.0,0.0,daily_snapshot,,0
2026-08-11,16:30,990,0.0,0.0,0.0,0.0,0.0,0.0,0.0,2,,closed,0.0,0.0,0.0,0.0,0.0,daily_snapshot,,0
2026-08-11,17:00,1020,0.0,0.0,0.0,0.0,0.0,0.0,0.0,2,,closed,0.0,0.0,0.0,0.0,0.0,daily_snapshot,,0
2026-08-11,17:30,1050,0.0,0.0,0.0,0.0,0.0,0.0,0.0,2,,closed,0.0,0.0,0.0,0.0,0.0,daily_snapshot,,0
2026-08-11,18:00,1080,0.0,0.0,0.0,0.0,0.0,0.0,0.0,2,,closed,0.0,0.0,0.0,0.0,0.0,daily_snapshot,,0
2026-08-11,18:30,1110,0.0,0.0,0.0,0.0,0.0,0.0,0.0,2,,closed,0.0,0.0,0.0,0.0,0.0,daily_snapshot,,0
2026-08-11,19:00,1140,0.0,0.0,0.0,0.0,0.0,0.0,0.0,2,,closed,0.0,0.0,0.0,0.0,0.0,daily_snapshot,,0
2026-08-11,19:30,1170,0.0,0.0,0.0,0.0,0.0,0.0,0.0,2,,closed,0.0,0.0,0.0,0.0,0.0,daily_snapshot,,0
2026-08-11,20:00,1200,0.0,0.0,0.0,0.0,0.0,0.0,0.0,2,,closed,0.0,0.0,0.0,0.0,0.0,daily_snapshot,,0
2026-08-11,20:30,1230,0.0,0.0,0.0,0.0,0.0,0.0,0.0,2,,closed,0.0,0.0,0.0,0.0,0.0,daily_snapshot,,0
2026-08-11,21:00,1260,0.0,0.0,0.0,0.0,0.0,0.0,0.0,2,,closed,0.0,0.0,0.0,0.0,0.0,daily_snapshot,,0
2026-08-11,21:30,1290,0.0,0.0,0.0,0.0,0.0,0.0,0.0,2,,closed,0.0,0.0,0.0,0.0,0.0,daily_snapshot,,0
2026-08-12,07:00,420,0.0,0.0,0.0,0.0,0.0,0.0,0.0,3,,closed,0.0,0.0,0.0,0.0,0.0,daily_snapshot,,0
2026-08-12,07:30,450,0.0,0.0,0.0,0.0,0.0,0.0,0.0,3,,closed,0.0,0.0,0.0,0.0,0.0,daily_snapshot,,0
2026-08-12,08:00,480,0.0,0.0,0.0,0.0,0.0,0.0,0.0,3,,closed,0.0,0.0,0.0,0.0,0.0,daily_snapshot,,0
2026-08-12,08:30,510,0.0,0.0,0.0,0.0,0.0,0.0,0.0,3,,closed,0.0,0.0,0.0,0.0,0.0,daily_snapshot,,0
2026-08-12,09:00,540,0.0,0.0,0.0,0.0,0.0,0.0,0.0,3,,closed,0.0,0.0,0.0,0.0,0.0,daily_snapshot,,0
2026-08-12,09:30,570,0.0,0.0,0.0,0.0,0.0,0.0,0.0,3,,closed,0.0,0.0,0.0,0.0,0.0,daily_snapshot,,0
2026-08-12,10:00,600,0.0,0.0,0.0,0.0,0.0,0.0,0.0,3,,closed,0.0,0.0,0.0,0.0,0.0,daily_snapshot,,0
2026-08-12,10:30,630,0.0,0.0,0.0,0.0,0.0,0.0,0.0,3,,closed,0.0,0.0,0.0,0.0,0.0,daily_snapshot,,0
2026-08-12,11:00,660,0.0,0.0,0.0,0.0,0.0,0.0,0.0,3,,closed,0.0,0.0,0.0,0.0,0.0,daily_snapshot,,0
2026-08-12,11:30,690,0.0,0.0,0.0,0.0,0.0,0.0,0.0,3,,closed,0.0,0.0,0.0,0.0,0.0,daily_snapshot,,0
2026-08-12,12:00,720,0.0,0.0,0.0,0.0,0.0,0.0,0.0,3,,closed,0.0,0.0,0.0,0.0,0.0,daily_snapshot,,0
2026-08-12,12:30,750,0.0,0.0,0.0,0.0,0.0,0.0,0.0,3,,closed,0.0,0.0,0.0,0.0,0.0,daily_snapshot,,0
2026-08-12,13:00,780,0.0,0.0,0.0,0.0,0.0,0.0,0.0,3,,closed,0.0,0.0,0.0,0.0,0.0,daily_snapshot,,0
2026-08-12,13:30,810,0.0,0.0,0.0,0.0,0.0,0.0,0.0,3,,closed,0.0,0.0,0.0,0.0,0.0,daily_snapshot,,0
2026-08-12,14:00,840,0.0,0.0,0.0,0.0,0.0,0.0,0.0,3,,closed,0.0,0.0,0.0,0.0,0.0,daily_snapshot,,0
2026-08-12,14:30,870,0.0,0.0,0.0,0.0,0.0,0.0,0.0,3,,closed,0.0,0.0,0.0,0.0,0.0,daily_snapshot,,0
2026-08-12,15:00,900,0.0,0.0,0.0,0.0,0.0,0.0,0.0,3,,closed,0.0,0.0,0.0,0.0,0.0,daily_snapshot,,0
2026-08-12,15:30,930,0.0,0.0,0.0,0.0,0.0,0.0,0.0,3,,closed,0.0,0.0,0.0,0.0,0.0,daily_snapshot,,0
2026-08-12,16:00,960,0.0,0.0,0.0,0.0,0.0,0.0,0.0,3,,closed,0.0,0.0,0.0,0.0,0.0,daily_snapshot,,0
2026-08-12,16:30,990,0.0,0.0,0.0,0.0,0.0,0.0,0.0,3,,closed,0.0,0.0,0.0,0.0,0.0,daily_snapshot,,0
2026-08-12,17:00,1020,0.0,0.0,0.0,0.0,0.0,0.0,0.0,3,,closed,0.0,0.0,0.0,0.0,0.0,daily_snapshot,,0
2026-08-12,17:30,1050,0.0,0.0,0.0,0.0,0.0,0.0,0.0,3,,closed,0.0,0.0,0.0,0.0,0.0,daily_snapshot,,0
2026-08-12,18:00,1080,0.0,0.0,0.0,0.0,0.0,0.0,0.0,3,,closed,0.0,0.0,0.0,0.0,0.0,daily_snapshot,,0
2026-08-12,18:30,1110,0.0,0.0,0.0,0.0,0.0,0.0,0.0,3,,closed,0.0,0.0,0.0,0.0,0.0,daily_snapshot,,0
2026-08-12,19:00,1140,0.0,0.0,0.0,0.0,0.0,0.0,0.0,3,,closed,0.0,0.0,0.0,0.0,0.0,daily_snapshot,,0
2026-08-12,19:30,1170,0.0,0.0,0.0,0.0,0.0,0.0,0.0,3,,closed,0.0,0.0,0.0,0.0,0.0,daily_snapshot,,0
2026-08-12,20:00,1200,0.0,0.0,0.0,0.0,0.0,0.0,0.0,3,,closed,0.0,0.0,0.0,0.0,0.0,daily_snapshot,,0
2026-08-12,20:30,1230,0.0,0.0,0.0,0.0,0.0,0.0,0.0,3,,closed,0.0,0.0,0.0,0.0,0.0,daily_snapshot,,0
2026-08-12,21:00,1260,0.0,0.0,0.0,0.0,0.0,0.0,0.0,3,,closed,0.0,0.0,0.0,0.0,0.0,daily_snapshot,,0
2026-08-12,21:30,1290,0.0,0.0,0.0,0.0,0.0,0.0,0.0,3,,closed,0.0,0.0,0.0,0.0,0.0,daily_snapshot,,0
2026-08-13,07:00,420,0.0,0.0,0.0,0.0,0.0,0.0,0.0,4,,closed,0.0,0.0,0.0,0.0,0.0,daily_snapshot,,0
2026-08-13,07:30,450,0.0,0.0,0.0,0.0,0.0,0.0,0.0,4,,closed,0.0,0.0,0.0,0.0,0.0,daily_snapshot,,0
2026-08-13,08:00,480,0.0,0.0,0.0,0.0,0.0,0.0,0.0,4,,closed,0.0,0.0,0.0,0.0,0.0,daily_snapshot,,0
2026-08-13,08:30,510,0.0,0.0,0.0,0.0,0.0,0.0,0.0,4,,closed,0.0,0.0,0.0,0.0,0.0,daily_snapshot,,0
2026-08-13,09:00,540,0.0,0.0,0.0,0.0,0.0,0.0,0.0,4,,closed,0.0,0.0,0.0,0.0,0.0,daily_snapshot,,0
2026-08-13,09:30,570,0.0,0.0,0.0,0.0,0.0,0.0,0.0,4,,closed,0.0,0.0,0.0,0.0,0.0,daily_snapshot,,0
2026-08-13,10:00,600,0.0,0.0,0.0,0.0,0.0,0.0,0.0,4,,closed,0.0,0.0,0.0,0.0,0.0,daily_snapshot,,0
2026-08-13,10:30,630,0.0,0.0,0.0,0.0,0.0,0.0,0.0,4,,closed,0.0,0.0,0.0,0.0,0.0,daily_snapshot,,0
2026-08-13,11:00,660,0.0,0.0,0.0,0.0,0.0,0.0,0.0,4,,closed,0.0,0.0,0.0,0.0,0.0,daily_snapshot,,0
2026-08-13,11:30,690,0.0,0.0,0.0,0.0,0.0,0.0,0.0,4,,closed,0.0,0.0,0.0,0.0,0.0,daily_snapshot,,0
2026-08-13,12:00,720,0.0,0.0,0.0,0.0,0.0,0.0,0.0,4,,closed,0.0,0.0,0.0,0.0,0.0,daily_snapshot,,0
2026-08-13,12:30,750,0.0,0.0,0.0,0.0,0.0,0.0,0.0,4,,closed,0.0,0.0,0.0,0.0,0.0,daily_snapshot,,0
2026-08-13,13:00,780,0.0,0.0,0.0,0.0,0.0,0.0,0.0,4,,closed,0.0,0.0,0.0,0.0,0.0,daily_snapshot,,0
2026-08-13,13:30,810,0.0,0.0,0.0,0.0,0.0,0.0,0.0,4,,closed,0.0,0.0,0.0,0.0,0.0,daily_snapshot,,0
2026-08-13,14:00,840,0.0,0.0,0.0,0.0,0.0,0.0,0.0,4,,closed,0.0,0.0,0.0,0.0,0.0,daily_snapshot,,0
2026-08-13,14:30,870,0.0,0.0,0.0,0.0,0.0,0.0,0.0,4,,closed,0.0,0.0,0.0,0.0,0.0,daily_snapshot,,0
2026-08-13,15:00,900,0.0,0.0,0.0,0.0,0.0,0.0,0.0,4,,closed,0.0,0.0,0.0,0.0,0.0,daily_snapshot,,0
2026-08-13,15:30,930,0.0,0.0,0.0,0.0,0.0,0.0,0.0,4,,closed,0.0,0.0,0.0,0.0,0.0,daily_snapshot,,0
2026-08-13,16:00,960,0.0,0.0,0.0,0.0,0.0,0.0,0.0,4,,closed,0.0,0.0,0.0,0.0,0.0,daily_snapshot,,0
2026-08-13,16:30,990,0.0,0.0,0.0,0.0,0.0,0.0,0.0,4,,closed,0.0,0.0,0.0,0.0,0.0,daily_snapshot,,0
2026-08-13,17:00,1020,0.0,0.0,0.0,0.0,0.0,0.0,0.0,4,,closed,0.0,0.0,0.0,0.0,0.0,daily_snapshot,,0
2026-08-13,17:30,1050,0.0,0.0,0.0,0.0,0.0,0.0,0.0,4,,closed,0.0,0.0,0.0,0.0,0.0,daily_snapshot,,0
2026-08-13,18:00,1080,0.0,0.0,0.0,0.0,0.0,0.0,0.0,4,,closed,0.0,0.0,0.0,0.0,0.0,daily_snapshot,,0
2026-08-13,18:30,1110,0.0,0.0,0.0,0.0,0.0,0.0,0.0,4,,closed,0.0,0.0,0.0,0.0,0.0,daily_snapshot,,0
2026-08-13,19:00,1140,0.0,0.0,0.0,0.0,0.0,0.0,0.0,4,,closed,0.0,0.0,0.0,0.0,0.0,daily_snapshot,,0
2026-08-13,19:30,1170,0.0,0.0,0.0,0.0,0.0,0.0,0.0,4,,closed,0.0,0.0,0.0,0.0,0.0,daily_snapshot,,0
2026-08-13,20:00,1200,0.0,0.0,0.0,0.0,0.0,0.0,0.0,4,,closed,0.0,0.0,0.0,0.0,0.0,daily_snapshot,,0
2026-08-13,20:30,1230,0.0,0.0,0.0,0.0,0.0,0.0,0.0,4,,closed,0.0,0.0,0.0,0.0,0.0,daily_snapshot,,0
2026-08-13,21:00,1260,0.0,0.0,0.0,0.0,0.0,0.0,0.0,4,,closed,0.0,0.0,0.0,0.0,0.0,daily_snapshot,,0
2026-08-13,21:30,1290,0.0,0.0,0.0,0.0,0.0,0.0,0.0,4,,closed,0.0,0.0,0.0,0.0,0.0,daily_snapshot,,0
2026-08-14,07:00,420,0.0,0.0,0.0,0.0,0.0,0.0,0.0,5,,closed,0.0,0.0,0.0,0.0,0.0,daily_snapshot,,0
2026-08-14,07:30,450,0.0,0.0,0.0,0.0,0.0,0.0,0.0,5,,closed,0.0,0.0,0.0,0.0,0.0,daily_snapshot,,0
2026-08-14,08:00,480,0.0,0.0,0.0,0.0,0.0,0.0,0.0,5,,closed,0.0,0.0,0.0,0.0,0.0,daily_snapshot,,0
2026-08-14,08:30,510,0.0,0.0,0.0,0.0,0.0,0.0,0.0,5,,closed,0.0,0.0,0.0,0.0,0.0,daily_snapshot,,0
2026-08-14,09:00,540,0.0,0.0,0.0,0.0,0.0,0.0,0.0,5,,closed,0.0,0.0,0.0,0.0,0.0,daily_snapshot,,0
2026-08-14,09:30,570,0.0,0.0,0.0,0.0,0.0,0.0,0.0,5,,closed,0.0,0.0,0.0,0.0,0.0,daily_snapshot,,0
2026-08-14,10:00,600,0.0,0.0,0.0,0.0,0.0,0.0,0.0,5,,closed,0.0,0.0,0.0,0.0,0.0,daily_snapshot,,0
2026-08-14,10:30,630,0.0,0.0,0.0,0.0,0.0,0.0,0.0,5,,closed,0.0,0.0,0.0,0.0,0.0,daily_snapshot,,0
2026-08-14,11:00,660,0.0,0.0,0.0,0.0,0.0,0.0,0.0,5,,closed,0.0,0.0,0.0,0.0,0.0,daily_snapshot,,0
2026-08-14,11:30,690,0.0,0.0,0.0,0.0,0.0,0.0,0.0,5,,closed,0.0,0.0,0.0,0.0,0.0,daily_snapshot,,0
2026-08-14,12:00,720,0.0,0.0,0.0,0.0,0.0,0.0,0.0,5,,closed,0.0,0.0,0.0,0.0,0.0,daily_snapshot,,0
2026-08-14,12:30,750,0.0,0.0,0.0,0.0,0.0,0.0,0.0,5,,closed,0.0,0.0,0.0,0.0,0.0,daily_snapshot,,0
2026-08-14,13:00,780,0.0,0.0,0.0,0.0,0.0,0.0,0.0,5,,closed,0.0,0.0,0.0,0.0,0.0,daily_snapshot,,0
2026-08-14,13:30,810,0.0,0.0,0.0,0.0,0.0,0.0,0.0,5,,closed,0.0,0.0,0.0,0.0,0.0,daily_snapshot,,0
2026-08-14,14:00,840,0.0,0.0,0.0,0.0,0.0,0.0,0.0,5,,closed,0.0,0.0,0.0,0.0,0.0,daily_snapshot,,0
2026-08-14,14:30,870,0.0,0.0,0.0,0.0,0.0,0.0,0.0,5,,closed,0.0,0.0,0.0,0.0,0.0,daily_snapshot,,0
2026-08-14,15:00,900,0.0,0.0,0.0,0.0,0.0,0.0,0.0,5,,closed,0.0,0.0,0.0,0.0,0.0,daily_snapshot,,0
2026-08-14,15:30,930,0.0,0.0,0.0,0.0,0.0,0.0,0.0,5,,closed,0.0,0.0,0.0,0.0,0.0,daily_snapshot,,0
2026-08-14,16:00,960,0.0,0.0,0.0,0.0,0.0,0.0,0.0,5,,closed,0.0,0.0,0.0,0.0,0.0,daily_snapshot,,0
2026-08-14,16:30,990,0.0,0.0,0.0,0.0,0.0,0.0,0.0,5,,closed,0.0,0.0,0.0,0.0,0.0,daily_snapshot,,0
2026-08-14,17:00,1020,0.0,0.0,0.0,0.0,0.0,0.0,0.0,5,,closed,0.0,0.0,0.0,0.0,0.0,daily_snapshot,,0
2026-08-14,17:30,1050,0.0,0.0,0.0,0.0,0.0,0.0,0.0,5,,closed,0.0,0.0,0.0,0.0,0.0,daily_snapshot,,0
2026-08-14,18:00,1080,0.0,0.0,0.0,0.0,0.0,0.0,0.0,5,,closed,0.0,0.0,0.0,0.0,0.0,daily_snapshot,,0
2026-08-14,18:30,1110,0.0,0.0,0.0,0.0,0.0,0.0,0.0,5,,closed,0.0,0.0,0.0,0.0,0.0,daily_snapshot,,0
2026-08-14,19:00,1140,0.0,0.0,0.0,0.0,0.0,0.0,0.0,5,,closed,0.0,0.0,0.0,0.0,0.0,daily_snapshot,,0
2026-08-14,19:30,1170,0.0,0.0,0.0,0.0,0.0,0.0,0.0,5,,closed,0.0,0.0,0.0,0.0,0.0,daily_snapshot,,0
2026-08-14,20:00,1200,0.0,0.0,0.0,0.0,0.0,0.0,0.0,5,,closed,0.0,0.0,0.0,0.0,0.0,daily_snapshot,,0
2026-08-14,20:30,1230,0.0,0.0,0.0,0.0,0.0,0.0,0.0,5,,closed,0.0,0.0,0.0,0.0,0.0,daily_snapshot,,0
2026-08-14,21:00,1260,0.0,0.0,0.0,0.0,0.0,0.0,0.0,5,,closed,0.0,0.0,0.0,0.0,0.0,daily_snapshot,,0
2026-08-14,21:30,1290,0.0,0.0,0.0,0.0,0.0,0.0,0.0,5,,closed,0.0,0.0,0.0,0.0,0.0,daily_snapshot,,0
2026-08-15,07:00,420,0.0,0.0,0.0,0.0,0.0,0.0,0.0,6,,closed,0.0,0.0,0.0,0.0,0.0,daily_snapshot,,0
2026-08-15,07:30,450,0.0,0.0,0.0,0.0,0.0,0.0,0.0,6,,closed,0.0,0.0,0.0,0.0,0.0,daily_snapshot,,0
2026-08-15,08:00,480,0.0,0.0,0.0,0.0,0.0,0.0,0.0,6,,closed,0.0,0.0,0.0,0.0,0.0,daily_snapshot,,0
2026-08-15,08:30,510,0.0,0.0,0.0,0.0,0.0,0.0,0.0,6,,closed,0.0,0.0,0.0,0.0,0.0,daily_snapshot,,0
2026-08-15,09:00,540,0.0,0.0,0.0,0.0,0.0,0.0,0.0,6,,closed,0.0,0.0,0.0,0.0,0.0,daily_snapshot,,0
2026-08-15,09:30,570,0.0,0.0,0.0,0.0,0.0,0.0,0.0,6,,closed,0.0,0.0,0.0,0.0,0.0,daily_snapshot,,0
2026-08-15,10:00,600,0.0,0.0,0.0,0.0,0.0,0.0,0.0,6,,closed,0.0,0.0,0.0,0.0,0.0,daily_snapshot,,0
2026-08-15,10:30,630,0.0,0.0,0.0,0.0,0.0,0.0,0.0,6,,closed,0.0,0.0,0.0,0.0,0.0,daily_snapshot,,0
2026-08-15,11:00,660,0.0,0.0,0.0,0.0,0.0,0.0,0.0,6,,closed,0.0,0.0,0.0,0.0,0.0,daily_snapshot,,0
2026-08-15,11:30,690,0.0,0.0,0.0,0.0,0.0,0.0,0.0,6,,closed,0.0,0.0,0.0,0.0,0.0,daily_snapshot,,0
2026-08-15,12:00,720,0.0,0.0,0.0,0.0,0.0,0.0,0.0,6,,closed,0.0,0.0,0.0,0.0,0.0,daily_snapshot,,0
2026-08-15,12:30,750,0.0,0.0,0.0,0.0,0.0,0.0,0.0,6,,closed,0.0,0.0,0.0,0.0,0.0,daily_snapshot,,0
2026-08-15,13:00,780,0.0,0.0,0.0,0.0,0.0,0.0,0.0,6,,closed,0.0,0.0,0.0,0.0,0.0,daily_snapshot,,0
2026-08-15,13:30,810,0.0,0.0,0.0,0.0,0.0,0.0,0.0,6,,closed,0.0,0.0,0.0,0.0,0.0,daily_snapshot,,0
2026-08-15,14:00,840,0.0,0.0,0.0,0.0,0.0,0.0,0.0,6,,closed,0.0,0.0,0.0,0.0,0.0,daily_snapshot,,0
2026-08-15,14:30,870,0.0,0.0,0.0,0.0,0.0,0.0,0.0,6,,closed,0.0,0.0,0.0,0.0,0.0,daily_snapshot,,0
2026-08-15,15:00,900,0.0,0.0,0.0,0.0,0.0,0.0,0.0,6,,closed,0.0,0.0,0.0,0.0,0.0,daily_snapshot,,0
2026-08-15,15:30,930,0.0,0.0,0.0,0.0,0.0,0.0,0.0,6,,closed,0.0,0.0,0.0,0.0,0.0,daily_snapshot,,0
2026-08-15,16:00,960,0.0,0.0,0.0,0.0,0.0,0.0,0.0,6,,closed,0.0,0.0,0.0,0.0,0.0,daily_snapshot,,0
2026-08-15,16:30,990,0.0,0.0,0.0,0.0,0.0,0.0,0.0,6,,closed,0.0,0.0,0.0,0.0,0.0,daily_snapshot,,0
2026-08-15,17:00,1020,0.0,0.0,0.0,0.0,0.0,0.0,0.0,6,,closed,0.0,0.0,0.0,0.0,0.0,daily_snapshot,,0
2026-08-15,17:30,1050,0.0,0.0,0.0,0.0,0.0,0.0,0.0,6,,closed,0.0,0.0,0.0,0.0,0.0,daily_snapshot,,0
2026-08-15,18:00,1080,0.0,0.0,0.0,0.0,0.0,0.0,0.0,6,,closed,0.0,0.0,0.0,0.0,0.0,daily_snapshot,,0
2026-08-15,18:30,1110,0.0,0.0,0.0,0.0,0.0,0.0,0.0,6,,closed,0.0,0.0,0.0,0.0,0.0,daily_snapshot,,0
2026-08-15,19:00,1140,0.0,0.0,0.0,0.0,0.0,0.0,0.0,6,,closed,0.0,0.0,0.0,0.0,0.0,daily_snapshot,,0
2026-08-15,19:30,1170,0.0,0.0,0.0,0.0,0.0,0.0,0.0,6,,closed,0.0,0.0,0.0,0.0,0.0,daily_snapshot,,0
2026-08-15,20:00,1200,0.0,0.0,0.0,0.0,0.0,0.0,0.0,6,,closed,0.0,0.0,0.0,0.0,0.0,daily_snapshot,,0
2026-08-15,20:30,1230,0.0,0.0,0.0,0.0,0.0,0.0,0.0,6,,closed,0.0,0.0,0.0,0.0,0.0,daily_snapshot,,0
2026-08-15,21:00,1260,0.0,0.0,0.0,0.0,0.0,0.0,0.0,6,,closed,0.0,0.0,0.0,0.0,0.0,daily_snapshot,,0
2026-08-15,21:30,1290,0.0,0.0,0.0,0.0,0.0,0.0,0.0,6,,closed,0.0,0.0,0.0,0.0,0.0,daily_snapshot,,0
2026-08-16,07:00,420,0.0,0.0,0.0,0.0,0.0,0.0,0.0,7,,closed,0.0,0.0,0.0,0.0,0.0,daily_snapshot,,0
2026-08-16,07:30,450,0.0,0.0,0.0,0.0,0.0,0.0,0.0,7,,closed,0.0,0.0,0.0,0.0,0.0,daily_snapshot,,0
2026-08-16,08:00,480,0.0,0.0,0.0,0.0,0.0,0.0,0.0,7,,closed,0.0,0.0,0.0,0.0,0.0,daily_snapshot,,0
2026-08-16,08:30,510,0.0,0.0,0.0,0.0,0.0,0.0,0.0,7,,closed,0.0,0.0,0.0,0.0,0.0,daily_snapshot,,0
2026-08-16,09:00,540,0.0,0.0,0.0,0.0,0.0,0.0,0.0,7,,closed,0.0,0.0,0.0,0.0,0.0,daily_snapshot,,0
2026-08-16,09:30,570,0.0,0.0,0.0,0.0,0.0,0.0,0.0,7,,closed,0.0,0.0,0.0,0.0,0.0,daily_snapshot,,0
2026-08-16,10:00,600,0.0,0.0,0.0,0.0,0.0,0.0,0.0,7,,closed,0.0,0.0,0.0,0.0,0.0,daily_snapshot,,0
2026-08-16,10:30,630,0.0,0.0,0.0,0.0,0.0,0.0,0.0,7,,closed,0.0,0.0,0.0,0.0,0.0,daily_snapshot,,0
2026-08-16,11:00,660,0.0,0.0,0.0,0.0,0.0,0.0,0.0,7,,closed,0.0,0.0,0.0,0.0,0.0,daily_snapshot,,0
2026-08-16,11:30,690,0.0,0.0,0.0,0.0,0.0,0.0,0.0,7,,closed,0.0,0.0,0.0,0.0,0.0,daily_snapshot,,0
2026-08-16,12:00,720,0.0,0.0,0.0,0.0,0.0,0.0,0.0,7,,closed,0.0,0.0,0.0,0.0,0.0,daily_snapshot,,0
2026-08-16,12:30,750,0.0,0.0,0.0,0.0,0.0,0.0,0.0,7,,closed,0.0,0.0,0.0,0.0,0.0,daily_snapshot,,0
2026-08-16,13:00,780,0.0,0.0,0.0,0.0,0.0,0.0,0.0,7,,closed,0.0,0.0,0.0,0.0,0.0,daily_snapshot,,0
2026-08-16,13:30,810,0.0,0.0,0.0,0.0,0.0,0.0,0.0,7,,closed,0.0,0.0,0.0,0.0,0.0,daily_snapshot,,0
2026-08-16,14:00,840,0.0,0.0,0.0,0.0,0.0,0.0,0.0,7,,closed,0.0,0.0,0.0,0.0,0.0,daily_snapshot,,0
2026-08-16,14:30,870,0.0,0.0,0.0,0.0,0.0,0.0,0.0,7,,closed,0.0,0.0,0.0,0.0,0.0,daily_snapshot,,0
2026-08-16,15:00,900,0.0,0.0,0.0,0.0,0.0,0.0,0.0,7,,closed,0.0,0.0,0.0,0.0,0.0,daily_snapshot,,0
2026-08-16,15:30,930,0.0,0.0,0.0,0.0,0.0,0.0,0.0,7,,closed,0.0,0.0,0.0,0.0,0.0,daily_snapshot,,0
2026-08-16,16:00,960,0.0,0.0,0.0,0.0,0.0,0.0,0.0,7,,closed,0.0,0.0,0.0,0.0,0.0,daily_snapshot,,0
2026-08-16,16:30,990,0.0,0.0,0.0,0.0,0.0,0.0,0.0,7,,closed,0.0,0.0,0.0,0.0,0.0,daily_snapshot,,0
2026-08-16,17:00,1020,0.0,0.0,0.0,0.0,0.0,0.0,0.0,7,,closed,0.0,0.0,0.0,0.0,0.0,daily_snapshot,,0
2026-08-16,17:30,1050,0.0,0.0,0.0,0.0,0.0,0.0,0.0,7,,closed,0.0,0.0,0.0,0.0,0.0,daily_snapshot,,0
2026-08-16,18:00,1080,0.0,0.0,0.0,0.0,0.0,0.0,0.0,7,,closed,0.0,0.0,0.0,0.0,0.0,daily_snapshot,,0
2026-08-16,18:30,1110,0.0,0.0,0.0,0.0,0.0,0.0,0.0,7,,closed,0.0,0.0,0.0,0.0,0.0,daily_snapshot,,0
2026-08-16,19:00,1140,0.0,0.0,0.0,0.0,0.0,0.0,0.0,7,,closed,0.0,0.0,0.0,0.0,0.0,daily_snapshot,,0
2026-08-16,19:30,1170,0.0,0.0,0.0,0.0,0.0,0.0,0.0,7,,closed,0.0,0.0,0.0,0.0,0.0,daily_snapshot,,0
2026-08-16,20:00,1200,0.0,0.0,0.0,0.0,0.0,0.0,0.0,7,,closed,0.0,0.0,0.0,0.0,0.0,daily_snapshot,,0
2026-08-16,20:30,1230,0.0,0.0,0.0,0.0,0.0,0.0,0.0,7,,closed,0.0,0.0,0.0,0.0,0.0,daily_snapshot,,0
2026-08-16,21:00,1260,0.0,0.0,0.0,0.0,0.0,0.0,0.0,7,,closed,0.0,0.0,0.0,0.0,0.0,daily_snapshot,,0
2026-08-16,21:30,1290,0.0,0.0,0.0,0.0,0.0,0.0,0.0,7,,closed,0.0,0.0,0.0,0.0,0.0,daily_snapshot,,0
2026-08-17,07:00,420,0.0,0.0,0.0,0.0,0.0,0.0,0.0,1,,closed,0.0,0.0,0.0,0.0,0.0,daily_snapshot,,0
2026-08-17,07:30,450,0.0,0.0,0.0,0.0,0.0,0.0,0.0,1,,closed,0.0,0.0,0.0,0.0,0.0,daily_snapshot,,0
2026-08-17,08:00,480,0.0,0.0,0.0,0.0,0.0,0.0,0.0,1,,closed,0.0,0.0,0.0,0.0,0.0,daily_snapshot,,0
2026-08-17,08:30,510,0.0,0.0,0.0,0.0,0.0,0.0,0.0,1,,closed,0.0,0.0,0.0,0.0,0.0,daily_snapshot,,0
2026-08-17,09:00,540,0.0,0.0,0.0,0.0,0.0,0.0,0.0,1,,closed,0.0,0.0,0.0,0.0,0.0,daily_snapshot,,0
2026-08-17,09:30,570,0.0,0.0,0.0,0.0,0.0,0.0,0.0,1,,closed,0.0,0.0,0.0,0.0,0.0,daily_snapshot,,0
2026-08-17,10:00,600,0.0,0.0,0.0,0.0,0.0,0.0,0.0,1,,closed,0.0,0.0,0.0,0.0,0.0,daily_snapshot,,0
2026-08-17,10:30,630,0.0,0.0,0.0,0.0,0.0,0.0,0.0,1,,closed,0.0,0.0,0.0,0.0,0.0,daily_snapshot,,0
2026-08-17,11:00,660,0.0,0.0,0.0,0.0,0.0,0.0,0.0,1,,closed,0.0,0.0,0.0,0.0,0.0,daily_snapshot,,0
2026-08-17,11:30,690,0.0,0.0,0.0,0.0,0.0,0.0,0.0,1,,closed,0.0,0.0,0.0,0.0,0.0,daily_snapshot,,0
2026-08-17,12:00,720,0.0,0.0,0.0,0.0,0.0,0.0,0.0,1,,closed,0.0,0.0,0.0,0.0,0.0,daily_snapshot,,0
2026-08-17,12:30,750,0.0,0.0,0.0,0.0,0.0,0.0,0.0,1,,closed,0.0,0.0,0.0,0.0,0.0,daily_snapshot,,0
2026-08-17,13:00,780,0.0,0.0,0.0,0.0,0.0,0.0,0.0,1,,closed,0.0,0.0,0.0,0.0,0.0,daily_snapshot,,0
2026-08-17,13:30,810,0.0,0.0,0.0,0.0,0.0,0.0,0.0,1,,closed,0.0,0.0,0.0,0.0,0.0,daily_snapshot,,0
2026-08-17,14:00,840,0.0,0.0,0.0,0.0,0.0,0.0,0.0,1,,closed,0.0,0.0,0.0,0.0,0.0,daily_snapshot,,0
2026-08-17,14:30,870,0.0,0.0,0.0,0.0,0.0,0.0,0.0,1,,closed,0.0,0.0,0.0,0.0,0.0,daily_snapshot,,0
2026-08-17,15:00,900,0.0,0.0,0.0,0.0,0.0,0.0,0.0,1,,closed,0.0,0.0,0.0,0.0,0.0,daily_snapshot,,0
2026-08-17,15:30,930,0.0,0.0,0.0,0.0,0.0,0.0,0.0,1,,closed,0.0,0.0,0.0,0.0,0.0,daily_snapshot,,0
2026-08-17,16:00,960,0.0,0.0,0.0,0.0,0.0,0.0,0.0,1,,closed,0.0,0.0,0.0,0.0,0.0,daily_snapshot,,0
2026-08-17,16:30,990,0.0,0.0,0.0,0.0,0.0,0.0,0.0,1,,closed,0.0,0.0,0.0,0.0,0.0,daily_snapshot,,0
2026-08-17,17:00,1020,0.0,0.0,0.0,0.0,0.0,0.0,0.0,1,,closed,0.0,0.0,0.0,0.0,0.0,daily_snapshot,,0
2026-08-17,17:30,1050,0.0,0.0,0.0,0.0,0.0,0.0,0.0,1,,closed,0.0,0.0,0.0,0.0,0.0,daily_snapshot,,0
2026-08-17,18:00,1080,0.0,0.0,0.0,0.0,0.0,0.0,0.0,1,,closed,0.0,0.0,0.0,0.0,0.0,daily_snapshot,,0
2026-08-17,18:30,1110,0.0,0.0,0.0,0.0,0.0,0.0,0.0,1,,closed,0.0,0.0,0.0,0.0,0.0,daily_snapshot,,0
2026-08-17,19:00,1140,0.0,0.0,0.0,0.0,0.0,0.0,0.0,1,,closed,0.0,0.0,0.0,0.0,0.0,daily_snapshot,,0
2026-08-17,19:30,1170,0.0,0.0,0.0,0.0,0.0,0.0,0.0,1,,closed,0.0,0.0,0.0,0.0,0.0,daily_snapshot,,0
2026-08-17,20:00,1200,0.0,0.0,0.0,0.0,0.0,0.0,0.0,1,,closed,0.0,0.0,0.0,0.0,0.0,daily_snapshot,,0
2026-08-17,20:30,1230,0.0,0.0,0.0,0.0,0.0,0.0,0.0,1,,closed,0.0,0.0,0.0,0.0,0.0,daily_snapshot,,0
2026-08-17,21:00,1260,0.0,0.0,0.0,0.0,0.0,0.0,0.0,1,,closed,0.0,0.0,0.0,0.0,0.0,daily_snapshot,,0
2026-08-17,21:30,1290,0.0,0.0,0.0,0.0,0.0,0.0,0.0,1,,closed,0.0,0.0,0.0,0.0,0.0,daily_snapshot,,0
2026-08-18,07:00,420,0.0,0.0,0.0,0.0,0.0,0.0,0.0,2,,closed,0.0,0.0,0.0,0.0,0.0,daily_snapshot,,0
2026-08-18,07:30,450,0.0,0.0,0.0,0.0,0.0,0.0,0.0,2,,closed,0.0,0.0,0.0,0.0,0.0,daily_snapshot,,0
2026-08-18,08:00,480,0.0,0.0,0.0,0.0,0.0,0.0,0.0,2,,closed,0.0,0.0,0.0,0.0,0.0,daily_snapshot,,0
2026-08-18,08:30,510,0.0,0.0,0.0,0.0,0.0,0.0,0.0,2,,closed,0.0,0.0,0.0,0.0,0.0,daily_snapshot,,0
2026-08-18,09:00,540,0.0,0.0,0.0,0.0,0.0,0.0,0.0,2,,closed,0.0,0.0,0.0,0.0,0.0,daily_snapshot,,0
2026-08-18,09:30,570,0.0,0.0,0.0,0.0,0.0,0.0,0.0,2,,closed,0.0,0.0,0.0,0.0,0.0,daily_snapshot,,0
2026-08-18,10:00,600,0.0,0.0,0.0,0.0,0.0,0.0,0.0,2,,closed,0.0,0.0,0.0,0.0,0.0,daily_snapshot,,0
2026-08-18,10:30,630,0.0,0.0,0.0,0.0,0.0,0.0,0.0,2,,closed,0.0,0.0,0.0,0.0,0.0,daily_snapshot,,0
2026-08-18,11:00,660,0.0,0.0,0.0,0.0,0.0,0.0,0.0,2,,closed,0.0,0.0,0.0,0.0,0.0,daily_snapshot,,0
2026-08-18,11:30,690,0.0,0.0,0.0,0.0,0.0,0.0,0.0,2,,closed,0.0,0.0,0.0,0.0,0.0,daily_snapshot,,0
2026-08-18,12:00,720,0.0,0.0,0.0,0.0,0.0,0.0,0.0,2,,closed,0.0,0.0,0.0,0.0,0.0,daily_snapshot,,0
2026-08-18,12:30,750,0.0,0.0,0.0,0.0,0.0,0.0,0.0,2,,closed,0.0,0.0,0.0,0.0,0.0,daily_snapshot,,0
2026-08-18,13:00,780,0.0,0.0,0.0,0.0,0.0,0.0,0.0,2,,closed,0.0,0.0,0.0,0.0,0.0,daily_snapshot,,0
2026-08-18,13:30,810,0.0,0.0,0.0,0.0,0.0,0.0,0.0,2,,closed,0.0,0.0,0.0,0.0,0.0,daily_snapshot,,0
2026-08-18,14:00,840,0.0,0.0,0.0,0.0,0.0,0.0,0.0,2,,closed,0.0,0.0,0.0,0.0,0.0,daily_snapshot,,0
2026-08-18,14:30,870,0.0,0.0,0.0,0.0,0.0,0.0,0.0,2,,closed,0.0,0.0,0.0,0.0,0.0,daily_snapshot,,0
2026-08-18,15:00,900,0.0,0.0,0.0,0.0,0.0,0.0,0.0,2,,closed,0.0,0.0,0.0,0.0,0.0,daily_snapshot,,0
2026-08-18,15:30,930,0.0,0.0,0.0,0.0,0.0,0.0,0.0,2,,closed,0.0,0.0,0.0,0.0,0.0,daily_snapshot,,0
2026-08-18,16:00,960,0.0,0.0,0.0,0.0,0.0,0.0,0.0,2,,closed,0.0,0.0,0.0,0.0,0.0,daily_snapshot,,0
2026-08-18,16:30,990,0.0,0.0,0.0,0.0,0.0,0.0,0.0,2,,closed,0.0,0.0,0.0,0.0,0.0,daily_snapshot,,0
2026-08-18,17:00,1020,0.0,0.0,0.0,0.0,0.0,0.0,0.0,2,,closed,0.0,0.0,0.0,0.0,0.0,daily_snapshot,,0
2026-08-18,17:30,1050,0.0,0.0,0.0,0.0,0.0,0.0,0.0,2,,closed,0.0,0.0,0.0,0.0,0.0,daily_snapshot,,0
2026-08-18,18:00,1080,0.0,0.0,0.0,0.0,0.0,0.0,0.0,2,,closed,0.0,0.0,0.0,0.0,0.0,daily_snapshot,,0
2026-08-18,18:30,1110,0.0,0.0,0.0,0.0,0.0,0.0,0.0,2,,closed,0.0,0.0,0.0,0.0,0.0,daily_snapshot,,0
2026-08-18,19:00,1140,0.0,0.0,0.0,0.0,0.0,0.0,0.0,2,,closed,0.0,0.0,0.0,0.0,0.0,daily_snapshot,,0
2026-08-18,19:30,1170,0.0,0.0,0.0,0.0,0.0,0.0,0.0,2,,closed,0.0,0.0,0.0,0.0,0.0,daily_snapshot,,0
2026-08-18,20:00,1200,0.0,0.0,0.0,0.0,0.0,0.0,0.0,2,,closed,0.0,0.0,0.0,0.0,0.0,daily_snapshot,,0
2026-08-18,20:30,1230,0.0,0.0,0.0,0.0,0.0,0.0,0.0,2,,closed,0.0,0.0,0.0,0.0,0.0,daily_snapshot,,0
2026-08-18,21:00,1260,0.0,0.0,0.0,0.0,0.0,0.0,0.0,2,,closed,0.0,0.0,0.0,0.0,0.0,daily_snapshot,,0
2026-08-18,21:30,1290,0.0,0.0,0.0,0.0,0.0,0.0,0.0,2,,closed,0.0,0.0,0.0,0.0,0.0,daily_snapshot,,0
2026-08-19,07:00,420,0.0,0.0,0.0,0.0,0.0,0.0,0.0,3,,closed,0.0,0.0,0.0,0.0,0.0,daily_snapshot,,0
2026-08-19,07:30,450,0.0,0.0,0.0,0.0,0.0,0.0,0.0,3,,closed,0.0,0.0,0.0,0.0,0.0,daily_snapshot,,0
2026-08-19,08:00,480,0.0,0.0,0.0,0.0,0.0,0.0,0.0,3,,closed,0.0,0.0,0.0,0.0,0.0,daily_snapshot,,0
2026-08-19,08:30,510,0.0,0.0,0.0,0.0,0.0,0.0,0.0,3,,closed,0.0,0.0,0.0,0.0,0.0,daily_snapshot,,0
2026-08-19,09:00,540,0.0,0.0,0.0,0.0,0.0,0.0,0.0,3,,closed,0.0,0.0,0.0,0.0,0.0,daily_snapshot,,0
2026-08-19,09:30,570,0.0,0.0,0.0,0.0,0.0,0.0,0.0,3,,closed,0.0,0.0,0.0,0.0,0.0,daily_snapshot,,0
2026-08-19,10:00,600,0.0,0.0,0.0,0.0,0.0,0.0,0.0,3,,closed,0.0,0.0,0.0,0.0,0.0,daily_snapshot,,0
2026-08-19,10:30,630,0.0,0.0,0.0,0.0,0.0,0.0,0.0,3,,closed,0.0,0.0,0.0,0.0,0.0,daily_snapshot,,0
2026-08-19,11:00,660,0.0,0.0,0.0,0.0,0.0,0.0,0.0,3,,closed,0.0,0.0,0.0,0.0,0.0,daily_snapshot,,0
2026-08-19,11:30,690,0.0,0.0,0.0,0.0,0.0,0.0,0.0,3,,closed,0.0,0.0,0.0,0.0,0.0,daily_snapshot,,0
2026-08-19,12:00,720,0.0,0.0,0.0,0.0,0.0,0.0,0.0,3,,closed,0.0,0.0,0.0,0.0,0.0,daily_snapshot,,0
2026-08-19,12:30,750,0.0,0.0,0.0,0.0,0.0,0.0,0.0,3,,closed,0.0,0.0,0.0,0.0,0.0,daily_snapshot,,0
2026-08-19,13:00,780,0.0,0.0,0.0,0.0,0.0,0.0,0.0,3,,closed,0.0,0.0,0.0,0.0,0.0,daily_snapshot,,0
2026-08-19,13:30,810,0.0,0.0,0.0,0.0,0.0,0.0,0.0,3,,closed,0.0,0.0,0.0,0.0,0.0,daily_snapshot,,0
2026-08-19,14:00,840,0.0,0.0,0.0,0.0,0.0,0.0,0.0,3,,closed,0.0,0.0,0.0,0.0,0.0,daily_snapshot,,0
2026-08-19,14:30,870,0.0,0.0,0.0,0.0,0.0,0.0,0.0,3,,closed,0.0,0.0,0.0,0.0,0.0,daily_snapshot,,0
2026-08-19,15:00,900,0.0,0.0,0.0,0.0,0.0,0.0,0.0,3,,closed,0.0,0.0,0.0,0.0,0.0,daily_snapshot,,0
2026-08-19,15:30,930,0.0,0.0,0.0,0.0,0.0,0.0,0.0,3,,closed,0.0,0.0,0.0,0.0,0.0,daily_snapshot,,0
2026-08-19,16:00,960,0.0,0.0,0.0,0.0,0.0,0.0,0.0,3,,closed,0.0,0.0,0.0,0.0,0.0,daily_snapshot,,0
2026-08-19,16:30,990,0.0,0.0,0.0,0.0,0.0,0.0,0.0,3,,closed,0.0,0.0,0.0,0.0,0.0,daily_snapshot,,0
2026-08-19,17:00,1020,0.0,0.0,0.0,0.0,0.0,0.0,0.0,3,,closed,0.0,0.0,0.0,0.0,0.0,daily_snapshot,,0
2026-08-19,17:30,1050,0.0,0.0,0.0,0.0,0.0,0.0,0.0,3,,closed,0.0,0.0,0.0,0.0,0.0,daily_snapshot,,0
2026-08-19,18:00,1080,0.0,0.0,0.0,0.0,0.0,0.0,0.0,3,,closed,0.0,0.0,0.0,0.0,0.0,daily_snapshot,,0
2026-08-19,18:30,1110,0.0,0.0,0.0,0.0,0.0,0.0,0.0,3,,closed,0.0,0.0,0.0,0.0,0.0,daily_snapshot,,0
2026-08-19,19:00,1140,0.0,0.0,0.0,0.0,0.0,0.0,0.0,3,,closed,0.0,0.0,0.0,0.0,0.0,daily_snapshot,,0
2026-08-19,19:30,1170,0.0,0.0,0.0,0.0,0.0,0.0,0.0,3,,closed,0.0,0.0,0.0,0.0,0.0,daily_snapshot,,0
2026-08-19,20:00,1200,0.0,0.0,0.0,0.0,0.0,0.0,0.0,3,,closed,0.0,0.0,0.0,0.0,0.0,daily_snapshot,,0
2026-08-19,20:30,1230,0.0,0.0,0.0,0.0,0.0,0.0,0.0,3,,closed,0.0,0.0,0.0,0.0,0.0,daily_snapshot,,0
2026-08-19,21:00,1260,0.0,0.0,0.0,0.0,0.0,0.0,0.0,3,,closed,0.0,0.0,0.0,0.0,0.0,daily_snapshot,,0
2026-08-19,21:30,1290,0.0,0.0,0.0,0.0,0.0,0.0,0.0,3,,closed,0.0,0.0,0.0,0.0,0.0,daily_snapshot,,0
2026-08-20,07:00,420,0.0,0.0,0.0,0.0,0.0,0.0,0.0,4,,closed,0.0,0.0,0.0,0.0,0.0,daily_snapshot,,0
2026-08-20,07:30,450,0.0,0.0,0.0,0.0,0.0,0.0,0.0,4,,closed,0.0,0.0,0.0,0.0,0.0,daily_snapshot,,0
2026-08-20,08:00,480,0.0,0.0,0.0,0.0,0.0,0.0,0.0,4,,closed,0.0,0.0,0.0,0.0,0.0,daily_snapshot,,0
2026-08-20,08:30,510,0.0,0.0,0.0,0.0,0.0,0.0,0.0,4,,closed,0.0,0.0,0.0,0.0,0.0,daily_snapshot,,0
2026-08-20,09:00,540,0.0,0.0,0.0,0.0,0.0,0.0,0.0,4,,closed,0.0,0.0,0.0,0.0,0.0,daily_snapshot,,0
2026-08-20,09:30,570,0.0,0.0,0.0,0.0,0.0,0.0,0.0,4,,closed,0.0,0.0,0.0,0.0,0.0,daily_snapshot,,0
2026-08-20,10:00,600,0.0,0.0,0.0,0.0,0.0,0.0,0.0,4,,closed,0.0,0.0,0.0,0.0,0.0,daily_snapshot,,0
2026-08-20,10:30,630,0.0,0.0,0.0,0.0,0.0,0.0,0.0,4,,closed,0.0,0.0,0.0,0.0,0.0,daily_snapshot,,0
2026-08-20,11:00,660,0.0,0.0,0.0,0.0,0.0,0.0,0.0,4,,closed,0.0,0.0,0.0,0.0,0.0,daily_snapshot,,0
2026-08-20,11:30,690,0.0,0.0,0.0,0.0,0.0,0.0,0.0,4,,closed,0.0,0.0,0.0,0.0,0.0,daily_snapshot,,0
2026-08-20,12:00,720,0.0,0.0,0.0,0.0,0.0,0.0,0.0,4,,closed,0.0,0.0,0.0,0.0,0.0,daily_snapshot,,0
2026-08-20,12:30,750,0.0,0.0,0.0,0.0,0.0,0.0,0.0,4,,closed,0.0,0.0,0.0,0.0,0.0,daily_snapshot,,0
2026-08-20,13:00,780,0.0,0.0,0.0,0.0,0.0,0.0,0.0,4,,closed,0.0,0.0,0.0,0.0,0.0,daily_snapshot,,0
2026-08-20,13:30,810,0.0,0.0,0.0,0.0,0.0,0.0,0.0,4,,closed,0.0,0.0,0.0,0.0,0.0,daily_snapshot,,0
2026-08-20,14:00,840,0.0,0.0,0.0,0.0,0.0,0.0,0.0,4,,closed,0.0,0.0,0.0,0.0,0.0,daily_snapshot,,0
2026-08-20,14:30,870,0.0,0.0,0.0,0.0,0.0,0.0,0.0,4,,closed,0.0,0.0,0.0,0.0,0.0,daily_snapshot,,0
2026-08-20,15:00,900,0.0,0.0,0.0,0.0,0.0,0.0,0.0,4,,closed,0.0,0.0,0.0,0.0,0.0,daily_snapshot,,0
2026-08-20,15:30,930,0.0,0.0,0.0,0.0,0.0,0.0,0.0,4,,closed,0.0,0.0,0.0,0.0,0.0,daily_snapshot,,0
2026-08-20,16:00,960,0.0,0.0,0.0,0.0,0.0,0.0,0.0,4,,closed,0.0,0.0,0.0,0.0,0.0,daily_snapshot,,0
2026-08-20,16:30,990,0.0,0.0,0.0,0.0,0.0,0.0,0.0,4,,closed,0.0,0.0,0.0,0.0,0.0,daily_snapshot,,0
2026-08-20,17:00,1020,0.0,0.0,0.0,0.0,0.0,0.0,0.0,4,,closed,0.0,0.0,0.0,0.0,0.0,daily_snapshot,,0
2026-08-20,17:30,1050,0.0,0.0,0.0,0.0,0.0,0.0,0.0,4,,closed,0.0,0.0,0.0,0.0,0.0,daily_snapshot,,0
2026-08-20,18:00,1080,0.0,0.0,0.0,0.0,0.0,0.0,0.0,4,,closed,0.0,0.0,0.0,0.0,0.0,daily_snapshot,,0
2026-08-20,18:30,1110,0.0,0.0,0.0,0.0,0.0,0.0,0.0,4,,closed,0.0,0.0,0.0,0.0,0.0,daily_snapshot,,0
2026-08-20,19:00,1140,0.0,0.0,0.0,0.0,0.0,0.0,0.0,4,,closed,0.0,0.0,0.0,0.0,0.0,daily_snapshot,,0
2026-08-20,19:30,1170,0.0,0.0,0.0,0.0,0.0,0.0,0.0,4,,closed,0.0,0.0,0.0,0.0,0.0,daily_snapshot,,0
2026-08-20,20:00,1200,0.0,0.0,0.0,0.0,0.0,0.0,0.0,4,,closed,0.0,0.0,0.0,0.0,0.0,daily_snapshot,,0
2026-08-20,20:30,1230,0.0,0.0,0.0,0.0,0.0,0.0,0.0,4,,closed,0.0,0.0,0.0,0.0,0.0,daily_snapshot,,0
2026-08-20,21:00,1260,0.0,0.0,0.0,0.0,0.0,0.0,0.0,4,,closed,0.0,0.0,0.0,0.0,0.0,daily_snapshot,,0
2026-08-20,21:30,1290,0.0,0.0,0.0,0.0,0.0,0.0,0.0,4,,closed,0.0,0.0,0.0,0.0,0.0,daily_snapshot,,0
2026-08-21,07:00,420,0.0,0.0,0.0,0.0,0.0,0.0,0.0,5,,closed,0.0,0.0,0.0,0.0,0.0,daily_snapshot,,0
2026-08-21,07:30,450,0.0,0.0,0.0,0.0,0.0,0.0,0.0,5,,closed,0.0,0.0,0.0,0.0,0.0,daily_snapshot,,0
2026-08-21,08:00,480,0.0,0.0,0.0,0.0,0.0,0.0,0.0,5,,closed,0.0,0.0,0.0,0.0,0.0,daily_snapshot,,0
2026-08-21,08:30,510,0.0,0.0,0.0,0.0,0.0,0.0,0.0,5,,closed,0.0,0.0,0.0,0.0,0.0,daily_snapshot,,0
2026-08-21,09:00,540,0.0,0.0,0.0,0.0,0.0,0.0,0.0,5,,closed,0.0,0.0,0.0,0.0,0.0,daily_snapshot,,0
2026-08-21,09:30,570,0.0,0.0,0.0,0.0,0.0,0.0,0.0,5,,closed,0.0,0.0,0.0,0.0,0.0,daily_snapshot,,0
2026-08-21,10:00,600,0.0,0.0,0.0,0.0,0.0,0.0,0.0,5,,closed,0.0,0.0,0.0,0.0,0.0,daily_snapshot,,0
2026-08-21,10:30,630,0.0,0.0,0.0,0.0,0.0,0.0,0.0,5,,closed,0.0,0.0,0.0,0.0,0.0,daily_snapshot,,0
2026-08-21,11:00,660,0.0,0.0,0.0,0.0,0.0,0.0,0.0,5,,closed,0.0,0.0,0.0,0.0,0.0,daily_snapshot,,0
2026-08-21,11:30,690,0.0,0.0,0.0,0.0,0.0,0.0,0.0,5,,closed,0.0,0.0,0.0,0.0,0.0,daily_snapshot,,0
2026-08-21,12:00,720,0.0,0.0,0.0,0.0,0.0,0.0,0.0,5,,closed,0.0,0.0,0.0,0.0,0.0,daily_snapshot,,0
2026-08-21,12:30,750,0.0,0.0,0.0,0.0,0.0,0.0,0.0,5,,closed,0.0,0.0,0.0,0.0,0.0,daily_snapshot,,0
2026-08-21,13:00,780,0.0,0.0,0.0,0.0,0.0,0.0,0.0,5,,closed,0.0,0.0,0.0,0.0,0.0,daily_snapshot,,0
2026-08-21,13:30,810,0.0,0.0,0.0,0.0,0.0,0.0,0.0,5,,closed,0.0,0.0,0.0,0.0,0.0,daily_snapshot,,0
2026-08-21,14:00,840,0.0,0.0,0.0,0.0,0.0,0.0,0.0,5,,closed,0.0,0.0,0.0,0.0,0.0,daily_snapshot,,0
2026-08-21,14:30,870,0.0,0.0,0.0,0.0,0.0,0.0,0.0,5,,closed,0.0,0.0,0.0,0.0,0.0,daily_snapshot,,0
2026-08-21,15:00,900,0.0,0.0,0.0,0.0,0.0,0.0,0.0,5,,closed,0.0,0.0,0.0,0.0,0.0,daily_snapshot,,0
2026-08-21,15:30,930,0.0,0.0,0.0,0.0,0.0,0.0,0.0,5,,closed,0.0,0.0,0.0,0.0,0.0,daily_snapshot,,0
2026-08-21,16:00,960,0.0,0.0,0.0,0.0,0.0,0.0,0.0,5,,closed,0.0,0.0,0.0,0.0,0.0,daily_snapshot,,0
2026-08-21,16:30,990,0.0,0.0,0.0,0.0,0.0,0.0,0.0,5,,closed,0.0,0.0,0.0,0.0,0.0,daily_snapshot,,0
2026-08-21,17:00,1020,0.0,0.0,0.0,0.0,0.0,0.0,0.0,5,,closed,0.0,0.0,0.0,0.0,0.0,daily_snapshot,,0
2026-08-21,17:30,1050,0.0,0.0,0.0,0.0,0.0,0.0,0.0,5,,closed,0.0,0.0,0.0,0.0,0.0,daily_snapshot,,0
2026-08-21,18:00,1080,0.0,0.0,0.0,0.0,0.0,0.0,0.0,5,,closed,0.0,0.0,0.0,0.0,0.0,daily_snapshot,,0
2026-08-21,18:30,1110,0.0,0.0,0.0,0.0,0.0,0.0,0.0,5,,closed,0.0,0.0,0.0,0.0,0.0,daily_snapshot,,0
2026-08-21,19:00,1140,0.0,0.0,0.0,0.0,0.0,0.0,0.0,5,,closed,0.0,0.0,0.0,0.0,0.0,daily_snapshot,,0
2026-08-21,19:30,1170,0.0,0.0,0.0,0.0,0.0,0.0,0.0,5,,closed,0.0,0.0,0.0,0.0,0.0,daily_snapshot,,0
2026-08-21,20:00,1200,0.0,0.0,0.0,0.0,0.0,0.0,0.0,5,,closed,0.0,0.0,0.0,0.0,0.0,daily_snapshot,,0
2026-08-21,20:30,1230,0.0,0.0,0.0,0.0,0.0,0.0,0.0,5,,closed,0.0,0.0,0.0,0.0,0.0,daily_snapshot,,0
2026-08-21,21:00,1260,0.0,0.0,0.0,0.0,0.0,0.0,0.0,5,,closed,0.0,0.0,0.0,0.0,0.0,daily_snapshot,,0
2026-08-21,21:30,1290,0.0,0.0,0.0,0.0,0.0,0.0,0.0,5,,closed,0.0,0.0,0.0,0.0,0.0,daily_snapshot,,0
2026-08-22,07:00,420,0.0,0.0,0.0,0.0,0.0,0.0,0.0,6,,closed,0.0,0.0,0.0,0.0,0.0,daily_snapshot,,0
2026-08-22,07:30,450,0.0,0.0,0.0,0.0,0.0,0.0,0.0,6,,closed,0.0,0.0,0.0,0.0,0.0,daily_snapshot,,0
2026-08-22,08:00,480,0.0,0.0,0.0,0.0,0.0,0.0,0.0,6,,closed,0.0,0.0,0.0,0.0,0.0,daily_snapshot,,0
2026-08-22,08:30,510,0.0,0.0,0.0,0.0,0.0,0.0,0.0,6,,closed,0.0,0.0,0.0,0.0,0.0,daily_snapshot,,0
2026-08-22,09:00,540,0.0,0.0,0.0,0.0,0.0,0.0,0.0,6,,closed,0.0,0.0,0.0,0.0,0.0,daily_snapshot,,0
2026-08-22,09:30,570,0.0,0.0,0.0,0.0,0.0,0.0,0.0,6,,closed,0.0,0.0,0.0,0.0,0.0,daily_snapshot,,0
2026-08-22,10:00,600,0.0,0.0,0.0,0.0,0.0,0.0,0.0,6,,closed,0.0,0.0,0.0,0.0,0.0,daily_snapshot,,0
2026-08-22,10:30,630,0.0,0.0,0.0,0.0,0.0,0.0,0.0,6,,closed,0.0,0.0,0.0,0.0,0.0,daily_snapshot,,0
2026-08-22,11:00,660,0.0,0.0,0.0,0.0,0.0,0.0,0.0,6,,closed,0.0,0.0,0.0,0.0,0.0,daily_snapshot,,0
2026-08-22,11:30,690,0.0,0.0,0.0,0.0,0.0,0.0,0.0,6,,closed,0.0,0.0,0.0,0.0,0.0,daily_snapshot,,0
2026-08-22,12:00,720,0.0,0.0,0.0,0.0,0.0,0.0,0.0,6,,closed,0.0,0.0,0.0,0.0,0.0,daily_snapshot,,0
2026-08-22,12:30,750,0.0,0.0,0.0,0.0,0.0,0.0,0.0,6,,closed,0.0,0.0,0.0,0.0,0.0,daily_snapshot,,0
2026-08-22,13:00,780,0.0,0.0,0.0,0.0,0.0,0.0,0.0,6,,closed,0.0,0.0,0.0,0.0,0.0,daily_snapshot,,0
2026-08-22,13:30,810,0.0,0.0,0.0,0.0,0.0,0.0,0.0,6,,closed,0.0,0.0,0.0,0.0,0.0,daily_snapshot,,0
2026-08-22,14:00,840,0.0,0.0,0.0,0.0,0.0,0.0,0.0,6,,closed,0.0,0.0,0.0,0.0,0.0,daily_snapshot,,0
2026-08-22,14:30,870,0.0,0.0,0.0,0.0,0.0,0.0,0.0,6,,closed,0.0,0.0,0.0,0.0,0.0,daily_snapshot,,0
2026-08-22,15:00,900,0.0,0.0,0.0,0.0,0.0,0.0,0.0,6,,closed,0.0,0.0,0.0,0.0,0.0,daily_snapshot,,0
2026-08-22,15:30,930,0.0,0.0,0.0,0.0,0.0,0.0,0.0,6,,closed,0.0,0.0,0.0,0.0,0.0,daily_snapshot,,0
2026-08-22,16:00,960,0.0,0.0,0.0,0.0,0.0,0.0,0.0,6,,closed,0.0,0.0,0.0,0.0,0.0,daily_snapshot,,0
2026-08-22,16:30,990,0.0,0.0,0.0,0.0,0.0,0.0,0.0,6,,closed,0.0,0.0,0.0,0.0,0.0,daily_snapshot,,0
2026-08-22,17:00,1020,0.0,0.0,0.0,0.0,0.0,0.0,0.0,6,,closed,0.0,0.0,0.0,0.0,0.0,daily_snapshot,,0
2026-08-22,17:30,1050,0.0,0.0,0.0,0.0,0.0,0.0,0.0,6,,closed,0.0,0.0,0.0,0.0,0.0,daily_snapshot,,0
2026-08-22,18:00,1080,0.0,0.0,0.0,0.0,0.0,0.0,0.0,6,,closed,0.0,0.0,0.0,0.0,0.0,daily_snapshot,,0
2026-08-22,18:30,1110,0.0,0.0,0.0,0.0,0.0,0.0,0.0,6,,closed,0.0,0.0,0.0,0.0,0.0,daily_snapshot,,0
2026-08-22,19:00,1140,0.0,0.0,0.0,0.0,0.0,0.0,0.0,6,,closed,0.0,0.0,0.0,0.0,0.0,daily_snapshot,,0
2026-08-22,19:30,1170,0.0,0.0,0.0,0.0,0.0,0.0,0.0,6,,closed,0.0,0.0,0.0,0.0,0.0,daily_snapshot,,0
2026-08-22,20:00,1200,0.0,0.0,0.0,0.0,0.0,0.0,0.0,6,,closed,0.0,0.0,0.0,0.0,0.0,daily_snapshot,,0
2026-08-22,20:30,1230,0.0,0.0,0.0,0.0,0.0,0.0,0.0,6,,closed,0.0,0.0,0.0,0.0,0.0,daily_snapshot,,0
2026-08-22,21:00,1260,0.0,0.0,0.0,0.0,0.0,0.0,0.0,6,,closed,0.0,0.0,0.0,0.0,0.0,daily_snapshot,,0
2026-08-22,21:30,1290,0.0,0.0,0.0,0.0,0.0,0.0,0.0,6,,closed,0.0,0.0,0.0,0.0,0.0,daily_snapshot,,0
2026-08-23,07:00,420,0.0,0.0,0.0,0.0,0.0,0.0,0.0,7,,closed,0.0,0.0,0.0,0.0,0.0,daily_snapshot,,0
2026-08-23,07:30,450,0.0,0.0,0.0,0.0,0.0,0.0,0.0,7,,closed,0.0,0.0,0.0,0.0,0.0,daily_snapshot,,0
2026-08-23,08:00,480,0.0,0.0,0.0,0.0,0.0,0.0,0.0,7,,closed,0.0,0.0,0.0,0.0,0.0,daily_snapshot,,0
2026-08-23,08:30,510,0.0,0.0,0.0,0.0,0.0,0.0,0.0,7,,closed,0.0,0.0,0.0,0.0,0.0,daily_snapshot,,0
2026-08-23,09:00,540,0.0,0.0,0.0,0.0,0.0,0.0,0.0,7,,closed,0.0,0.0,0.0,0.0,0.0,daily_snapshot,,0
2026-08-23,09:30,570,0.0,0.0,0.0,0.0,0.0,0.0,0.0,7,,closed,0.0,0.0,0.0,0.0,0.0,daily_snapshot,,0
2026-08-23,10:00,600,0.0,0.0,0.0,0.0,0.0,0.0,0.0,7,,closed,0.0,0.0,0.0,0.0,0.0,daily_snapshot,,0
2026-08-23,10:30,630,0.0,0.0,0.0,0.0,0.0,0.0,0.0,7,,closed,0.0,0.0,0.0,0.0,0.0,daily_snapshot,,0
2026-08-23,11:00,660,0.0,0.0,0.0,0.0,0.0,0.0,0.0,7,,closed,0.0,0.0,0.0,0.0,0.0,daily_snapshot,,0
2026-08-23,11:30,690,0.0,0.0,0.0,0.0,0.0,0.0,0.0,7,,closed,0.0,0.0,0.0,0.0,0.0,daily_snapshot,,0
2026-08-23,12:00,720,0.0,0.0,0.0,0.0,0.0,0.0,0.0,7,,closed,0.0,0.0,0.0,0.0,0.0,daily_snapshot,,0
2026-08-23,12:30,750,0.0,0.0,0.0,0.0,0.0,0.0,0.0,7,,closed,0.0,0.0,0.0,0.0,0.0,daily_snapshot,,0
2026-08-23,13:00,780,0.0,0.0,0.0,0.0,0.0,0.0,0.0,7,,closed,0.0,0.0,0.0,0.0,0.0,daily_snapshot,,0
2026-08-23,13:30,810,0.0,0.0,0.0,0.0,0.0,0.0,0.0,7,,closed,0.0,0.0,0.0,0.0,0.0,daily_snapshot,,0
2026-08-23,14:00,840,0.0,0.0,0.0,0.0,0.0,0.0,0.0,7,,closed,0.0,0.0,0.0,0.0,0.0,daily_snapshot,,0
2026-08-23,14:30,870,0.0,0.0,0.0,0.0,0.0,0.0,0.0,7,,closed,0.0,0.0,0.0,0.0,0.0,daily_snapshot,,0
2026-08-23,15:00,900,0.0,0.0,0.0,0.0,0.0,0.0,0.0,7,,closed,0.0,0.0,0.0,0.0,0.0,daily_snapshot,,0
2026-08-23,15:30,930,0.0,0.0,0.0,0.0,0.0,0.0,0.0,7,,closed,0.0,0.0,0.0,0.0,0.0,daily_snapshot,,0
2026-08-23,16:00,960,0.0,0.0,0.0,0.0,0.0,0.0,0.0,7,,closed,0.0,0.0,0.0,0.0,0.0,daily_snapshot,,0
2026-08-23,16:30,990,0.0,0.0,0.0,0.0,0.0,0.0,0.0,7,,closed,0.0,0.0,0.0,0.0,0.0,daily_snapshot,,0
2026-08-23,17:00,1020,0.0,0.0,0.0,0.0,0.0,0.0,0.0,7,,closed,0.0,0.0,0.0,0.0,0.0,daily_snapshot,,0
2026-08-23,17:30,1050,0.0,0.0,0.0,0.0,0.0,0.0,0.0,7,,closed,0.0,0.0,0.0,0.0,0.0,daily_snapshot,,0
2026-08-23,18:00,1080,0.0,0.0,0.0,0.0,0.0,0.0,0.0,7,,closed,0.0,0.0,0.0,0.0,0.0,daily_snapshot,,0
2026-08-23,18:30,1110,0.0,0.0,0.0,0.0,0.0,0.0,0.0,7,,closed,0.0,0.0,0.0,0.0,0.0,daily_snapshot,,0
2026-08-23,19:00,1140,0.0,0.0,0.0,0.0,0.0,0.0,0.0,7,,closed,0.0,0.0,0.0,0.0,0.0,daily_snapshot,,0
2026-08-23,19:30,1170,0.0,0.0,0.0,0.0,0.0,0.0,0.0,7,,closed,0.0,0.0,0.0,0.0,0.0,daily_snapshot,,0
2026-08-23,20:00,1200,0.0,0.0,0.0,0.0,0.0,0.0,0.0,7,,closed,0.0,0.0,0.0,0.0,0.0,daily_snapshot,,0
2026-08-23,20:30,1230,0.0,0.0,0.0,0.0,0.0,0.0,0.0,7,,closed,0.0,0.0,0.0,0.0,0.0,daily_snapshot,,0
2026-08-23,21:00,1260,0.0,0.0,0.0,0.0,0.0,0.0,0.0,7,,closed,0.0,0.0,0.0,0.0,0.0,daily_snapshot,,0
2026-08-23,21:30,1290,0.0,0.0,0.0,0.0,0.0,0.0,0.0,7,,closed,0.0,0.0,0.0,0.0,0.0,daily_snapshot,,0
2026-08-24,07:00,420,0.0,0.0,0.0,0.0,0.0,0.0,0.0,1,,closed,0.0,0.0,0.0,0.0,0.0,daily_snapshot,,0
2026-08-24,07:30,450,0.0,0.0,0.0,0.0,0.0,0.0,0.0,1,,closed,0.0,0.0,0.0,0.0,0.0,daily_snapshot,,0
2026-08-24,08:00,480,0.0,0.0,0.0,0.0,0.0,0.0,0.0,1,,closed,0.0,0.0,0.0,0.0,0.0,daily_snapshot,,0
2026-08-24,08:30,510,0.0,0.0,0.0,0.0,0.0,0.0,0.0,1,,closed,0.0,0.0,0.0,0.0,0.0,daily_snapshot,,0
2026-08-24,09:00,540,0.0,0.0,0.0,0.0,0.0,0.0,0.0,1,,closed,0.0,0.0,0.0,0.0,0.0,daily_snapshot,,0
2026-08-24,09:30,570,0.0,0.0,0.0,0.0,0.0,0.0,0.0,1,,closed,0.0,0.0,0.0,0.0,0.0,daily_snapshot,,0
2026-08-24,10:00,600,0.0,0.0,0.0,0.0,0.0,0.0,0.0,1,,closed,0.0,0.0,0.0,0.0,0.0,daily_snapshot,,0
2026-08-24,10:30,630,0.0,0.0,0.0,0.0,0.0,0.0,0.0,1,,closed,0.0,0.0,0.0,0.0,0.0,daily_snapshot,,0
2026-08-24,11:00,660,0.0,0.0,0.0,0.0,0.0,0.0,0.0,1,,closed,0.0,0.0,0.0,0.0,0.0,daily_snapshot,,0
2026-08-24,11:30,690,0.0,0.0,0.0,0.0,0.0,0.0,0.0,1,,closed,0.0,0.0,0.0,0.0,0.0,daily_snapshot,,0
2026-08-24,12:00,720,0.0,0.0,0.0,0.0,0.0,0.0,0.0,1,,closed,0.0,0.0,0.0,0.0,0.0,daily_snapshot,,0
2026-08-24,12:30,750,0.0,0.0,0.0,0.0,0.0,0.0,0.0,1,,closed,0.0,0.0,0.0,0.0,0.0,daily_snapshot,,0
2026-08-24,13:00,780,0.0,0.0,0.0,0.0,0.0,0.0,0.0,1,,closed,0.0,0.0,0.0,0.0,0.0,daily_snapshot,,0
2026-08-24,13:30,810,0.0,0.0,0.0,0.0,0.0,0.0,0.0,1,,closed,0.0,0.0,0.0,0.0,0.0,daily_snapshot,,0
2026-08-24,14:00,840,0.0,0.0,0.0,0.0,0.0,0.0,0.0,1,,closed,0.0,0.0,0.0,0.0,0.0,daily_snapshot,,0
2026-08-24,14:30,870,0.0,0.0,0.0,0.0,0.0,0.0,0.0,1,,closed,0.0,0.0,0.0,0.0,0.0,daily_snapshot,,0
2026-08-24,15:00,900,0.0,0.0,0.0,0.0,0.0,0.0,0.0,1,,closed,0.0,0.0,0.0,0.0,0.0,daily_snapshot,,0
2026-08-24,15:30,930,0.0,0.0,0.0,0.0,0.0,0.0,0.0,1,,closed,0.0,0.0,0.0,0.0,0.0,daily_snapshot,,0
2026-08-24,16:00,960,0.0,0.0,0.0,0.0,0.0,0.0,0.0,1,,closed,0.0,0.0,0.0,0.0,0.0,daily_snapshot,,0
2026-08-24,16:30,990,0.0,0.0,0.0,0.0,0.0,0.0,0.0,1,,closed,0.0,0.0,0.0,0.0,0.0,daily_snapshot,,0
2026-08-24,17:00,1020,0.0,0.0,0.0,0.0,0.0,0.0,0.0,1,,closed,0.0,0.0,0.0,0.0,0.0,daily_snapshot,,0
2026-08-24,17:30,1050,0.0,0.0,0.0,0.0,0.0,0.0,0.0,1,,closed,0.0,0.0,0.0,0.0,0.0,daily_snapshot,,0
2026-08-24,18:00,1080,0.0,0.0,0.0,0.0,0.0,0.0,0.0,1,,closed,0.0,0.0,0.0,0.0,0.0,daily_snapshot,,0
2026-08-24,18:30,1110,0.0,0.0,0.0,0.0,0.0,0.0,0.0,1,,closed,0.0,0.0,0.0,0.0,0.0,daily_snapshot,,0
2026-08-24,19:00,1140,0.0,0.0,0.0,0.0,0.0,0.0,0.0,1,,closed,0.0,0.0,0.0,0.0,0.0,daily_snapshot,,0
2026-08-24,19:30,1170,0.0,0.0,0.0,0.0,0.0,0.0,0.0,1,,closed,0.0,0.0,0.0,0.0,0.0,daily_snapshot,,0
2026-08-24,20:00,1200,0.0,0.0,0.0,0.0,0.0,0.0,0.0,1,,closed,0.0,0.0,0.0,0.0,0.0,daily_snapshot,,0
2026-08-24,20:30,1230,0.0,0.0,0.0,0.0,0.0,0.0,0.0,1,,closed,0.0,0.0,0.0,0.0,0.0,daily_snapshot,,0
2026-08-24,21:00,1260,0.0,0.0,0.0,0.0,0.0,0.0,0.0,1,,closed,0.0,0.0,0.0,0.0,0.0,daily_snapshot,,0
2026-08-24,21:30,1290,0.0,0.0,0.0,0.0,0.0,0.0,0.0,1,,closed,0.0,0.0,0.0,0.0,0.0,daily_snapshot,,0
2026-08-25,07:00,420,0.0,0.0,0.0,0.0,0.0,0.0,0.0,2,,closed,0.0,0.0,0.0,0.0,0.0,daily_snapshot,,0
2026-08-25,07:30,450,0.0,0.0,0.0,0.0,0.0,0.0,0.0,2,,closed,0.0,0.0,0.0,0.0,0.0,daily_snapshot,,0
2026-08-25,08:00,480,0.0,0.0,0.0,0.0,0.0,0.0,0.0,2,,closed,0.0,0.0,0.0,0.0,0.0,daily_snapshot,,0
2026-08-25,08:30,510,0.0,0.0,0.0,0.0,0.0,0.0,0.0,2,,closed,0.0,0.0,0.0,0.0,0.0,daily_snapshot,,0
2026-08-25,09:00,540,0.0,0.0,0.0,0.0,0.0,0.0,0.0,2,,closed,0.0,0.0,0.0,0.0,0.0,daily_snapshot,,0
2026-08-25,09:30,570,0.0,0.0,0.0,0.0,0.0,0.0,0.0,2,,closed,0.0,0.0,0.0,0.0,0.0,daily_snapshot,,0
2026-08-25,10:00,600,0.0,0.0,0.0,0.0,0.0,0.0,0.0,2,,closed,0.0,0.0,0.0,0.0,0.0,daily_snapshot,,0
2026-08-25,10:30,630,0.0,0.0,0.0,0.0,0.0,0.0,0.0,2,,closed,0.0,0.0,0.0,0.0,0.0,daily_snapshot,,0
2026-08-25,11:00,660,0.0,0.0,0.0,0.0,0.0,0.0,0.0,2,,closed,0.0,0.0,0.0,0.0,0.0,daily_snapshot,,0
2026-08-25,11:30,690,0.0,0.0,0.0,0.0,0.0,0.0,0.0,2,,closed,0.0,0.0,0.0,0.0,0.0,daily_snapshot,,0
2026-08-25,12:00,720,0.0,0.0,0.0,0.0,0.0,0.0,0.0,2,,closed,0.0,0.0,0.0,0.0,0.0,daily_snapshot,,0
2026-08-25,12:30,750,0.0,0.0,0.0,0.0,0.0,0.0,0.0,2,,closed,0.0,0.0,0.0,0.0,0.0,daily_snapshot,,0
2026-08-25,13:00,780,0.0,0.0,0.0,0.0,0.0,0.0,0.0,2,,closed,0.0,0.0,0.0,0.0,0.0,daily_snapshot,,0
2026-08-25,13:30,810,0.0,0.0,0.0,0.0,0.0,0.0,0.0,2,,closed,0.0,0.0,0.0,0.0,0.0,daily_snapshot,,0
2026-08-25,14:00,840,0.0,0.0,0.0,0.0,0.0,0.0,0.0,2,,closed,0.0,0.0,0.0,0.0,0.0,daily_snapshot,,0
2026-08-25,14:30,870,0.0,0.0,0.0,0.0,0.0,0.0,0.0,2,,closed,0.0,0.0,0.0,0.0,0.0,daily_snapshot,,0
2026-08-25,15:00,900,0.0,0.0,0.0,0.0,0.0,0.0,0.0,2,,closed,0.0,0.0,0.0,0.0,0.0,daily_snapshot,,0
2026-08-25,15:30,930,0.0,0.0,0.0,0.0,0.0,0.0,0.0,2,,closed,0.0,0.0,0.0,0.0,0.0,daily_snapshot,,0
2026-08-25,16:00,960,0.0,0.0,0.0,0.0,0.0,0.0,0.0,2,,closed,0.0,0.0,0.0,0.0,0.0,daily_snapshot,,0
2026-08-25,16:30,990,0.0,0.0,0.0,0.0,0.0,0.0,0.0,2,,closed,0.0,0.0,0.0,0.0,0.0,daily_snapshot,,0
2026-08-25,17:00,1020,0.0,0.0,0.0,0.0,0.0,0.0,0.0,2,,closed,0.0,0.0,0.0,0.0,0.0,daily_snapshot,,0
2026-08-25,17:30,1050,0.0,0.0,0.0,0.0,0.0,0.0,0.0,2,,closed,0.0,0.0,0.0,0.0,0.0,daily_snapshot,,0
2026-08-25,18:00,1080,0.0,0.0,0.0,0.0,0.0,0.0,0.0,2,,closed,0.0,0.0,0.0,0.0,0.0,daily_snapshot,,0
2026-08-25,18:30,1110,0.0,0.0,0.0,0.0,0.0,0.0,0.0,2,,closed,0.0,0.0,0.0,0.0,0.0,daily_snapshot,,0
2026-08-25,19:00,1140,0.0,0.0,0.0,0.0,0.0,0.0,0.0,2,,closed,0.0,0.0,0.0,0.0,0.0,daily_snapshot,,0
2026-08-25,19:30,1170,0.0,0.0,0.0,0.0,0.0,0.0,0.0,2,,closed,0.0,0.0,0.0,0.0,0.0,daily_snapshot,,0
2026-08-25,20:00,1200,0.0,0.0,0.0,0.0,0.0,0.0,0.0,2,,closed,0.0,0.0,0.0,0.0,0.0,daily_snapshot,,0
2026-08-25,20:30,1230,0.0,0.0,0.0,0.0,0.0,0.0,0.0,2,,closed,0.0,0.0,0.0,0.0,0.0,daily_snapshot,,0
2026-08-25,21:00,1260,0.0,0.0,0.0,0.0,0.0,0.0,0.0,2,,closed,0.0,0.0,0.0,0.0,0.0,daily_snapshot,,0
2026-08-25,21:30,1290,0.0,0.0,0.0,0.0,0.0,0.0,0.0,2,,closed,0.0,0.0,0.0,0.0,0.0,daily_snapshot,,0
2026-08-26,07:00,420,0.0,0.0,0.0,0.0,0.0,0.0,0.0,3,,closed,0.0,0.0,0.0,0.0,0.0,daily_snapshot,,0
2026-08-26,07:30,450,0.0,0.0,0.0,0.0,0.0,0.0,0.0,3,,closed,0.0,0.0,0.0,0.0,0.0,daily_snapshot,,0
2026-08-26,08:00,480,0.0,0.0,0.0,0.0,0.0,0.0,0.0,3,,closed,0.0,0.0,0.0,0.0,0.0,daily_snapshot,,0
2026-08-26,08:30,510,0.0,0.0,0.0,0.0,0.0,0.0,0.0,3,,closed,0.0,0.0,0.0,0.0,0.0,daily_snapshot,,0
2026-08-26,09:00,540,0.0,0.0,0.0,0.0,0.0,0.0,0.0,3,,closed,0.0,0.0,0.0,0.0,0.0,daily_snapshot,,0
2026-08-26,09:30,570,0.0,0.0,0.0,0.0,0.0,0.0,0.0,3,,closed,0.0,0.0,0.0,0.0,0.0,daily_snapshot,,0
2026-08-26,10:00,600,0.0,0.0,0.0,0.0,0.0,0.0,0.0,3,,closed,0.0,0.0,0.0,0.0,0.0,daily_snapshot,,0
2026-08-26,10:30,630,0.0,0.0,0.0,0.0,0.0,0.0,0.0,3,,closed,0.0,0.0,0.0,0.0,0.0,daily_snapshot,,0
2026-08-26,11:00,660,0.0,0.0,0.0,0.0,0.0,0.0,0.0,3,,closed,0.0,0.0,0.0,0.0,0.0,daily_snapshot,,0
2026-08-26,11:30,690,0.0,0.0,0.0,0.0,0.0,0.0,0.0,3,,closed,0.0,0.0,0.0,0.0,0.0,daily_snapshot,,0
2026-08-26,12:00,720,0.0,0.0,0.0,0.0,0.0,0.0,0.0,3,,closed,0.0,0.0,0.0,0.0,0.0,daily_snapshot,162.4,3
2026-08-26,12:30,750,0.0,0.0,0.0,0.0,0.0,0.0,0.0,3,,closed,0.0,0.0,0.0,0.0,0.0,daily_snapshot,151.7,2
2026-08-26,13:00,780,0.0,0.0,0.0,0.0,0.0,0.0,0.0,3,,closed,0.0,0.0,0.0,0.0,0.0,daily_snapshot,153.9,6
2026-08-26,13:30,810,0.0,0.0,0.0,0.0,0.0,0.0,0.0,3,,closed,0.0,0.0,0.0,0.0,0.0,daily_snapshot,156.4,6
2026-08-26,14:00,840,0.0,0.0,0.0,0.0,0.0,0.0,0.0,3,,closed,0.0,0.0,0.0,0.0,0.0,daily_snapshot,153.6,6
2026-08-26,14:30,870,0.0,0.0,0.0,0.0,0.0,0.0,0.0,3,,closed,0.0,0.0,0.0,0.0,0.0,daily_snapshot,159.8,6
2026-08-26,15:00,900,0.0,0.0,0.0,0.0,0.0,0.0,0.0,3,,closed,0.0,0.0,0.0,0.0,0.0,daily_snapshot,154.1,6
2026-08-26,15:30,930,0.0,0.0,0.0,0.0,0.0,0.0,0.0,3,,closed,0.0,0.0,0.0,0.0,0.0,daily_snapshot,147.3,6
2026-08-26,16:00,960,0.0,0.0,0.0,0.0,0.0,0.0,0.0,3,,closed,0.0,0.0,0.0,0.0,0.0,daily_snapshot,150.4,6
2026-08-26,16:30,990,0.0,0.0,0.0,0.0,0.0,0.0,0.0,3,,closed,0.0,0.0,0.0,0.0,0.0,daily_snapshot,153.4,6
2026-08-26,17:00,1020,0.0,0.0,0.0,0.0,0.0,0.0,0.0,3,,closed,0.0,0.0,0.0,0.0,0.0,daily_snapshot,142.9,6
2026-08-26,17:30,1050,0.0,0.0,0.0,0.0,0.0,0.0,0.0,3,,closed,0.0,0.0,0.0,0.0,0.0,daily_snapshot,124.7,6
2026-08-26,18:00,1080,0.0,0.0,0.0,0.0,0.0,0.0,0.0,3,,closed,0.0,0.0,0.0,0.0,0.0,daily_snapshot,99.0,6
2026-08-26,18:30,1110,0.0,0.0,0.0,0.0,0.0,0.0,0.0,3,,closed,0.0,0.0,0.0,0.0,0.0,daily_snapshot,93.6,6
2026-08-26,19:00,1140,0.0,0.0,0.0,0.0,0.0,0.0,0.0,3,,closed,0.0,0.0,0.0,0.0,0.0,daily_snapshot,85.4,6
2026-08-26,19:30,1170,0.0,0.0,0.0,0.0,0.0,0.0,0.0,3,,closed,0.0,0.0,0.0,0.0,0.0,daily_snapshot,81.2,6
2026-08-26,20:00,1200,0.0,0.0,0.0,0.0,0.0,0.0,0.0,3,,closed,0.0,0.0,0.0,0.0,0.0,daily_snapshot,75.2,6
2026-08-26,20:30,1230,0.0,0.0,0.0,0.0,0.0,0.0,0.0,3,,closed,0.0,0.0,0.0,0.0,0.0,daily_snapshot,63.8,6
2026-08-26,21:00,1260,0.0,0.0,0.0,0.0,0.0,0.0,0.0,3,,closed,0.0,0.0,0.0,0.0,0.0,daily_snapshot,63.8,6
2026-08-26,21:30,1290,0.0,0.0,0.0,0.0,0.0,0.0,0.0,3,,closed,0.0,0.0,0.0,0.0,0.0,daily_snapshot,64.0,6
2026-08-27,07:00,420,0.0,0.0,0.0,0.0,0.0,0.0,0.0,4,,closed,0.0,0.0,0.0,0.0,0.0,daily_snapshot,49.3,6
2026-08-27,07:30,450,0.0,0.0,0.0,0.0,0.0,0.0,0.0,4,,closed,0.0,0.0,0.0,0.0,0.0,daily_snapshot,50.4,6
2026-08-27,08:00,480,0.0,0.0,0.0,0.0,0.0,0.0,0.0,4,,closed,0.0,0.0,0.0,0.0,0.0,daily_snapshot,57.1,6
2026-08-27,08:30,510,0.0,0.0,0.0,0.0,0.0,0.0,0.0,4,,closed,0.0,0.0,0.0,0.0,0.0,daily_snapshot,87.2,6
2026-08-27,09:00,540,0.0,0.0,0.0,0.0,0.0,0.0,0.0,4,,closed,0.0,0.0,0.0,0.0,0.0,daily_snapshot,121.0,6
2026-08-27,09:30,570,0.0,0.0,0.0,0.0,0.0,0.0,0.0,4,,closed,0.0,0.0,0.0,0.0,0.0,daily_snapshot,132.8,6
2026-08-27,10:00,600,0.0,0.0,0.0,0.0,0.0,0.0,0.0,4,,closed,0.0,0.0,0.0,0.0,0.0,daily_snapshot,138.1,6
2026-08-27,10:30,630,0.0,0.0,0.0,0.0,0.0,0.0,0.0,4,,closed,0.0,0.0,0.0,0.0,0.0,daily_snapshot,142.8,6
2026-08-27,11:00,660,0.0,0.0,0.0,0.0,0.0,0.0,0.0,4,,closed,0.0,0.0,0.0,0.0,0.0,daily_snapshot,141.9,6
2026-08-27,11:30,690,0.0,0.0,0.0,0.0,0.0,0.0,0.0,4,,closed,0.0,0.0,0.0,0.0,0.0,daily_snapshot,140.1,6
2026-08-27,12:00,720,0.0,0.0,0.0,0.0,0.0,0.0,0.0,4,,closed,0.0,0.0,0.0,0.0,0.0,daily_snapshot,145.4,6
2026-08-27,12:30,750,0.0,0.0,0.0,0.0,0.0,0.0,0.0,4,,closed,0.0,0.0,0.0,0.0,0.0,daily_snapshot,154.2,6
2026-08-27,13:00,780,0.0,0.0,0.0,0.0,0.0,0.0,0.0,4,,closed,0.0,0.0,0.0,0.0,0.0,daily_snapshot,152.1,6
2026-08-27,13:30,810,0.0,0.0,0.0,0.0,0.0,0.0,0.0,4,,closed,0.0,0.0,0.0,0.0,0.0,daily_snapshot,156.9,6
2026-08-27,14:00,840,0.0,0.0,0.0,0.0,0.0,0.0,0.0,4,,closed,0.0,0.0,0.0,0.0,0.0,daily_snapshot,160.4,6
2026-08-27,14:30,870,0.0,0.0,0.0,0.0,0.0,0.0,0.0,4,,closed,0.0,0.0,0.0,0.0,0.0,daily_snapshot,159.2,6
2026-08-27,15:00,900,0.0,0.0,0.0,0.0,0.0,0.0,0.0,4,,closed,0.0,0.0,0.0,0.0,0.0,daily_snapshot,161.4,6
2026-08-27,15:30,930,0.0,0.0,0.0,0.0,0.0,0.0,0.0,4,,closed,0.0,0.0,0.0,0.0,0.0,daily_snapshot,161.0,6
2026-08-27,16:00,960,0.0,0.0,0.0,0.0,0.0,0.0,0.0,4,,closed,0.0,0.0,0.0,0.0,0.0,daily_snapshot,159.4,6
2026-08-27,16:30,990,0.0,0.0,0.0,0.0,0.0,0.0,0.0,4,,closed,0.0,0.0,0.0,0.0,0.0,daily_snapshot,156.6,6
2026-08-27,17:00,1020,0.0,0.0,0.0,0.0,0.0,0.0,0.0,4,,closed,0.0,0.0,0.0,0.0,0.0,daily_snapshot,139.1,6
2026-08-27,17:30,1050,0.0,0.0,0.0,0.0,0.0,0.0,0.0,4,,closed,0.0,0.0,0.0,0.0,0.0,daily_snapshot,112.8,6
2026-08-27,18:00,1080,0.0,0.0,0.0,0.0,0.0,0.0,0.0,4,,closed,0.0,0.0,0.0,0.0,0.0,daily_snapshot,86.9,6
2026-08-27,18:30,1110,0.0,0.0,0.0,0.0,0.0,0.0,0.0,4,,closed,0.0,0.0,0.0,0.0,0.0,daily_snapshot,73.8,6
2026-08-27,19:00,1140,0.0,0.0,0.0,0.0,0.0,0.0,0.0,4,,closed,0.0,0.0,0.0,0.0,0.0,daily_snapshot,68.6,6
2026-08-27,19:30,1170,0.0,0.0,0.0,0.0,0.0,0.0,0.0,4,,closed,0.0,0.0,0.0,0.0,0.0,daily_snapshot,59.1,6
2026-08-27,20:00,1200,0.0,0.0,0.0,0.0,0.0,0.0,0.0,4,,closed,0.0,0.0,0.0,0.0,0.0,daily_snapshot,54.9,6
2026-08-27,20:30,1230,0.0,0.0,0.0,0.0,0.0,0.0,0.0,4,,closed,0.0,0.0,0.0,0.0,0.0,daily_snapshot,55.9,6
2026-08-27,21:00,1260,0.0,0.0,0.0,0.0,0.0,0.0,0.0,4,,closed,0.0,0.0,0.0,0.0,0.0,daily_snapshot,55.2,6
2026-08-27,21:30,1290,0.0,0.0,0.0,0.0,0.0,0.0,0.0,4,,closed,0.0,0.0,0.0,0.0,0.0,daily_snapshot,54.6,6
2026-08-28,07:00,420,0.0,0.0,0.0,0.0,0.0,0.0,0.0,5,,closed,0.0,0.0,0.0,0.0,0.0,daily_snapshot,46.2,6
2026-08-28,07:30,450,0.0,0.0,0.0,0.0,0.0,0.0,0.0,5,,closed,0.0,0.0,0.0,0.0,0.0,daily_snapshot,47.3,6
2026-08-28,08:00,480,0.0,0.0,0.0,0.0,0.0,0.0,0.0,5,,closed,0.0,0.0,0.0,0.0,0.0,daily_snapshot,54.3,6
2026-08-28,08:30,510,0.0,0.0,0.0,0.0,0.0,0.0,0.0,5,,closed,0.0,0.0,0.0,0.0,0.0,daily_snapshot,83.6,6
2026-08-28,09:00,540,0.0,0.0,0.0,0.0,0.0,0.0,0.0,5,,closed,0.0,0.0,0.0,0.0,0.0,daily_snapshot,124.8,6
2026-08-28,09:30,570,0.0,0.0,0.0,0.0,0.0,0.0,0.0,5,,closed,0.0,0.0,0.0,0.0,0.0,daily_snapshot,138.0,6
2026-08-28,10:00,600,0.0,0.0,0.0,0.0,0.0,0.0,0.0,5,,closed,0.0,0.0,0.0,0.0,0.0,daily_snapshot,151.6,6
2026-08-28,10:30,630,0.0,0.0,0.0,0.0,0.0,0.0,0.0,5,,closed,0.0,0.0,0.0,0.0,0.0,daily_snapshot,161.1,6
2026-08-28,11:00,660,0.0,0.0,0.0,0.0,0.0,0.0,0.0,5,,closed,0.0,0.0,0.0,0.0,0.0,daily_snapshot,155.7,6
2026-08-28,11:30,690,0.0,0.0,0.0,0.0,0.0,0.0,0.0,5,,closed,0.0,0.0,0.0,0.0,0.0,daily_snapshot,150.3,6
2026-08-28,12:00,720,0.0,0.0,0.0,0.0,0.0,0.0,0.0,5,,closed,0.0,0.0,0.0,0.0,0.0,daily_snapshot,117.6,6
2026-08-28,12:30,750,0.0,0.0,0.0,0.0,0.0,0.0,0.0,5,,closed,0.0,0.0,0.0,0.0,0.0,daily_snapshot,128.1,6
2026-08-28,13:00,780,0.0,0.0,0.0,0.0,0.0,0.0,0.0,5,,closed,0.0,0.0,0.0,0.0,0.0,daily_snapshot,132.3,6
2026-08-28,13:30,810,0.0,0.0,0.0,0.0,0.0,0.0,0.0,5,,closed,0.0,0.0,0.0,0.0,0.0,daily_snapshot,131.1,5
2026-08-28,14:00,840,0.0,0.0,0.0,0.0,0.0,0.0,0.0,5,,closed,0.0,0.0,0.0,0.0,0.0,daily_snapshot,129.4,6
2026-08-28,14:30,870,0.0,0.0,0.0,0.0,0.0,0.0,0.0,5,,closed,0.0,0.0,0.0,0.0,0.0,daily_snapshot,126.9,6
2026-08-28,15:00,900,0.0,0.0,0.0,0.0,0.0,0.0,0.0,5,,closed,0.0,0.0,0.0,0.0,0.0,daily_snapshot,123.0,6
2026-08-28,15:30,930,0.0,0.0,0.0,0.0,0.0,0.0,0.0,5,,closed,0.0,0.0,0.0,0.0,0.0,daily_snapshot,130.3,6
2026-08-28,16:00,960,0.0,0.0,0.0,0.0,0.0,0.0,0.0,5,,closed,0.0,0.0,0.0,0.0,0.0,daily_snapshot,125.0,6
2026-08-28,16:30,990,0.0,0.0,0.0,0.0,0.0,0.0,0.0,5,,closed,0.0,0.0,0.0,0.0,0.0,daily_snapshot,121.7,6
2026-08-28,17:00,1020,0.0,0.0,0.0,0.0,0.0,0.0,0.0,5,,closed,0.0,0.0,0.0,0.0,0.0,daily_snapshot,102.7,6
2026-08-28,17:30,1050,0.0,0.0,0.0,0.0,0.0,0.0,0.0,5,,closed,0.0,0.0,0.0,0.0,0.0,daily_snapshot,81.2,6
2026-08-28,18:00,1080,0.0,0.0,0.0,0.0,0.0,0.0,0.0,5,,closed,0.0,0.0,0.0,0.0,0.0,daily_snapshot,60.7,6
2026-08-28,18:30,1110,0.0,0.0,0.0,0.0,0.0,0.0,0.0,5,,closed,0.0,0.0,0.0,0.0,0.0,daily_snapshot,46.7,6
2026-08-28,19:00,1140,0.0,0.0,0.0,0.0,0.0,0.0,0.0,5,,closed,0.0,0.0,0.0,0.0,0.0,daily_snapshot,32.1,6
2026-08-28,19:30,1170,0.0,0.0,0.0,0.0,0.0,0.0,0.0,5,,closed,0.0,0.0,0.0,0.0,0.0,daily_snapshot,28.8,6
2026-08-28,20:00,1200,0.0,0.0,0.0,0.0,0.0,0.0,0.0,5,,closed,0.0,0.0,0.0,0.0,0.0,daily_snapshot,25.7,6
2026-08-28,20:30,1230,0.0,0.0,0.0,0.0,0.0,0.0,0.0,5,,closed,0.0,0.0,0.0,0.0,0.0,daily_snapshot,23.2,6
2026-08-28,21:00,1260,0.0,0.0,0.0,0.0,0.0,0.0,0.0,5,,closed,0.0,0.0,0.0,0.0,0.0,daily_snapshot,21.7,6
2026-08-28,21:30,1290,0.0,0.0,0.0,0.0,0.0,0.0,0.0,5,,closed,0.0,0.0,0.0,0.0,0.0,daily_snapshot,19.9,6
2026-08-29,07:00,420,0.0,0.0,0.0,0.0,0.0,0.0,0.0,6,,closed,0.0,0.0,0.0,0.0,0.0,daily_snapshot,14.0,6
2026-08-29,07:30,450,0.0,0.0,0.0,0.0,0.0,0.0,0.0,6,,closed,0.0,0.0,0.0,0.0,0.0,daily_snapshot,15.1,6
2026-08-29,08:00,480,0.0,0.0,0.0,0.0,0.0,0.0,0.0,6,,closed,0.0,0.0,0.0,0.0,0.0,daily_snapshot,15.1,6
2026-08-29,08:30,510,0.0,0.0,0.0,0.0,0.0,0.0,0.0,6,,closed,0.0,0.0,0.0,0.0,0.0,daily_snapshot,14.1,6
2026-08-29,09:00,540,0.0,0.0,0.0,0.0,0.0,0.0,0.0,6,,closed,0.0,0.0,0.0,0.0,0.0,daily_snapshot,15.1,6
2026-08-29,09:30,570,0.0,0.0,0.0,0.0,0.0,0.0,0.0,6,,closed,0.0,0.0,0.0,0.0,0.0,daily_snapshot,16.8,6
2026-08-29,10:00,600,0.0,0.0,0.0,0.0,0.0,0.0,0.0,6,,closed,0.0,0.0,0.0,0.0,0.0,daily_snapshot,25.0,6
2026-08-29,10:30,630,0.0,0.0,0.0,0.0,0.0,0.0,0.0,6,,closed,0.0,0.0,0.0,0.0,0.0,daily_snapshot,28.7,6
2026-08-29,11:00,660,0.0,0.0,0.0,0.0,0.0,0.0,0.0,6,,closed,0.0,0.0,0.0,0.0,0.0,daily_snapshot,37.4,6
2026-08-29,11:30,690,0.0,0.0,0.0,0.0,0.0,0.0,0.0,6,,closed,0.0,0.0,0.0,0.0,0.0,daily_snapshot,38.2,6
2026-08-29,12:00,720,0.0,0.0,0.0,0.0,0.0,0.0,0.0,6,,closed,0.0,0.0,0.0,0.0,0.0,daily_snapshot,37.3,6
2026-08-29,12:30,750,0.0,0.0,0.0,0.0,0.0,0.0,0.0,6,,closed,0.0,0.0,0.0,0.0,0.0,daily_snapshot,38.0,6
2026-08-29,13:00,780,0.0,0.0,0.0,0.0,0.0,0.0,0.0,6,,closed,0.0,0.0,0.0,0.0,0.0,daily_snapshot,46.6,6
2026-08-29,13:30,810,0.0,0.0,0.0,0.0,0.0,0.0,0.0,6,,closed,0.0,0.0,0.0,0.0,0.0,daily_snapshot,49.7,6
2026-08-29,14:00,840,0.0,0.0,0.0,0.0,0.0,0.0,0.0,6,,closed,0.0,0.0,0.0,0.0,0.0,daily_snapshot,53.4,6
2026-08-29,14:30,870,0.0,0.0,0.0,0.0,0.0,0.0,0.0,6,,closed,0.0,0.0,0.0,0.0,0.0,daily_snapshot,50.2,6
2026-08-29,15:00,900,0.0,0.0,0.0,0.0,0.0,0.0,0.0,6,,closed,0.0,0.0,0.0,0.0,0.0,daily_snapshot,54.4,6
2026-08-29,15:30,930,0.0,0.0,0.0,0.0,0.0,0.0,0.0,6,,closed,0.0,0.0,0.0,0.0,0.0,daily_snapshot,56.9,6
2026-08-29,16:00,960,0.0,0.0,0.0,0.0,0.0,0.0,0.0,6,,closed,0.0,0.0,0.0,0.0,0.0,daily_snapshot,54.6,6
2026-08-29,16:30,990,0.0,0.0,0.0,0.0,0.0,0.0,0.0,6,,closed,0.0,0.0,0.0,0.0,0.0,daily_snapshot,55.1,6
2026-08-29,17:00,1020,0.0,0.0,0.0,0.0,0.0,0.0,0.0,6,,closed,0.0,0.0,0.0,0.0,0.0,daily_snapshot,53.3,6
2026-08-29,17:30,1050,0.0,0.0,0.0,0.0,0.0,0.0,0.0,6,,closed,0.0,0.0,0.0,0.0,0.0,daily_snapshot,49.4,6
2026-08-29,18:00,1080,0.0,0.0,0.0,0.0,0.0,0.0,0.0,6,,closed,0.0,0.0,0.0,0.0,0.0,daily_snapshot,43.2,6
2026-08-29,18:30,1110,0.0,0.0,0.0,0.0,0.0,0.0,0.0,6,,closed,0.0,0.0,0.0,0.0,0.0,daily_snapshot,21.7,6
2026-08-29,19:00,1140,0.0,0.0,0.0,0.0,0.0,0.0,0.0,6,,closed,0.0,0.0,0.0,0.0,0.0,daily_snapshot,17.3,6
2026-08-29,19:30,1170,0.0,0.0,0.0,0.0,0.0,0.0,0.0,6,,closed,0.0,0.0,0.0,0.0,0.0,daily_snapshot,16.4,6
2026-08-29,20:00,1200,0.0,0.0,0.0,0.0,0.0,0.0,0.0,6,,closed,0.0,0.0,0.0,0.0,0.0,daily_snapshot,17.7,6
2026-08-29,20:30,1230,0.0,0.0,0.0,0.0,0.0,0.0,0.0,6,,closed,0.0,0.0,0.0,0.0,0.0,daily_snapshot,17.3,6
2026-08-29,21:00,1260,0.0,0.0,0.0,0.0,0.0,0.0,0.0,6,,closed,0.0,0.0,0.0,0.0,0.0,daily_snapshot,16.1,6
2026-08-29,21:30,1290,0.0,0.0,0.0,0.0,0.0,0.0,0.0,6,,closed,0.0,0.0,0.0,0.0,0.0,daily_snapshot,17.4,6
2026-08-30,07:00,420,0.0,0.0,0.0,0.0,0.0,0.0,0.0,7,,closed,0.0,0.0,0.0,0.0,0.0,daily_snapshot,16.0,6
2026-08-30,07:30,450,0.0,0.0,0.0,0.0,0.0,0.0,0.0,7,,closed,0.0,0.0,0.0,0.0,0.0,daily_snapshot,16.0,6
2026-08-30,08:00,480,0.0,0.0,0.0,0.0,0.0,0.0,0.0,7,,closed,0.0,0.0,0.0,0.0,0.0,daily_snapshot,17.1,6
2026-08-30,08:30,510,0.0,0.0,0.0,0.0,0.0,0.0,0.0,7,,closed,0.0,0.0,0.0,0.0,0.0,daily_snapshot,19.9,6
2026-08-30,09:00,540,0.0,0.0,0.0,0.0,0.0,0.0,0.0,7,,closed,0.0,0.0,0.0,0.0,0.0,daily_snapshot,22.4,6
2026-08-30,09:30,570,0.0,0.0,0.0,0.0,0.0,0.0,0.0,7,,closed,0.0,0.0,0.0,0.0,0.0,daily_snapshot,38.6,6
2026-08-30,10:00,600,0.0,0.0,0.0,0.0,0.0,0.0,0.0,7,,closed,0.0,0.0,0.0,0.0,0.0,daily_snapshot,48.0,6
2026-08-30,10:30,630,0.0,0.0,0.0,0.0,0.0,0.0,0.0,7,,closed,0.0,0.0,0.0,0.0,0.0,daily_snapshot,48.4,6
2026-08-30,11:00,660,0.0,0.0,0.0,0.0,0.0,0.0,0.0,7,,closed,0.0,0.0,0.0,0.0,0.0,daily_snapshot,49.9,6
2026-08-30,11:30,690,0.0,0.0,0.0,0.0,0.0,0.0,0.0,7,,closed,0.0,0.0,0.0,0.0,0.0,daily_snapshot,51.4,6
2026-08-30,12:00,720,0.0,0.0,0.0,0.0,0.0,0.0,0.0,7,,closed,0.0,0.0,0.0,0.0,0.0,daily_snapshot,52.0,6
2026-08-30,12:30,750,0.0,0.0,0.0,0.0,0.0,0.0,0.0,7,,closed,0.0,0.0,0.0,0.0,0.0,daily_snapshot,48.4,6
2026-08-30,13:00,780,0.0,0.0,0.0,0.0,0.0,0.0,0.0,7,,closed,0.0,0.0,0.0,0.0,0.0,daily_snapshot,51.9,6
2026-08-30,13:30,810,0.0,0.0,0.0,0.0,0.0,0.0,0.0,7,,closed,0.0,0.0,0.0,0.0,0.0,daily_snapshot,46.2,6
2026-08-30,14:00,840,0.0,0.0,0.0,0.0,0.0,0.0,0.0,7,,closed,0.0,0.0,0.0,0.0,0.0,daily_snapshot,49.6,6
2026-08-30,14:30,870,0.0,0.0,0.0,0.0,0.0,0.0,0.0,7,,closed,0.0,0.0,0.0,0.0,0.0,daily_snapshot,51.4,6
2026-08-30,15:00,900,0.0,0.0,0.0,0.0,0.0,0.0,0.0,7,,closed,0.0,0.0,0.0,0.0,0.0,daily_snapshot,50.0,6
2026-08-30,15:30,930,0.0,0.0,0.0,0.0,0.0,0.0,0.0,7,,closed,0.0,0.0,0.0,0.0,0.0,daily_snapshot,52.3,6
2026-08-30,16:00,960,0.0,0.0,0.0,0.0,0.0,0.0,0.0,7,,closed,0.0,0.0,0.0,0.0,0.0,daily_snapshot,52.9,6
2026-08-30,16:30,990,0.0,0.0,0.0,0.0,0.0,0.0,0.0,7,,closed,0.0,0.0,0.0,0.0,0.0,daily_snapshot,52.4,6
2026-08-30,17:00,1020,0.0,0.0,0.0,0.0,0.0,0.0,0.0,7,,closed,0.0,0.0,0.0,0.0,0.0,daily_snapshot,48.8,6
2026-08-30,17:30,1050,0.0,0.0,0.0,0.0,0.0,0.0,0.0,7,,closed,0.0,0.0,0.0,0.0,0.0,daily_snapshot,50.8,6
2026-08-30,18:00,1080,0.0,0.0,0.0,0.0,0.0,0.0,0.0,7,,closed,0.0,0.0,0.0,0.0,0.0,daily_snapshot,50.0,6
2026-08-30,18:30,1110,0.0,0.0,0.0,0.0,0.0,0.0,0.0,7,,closed,0.0,0.0,0.0,0.0,0.0,daily_snapshot,47.2,6
2026-08-30,19:00,1140,0.0,0.0,0.0,0.0,0.0,0.0,0.0,7,,closed,0.0,0.0,0.0,0.0,0.0,daily_snapshot,42.9,6
2026-08-30,19:30,1170,0.0,0.0,0.0,0.0,0.0,0.0,0.0,7,,closed,0.0,0.0,0.0,0.0,0.0,daily_snapshot,43.2,6
2026-08-30,20:00,1200,0.0,0.0,0.0,0.0,0.0,0.0,0.0,7,,closed,0.0,0.0,0.0,0.0,0.0,daily_snapshot,24.4,6
2026-08-30,20:30,1230,0.0,0.0,0.0,0.0,0.0,0.0,0.0,7,,closed,0.0,0.0,0.0,0.0,0.0,daily_snapshot,14.2,6
2026-08-30,21:00,1260,0.0,0.0,0.0,0.0,0.0,0.0,0.0,7,,closed,0.0,0.0,0.0,0.0,0.0,daily_snapshot,14.0,6
2026-08-30,21:30,1290,0.0,0.0,0.0,0.0,0.0,0.0,0.0,7,,closed,0.0,0.0,0.0,0.0,0.0,daily_snapshot,12.7,6
2026-08-31,07:00,420,0.0,0.0,0.0,0.0,0.0,0.0,0.0,1,,closed,0.0,0.0,0.0,0.0,0.0,daily_snapshot,8.9,6
2026-08-31,07:30,450,0.0,0.0,0.0,0.0,0.0,0.0,0.0,1,,closed,0.0,0.0,0.0,0.0,0.0,daily_snapshot,10.9,6
2026-08-31,08:00,480,0.0,0.0,0.0,0.0,0.0,0.0,0.0,1,,closed,0.0,0.0,0.0,0.0,0.0,daily_snapshot,17.0,6
2026-08-31,08:30,510,0.0,0.0,0.0,0.0,0.0,0.0,0.0,1,,closed,0.0,0.0,0.0,0.0,0.0,daily_snapshot,39.7,6
2026-08-31,09:00,540,0.0,0.0,0.0,0.0,0.0,0.0,0.0,1,,closed,0.0,0.0,0.0,0.0,0.0,daily_snapshot,72.2,6
2026-08-31,09:30,570,0.0,0.0,0.0,0.0,0.0,0.0,0.0,1,,closed,0.0,0.0,0.0,0.0,0.0,daily_snapshot,77.8,6
2026-08-31,10:00,600,0.0,0.0,0.0,0.0,0.0,0.0,0.0,1,,closed,0.0,0.0,0.0,0.0,0.0,daily_snapshot,89.4,6
2026-08-31,10:30,630,0.0,0.0,0.0,0.0,0.0,0.0,0.0,1,,closed,0.0,0.0,0.0,0.0,0.0,daily_snapshot,96.9,6
2026-08-31,11:00,660,0.0,0.0,0.0,0.0,0.0,0.0,0.0,1,,closed,0.0,0.0,0.0,0.0,0.0,daily_snapshot,101.0,6
2026-08-31,11:30,690,0.0,0.0,0.0,0.0,0.0,0.0,0.0,1,,closed,0.0,0.0,0.0,0.0,0.0,daily_snapshot,108.0,6
2026-08-31,12:00,720,0.0,0.0,0.0,0.0,0.0,0.0,0.0,1,,closed,0.0,0.0,0.0,0.0,0.0,daily_snapshot,109.8,6
2026-08-31,12:30,750,0.0,0.0,0.0,0.0,0.0,0.0,0.0,1,,closed,0.0,0.0,0.0,0.0,0.0,daily_snapshot,118.4,6
2026-08-31,13:00,780,0.0,0.0,0.0,0.0,0.0,0.0,0.0,1,,closed,0.0,0.0,0.0,0.0,0.0,daily_snapshot,113.7,6
2026-08-31,13:30,810,0.0,0.0,0.0,0.0,0.0,0.0,0.0,1,,closed,0.0,0.0,0.0,0.0,0.0,daily_snapshot,122.2,6
2026-08-31,14:00,840,0.0,0.0,0.0,0.0,0.0,0.0,0.0,1,,closed,0.0,0.0,0.0,0.0,0.0,daily_snapshot,131.0,6
2026-08-31,14:30,870,0.0,0.0,0.0,0.0,0.0,0.0,0.0,1,,closed,0.0,0.0,0.0,0.0,0.0,daily_snapshot,127.3,6
2026-08-31,15:00,900,0.0,0.0,0.0,0.0,0.0,0.0,0.0,1,,closed,0.0,0.0,0.0,0.0,0.0,daily_snapshot,123.2,6
2026-08-31,15:30,930,0.0,0.0,0.0,0.0,0.0,0.0,0.0,1,,closed,0.0,0.0,0.0,0.0,0.0,daily_snapshot,127.6,6
2026-08-31,16:00,960,0.0,0.0,0.0,0.0,0.0,0.0,0.0,1,,closed,0.0,0.0,0.0,0.0,0.0,daily_snapshot,132.0,6
2026-08-31,16:30,990,0.0,0.0,0.0,0.0,0.0,0.0,0.0,1,,closed,0.0,0.0,0.0,0.0,0.0,daily_snapshot,124.2,6
2026-08-31,17:00,1020,0.0,0.0,0.0,0.0,0.0,0.0,0.0,1,,closed,0.0,0.0,0.0,0.0,0.0,daily_snapshot,102.2,6
2026-08-31,17:30,1050,0.0,0.0,0.0,0.0,0.0,0.0,0.0,1,,closed,0.0,0.0,0.0,0.0,0.0,daily_snapshot,73.1,6
2026-08-31,18:00,1080,0.0,0.0,0.0,0.0,0.0,0.0,0.0,1,,closed,0.0,0.0,0.0,0.0,0.0,daily_snapshot,54.2,6
2026-08-31,18:30,1110,0.0,0.0,0.0,0.0,0.0,0.0,0.0,1,,closed,0.0,0.0,0.0,0.0,0.0,daily_snapshot,52.6,6
2026-08-31,19:00,1140,0.0,0.0,0.0,0.0,0.0,0.0,0.0,1,,closed,0.0,0.0,0.0,0.0,0.0,daily_snapshot,43.1,6
2026-08-31,19:30,1170,0.0,0.0,0.0,0.0,0.0,0.0,0.0,1,,closed,0.0,0.0,0.0,0.0,0.0,daily_snapshot,34.4,6
2026-08-31,20:00,1200,0.0,0.0,0.0,0.0,0.0,0.0,0.0,1,,closed,0.0,0.0,0.0,0.0,0.0,daily_snapshot,26.9,6
2026-08-31,20:30,1230,0.0,0.0,0.0,0.0,0.0,0.0,0.0,1,,closed,0.0,0.0,0.0,0.0,0.0,daily_snapshot,21.9,6
2026-08-31,21:00,1260,0.0,0.0,0.0,0.0,0.0,0.0,0.0,1,,closed,0.0,0.0,0.0,0.0,0.0,daily_snapshot,22.2,6
2026-08-31,21:30,1290,0.0,0.0,0.0,0.0,0.0,0.0,0.0,1,,closed,0.0,0.0,0.0,0.0,0.0,daily_snapshot,19.1,6
2026-09-01,07:00,420,0.0,0.0,0.0,0.0,0.0,0.0,0.0,2,,closed,0.0,0.0,0.0,0.0,0.0,daily_snapshot,11.8,6
2026-09-01,07:30,450,0.0,0.0,0.0,0.0,0.0,0.0,0.0,2,,closed,0.0,0.0,0.0,0.0,0.0,daily_snapshot,12.2,6
2026-09-01,08:00,480,0.0,0.0,0.0,0.0,0.0,0.0,0.0,2,,closed,0.0,0.0,0.0,0.0,0.0,daily_snapshot,16.7,6
2026-09-01,08:30,510,0.0,0.0,0.0,0.0,0.0,0.0,0.0,2,,closed,0.0,0.0,0.0,0.0,0.0,daily_snapshot,47.2,6
2026-09-01,09:00,540,0.0,0.0,0.0,0.0,0.0,0.0,0.0,2,,closed,0.0,0.0,0.0,0.0,0.0,daily_snapshot,90.6,6
2026-09-01,09:30,570,0.0,0.0,0.0,0.0,0.0,0.0,0.0,2,,closed,0.0,0.0,0.0,0.0,0.0,daily_snapshot,106.9,6
2026-09-01,10:00,600,0.0,0.0,0.0,0.0,0.0,0.0,0.0,2,,closed,0.0,0.0,0.0,0.0,0.0,daily_snapshot,115.0,6
2026-09-01,10:30,630,0.0,0.0,0.0,0.0,0.0,0.0,0.0,2,,closed,0.0,0.0,0.0,0.0,0.0,daily_snapshot,128.6,6
2026-09-01,11:00,660,0.0,0.0,0.0,0.0,0.0,0.0,0.0,2,,closed,0.0,0.0,0.0,0.0,0.0,daily_snapshot,132.3,6
2026-09-01,11:30,690,0.0,0.0,0.0,0.0,0.0,0.0,0.0,2,,closed,0.0,0.0,0.0,0.0,0.0,daily_snapshot,123.4,6
2026-09-01,12:00,720,0.0,0.0,0.0,0.0,0.0,0.0,0.0,2,,closed,0.0,0.0,0.0,0.0,0.0,daily_snapshot,135.1,6
2026-09-01,12:30,750,0.0,0.0,0.0,0.0,0.0,0.0,0.0,2,,closed,0.0,0.0,0.0,0.0,0.0,daily_snapshot,152.3,6
2026-09-01,13:00,780,0.0,0.0,0.0,0.0,0.0,0.0,0.0,2,,closed,0.0,0.0,0.0,0.0,0.0,daily_snapshot,158.6,6
2026-09-01,13:30,810,0.0,0.0,0.0,0.0,0.0,0.0,0.0,2,,closed,0.0,0.0,0.0,0.0,0.0,daily_snapshot,169.1,6
2026-09-01,14:00,840,0.0,0.0,0.0,0.0,0.0,0.0,0.0,2,,closed,0.0,0.0,0.0,0.0,0.0,daily_snapshot,170.1,6
2026-09-01,14:30,870,0.0,0.0,0.0,0.0,0.0,0.0,0.0,2,,closed,0.0,0.0,0.0,0.0,0.0,daily_snapshot,165.3,6
2026-09-01,15:00,900,0.0,0.0,0.0,0.0,0.0,0.0,0.0,2,,closed,0.0,0.0,0.0,0.0,0.0,daily_snapshot,168.3,6
2026-09-01,15:30,930,0.0,0.0,0.0,0.0,0.0,0.0,0.0,2,,closed,0.0,0.0,0.0,0.0,0.0,daily_snapshot,161.0,6
2026-09-01,16:00,960,0.0,0.0,0.0,0.0,0.0,0.0,0.0,2,,closed,0.0,0.0,0.0,0.0,0.0,daily_snapshot,152.8,6
2026-09-01,16:30,990,0.0,0.0,0.0,0.0,0.0,0.0,0.0,2,,closed,0.0,0.0,0.0,0.0,0.0,daily_snapshot,145.1,6
2026-09-01,17:00,1020,0.0,0.0,0.0,0.0,0.0,0.0,0.0,2,,closed,0.0,0.0,0.0,0.0,0.0,daily_snapshot,127.8,6
2026-09-01,17:30,1050,0.0,0.0,0.0,0.0,0.0,0.0,0.0,2,,closed,0.0,0.0,0.0,0.0,0.0,daily_snapshot,105.0,6
2026-09-01,18:00,1080,0.0,0.0,0.0,0.0,0.0,0.0,0.0,2,,closed,0.0,0.0,0.0,0.0,0.0,daily_snapshot,82.7,6
2026-09-01,18:30,1110,0.0,0.0,0.0,0.0,0.0,0.0,0.0,2,,closed,0.0,0.0,0.0,0.0,0.0,daily_snapshot,68.1,6
2026-09-01,19:00,1140,0.0,0.0,0.0,0.0,0.0,0.0,0.0,2,,closed,0.0,0.0,0.0,0.0,0.0,daily_snapshot,55.1,6
2026-09-01,19:30,1170,0.0,0.0,0.0,0.0,0.0,0.0,0.0,2,,closed,0.0,0.0,0.0,0.0,0.0,daily_snapshot,44.9,6
2026-09-01,20:00,1200,0.0,0.0,0.0,0.0,0.0,0.0,0.0,2,,closed,0.0,0.0,0.0,0.0,0.0,daily_snapshot,26.0,6
2026-09-01,20:30,1230,0.0,0.0,0.0,0.0,0.0,0.0,0.0,2,,closed,0.0,0.0,0.0,0.0,0.0,daily_snapshot,18.9,6
2026-09-01,21:00,1260,0.0,0.0,0.0,0.0,0.0,0.0,0.0,2,,closed,0.0,0.0,0.0,0.0,0.0,daily_snapshot,20.7,6
2026-09-01,21:30,1290,0.0,0.0,0.0,0.0,0.0,0.0,0.0,2,,closed,0.0,0.0,0.0,0.0,0.0,daily_snapshot,20.8,6
2026-09-02,07:00,420,0.0,0.0,0.0,0.0,0.0,0.0,0.0,3,,closed,0.0,0.0,0.0,0.0,0.0,daily_snapshot,17.2,6
2026-09-02,07:30,450,0.0,0.0,0.0,0.0,0.0,0.0,0.0,3,,closed,0.0,0.0,0.0,0.0,0.0,daily_snapshot,19.1,6
2026-09-02,08:00,480,0.0,0.0,0.0,0.0,0.0,0.0,0.0,3,,closed,0.0,0.0,0.0,0.0,0.0,daily_snapshot,25.9,6
2026-09-02,08:30,510,0.0,0.0,0.0,0.0,0.0,0.0,0.0,3,,closed,0.0,0.0,0.0,0.0,0.0,daily_snapshot,56.0,6
2026-09-02,09:00,540,0.0,0.0,0.0,0.0,0.0,0.0,0.0,3,,closed,0.0,0.0,0.0,0.0,0.0,daily_snapshot,90.1,6
2026-09-02,09:30,570,0.0,0.0,0.0,0.0,0.0,0.0,0.0,3,,closed,0.0,0.0,0.0,0.0,0.0,daily_snapshot,105.1,6
2026-09-02,10:00,600,0.0,0.0,0.0,0.0,0.0,0.0,0.0,3,,closed,0.0,0.0,0.0,0.0,0.0,daily_snapshot,114.2,6
2026-09-02,10:30,630,0.0,0.0,0.0,0.0,0.0,0.0,0.0,3,,closed,0.0,0.0,0.0,0.0,0.0,daily_snapshot,128.3,6
2026-09-02,11:00,660,0.0,0.0,0.0,0.0,0.0,0.0,0.0,3,,closed,0.0,0.0,0.0,0.0,0.0,daily_snapshot,132.4,6
2026-09-02,11:30,690,0.0,0.0,0.0,0.0,0.0,0.0,0.0,3,,closed,0.0,0.0,0.0,0.0,0.0,daily_snapshot,132.7,6
2026-09-02,12:00,720,0.0,0.0,0.0,0.0,0.0,0.0,0.0,3,,closed,0.0,0.0,0.0,0.0,0.0,daily_snapshot,133.6,6
2026-09-02,12:30,750,0.0,0.0,0.0,0.0,0.0,0.0,0.0,3,,closed,0.0,0.0,0.0,0.0,0.0,daily_snapshot,140.6,6
2026-09-02,13:00,780,0.0,0.0,0.0,0.0,0.0,0.0,0.0,3,,closed,0.0,0.0,0.0,0.0,0.0,daily_snapshot,150.3,6
2026-09-02,13:30,810,0.0,0.0,0.0,0.0,0.0,0.0,0.0,3,,closed,0.0,0.0,0.0,0.0,0.0,daily_snapshot,158.9,6
2026-09-02,14:00,840,0.0,0.0,0.0,0.0,0.0,0.0,0.0,3,,closed,0.0,0.0,0.0,0.0,0.0,daily_snapshot,162.9,6
2026-09-02,14:30,870,0.0,0.0,0.0,0.0,0.0,0.0,0.0,3,,closed,0.0,0.0,0.0,0.0,0.0,daily_snapshot,156.2,6
2026-09-02,15:00,900,0.0,0.0,0.0,0.0,0.0,0.0,0.0,3,,closed,0.0,0.0,0.0,0.0,0.0,daily_snapshot,152.8,6
2026-09-02,15:30,930,0.0,0.0,0.0,0.0,0.0,0.0,0.0,3,,closed,0.0,0.0,0.0,0.0,0.0,daily_snapshot,148.9,6
2026-09-02,16:00,960,0.0,0.0,0.0,0.0,0.0,0.0,0.0,3,,closed,0.0,0.0,0.0,0.0,0.0,daily_snapshot,149.8,6
2026-09-02,16:30,990,0.0,0.0,0.0,0.0,0.0,0.0,0.0,3,,closed,0.0,0.0,0.0,0.0,0.0,daily_snapshot,147.2,6
2026-09-02,17:00,1020,0.0,0.0,0.0,0.0,0.0,0.0,0.0,3,,closed,0.0,0.0,0.0,0.0,0.0,daily_snapshot,140.8,6
2026-09-02,17:30,1050,0.0,0.0,0.0,0.0,0.0,0.0,0.0,3,,closed,0.0,0.0,0.0,0.0,0.0,daily_snapshot,115.4,6
2026-09-02,18:00,1080,0.0,0.0,0.0,0.0,0.0,0.0,0.0,3,,closed,0.0,0.0,0.0,0.0,0.0,daily_snapshot,87.3,6
2026-09-02,18:30,1110,0.0,0.0,0.0,0.0,0.0,0.0,0.0,3,,closed,0.0,0.0,0.0,0.0,0.0,daily_snapshot,68.3,6
2026-09-02,19:00,1140,0.0,0.0,0.0,0.0,0.0,0.0,0.0,3,,closed,0.0,0.0,0.0,0.0,0.0,daily_snapshot,62.9,6
2026-09-02,19:30,1170,0.0,0.0,0.0,0.0,0.0,0.0,0.0,3,,closed,0.0,0.0,0.0,0.0,0.0,daily_snapshot,54.1,6
2026-09-02,20:00,1200,0.0,0.0,0.0,0.0,0.0,0.0,0.0,3,,closed,0.0,0.0,0.0,0.0,0.0,daily_snapshot,37.3,6
2026-09-02,20:30,1230,0.0,0.0,0.0,0.0,0.0,0.0,0.0,3,,closed,0.0,0.0,0.0,0.0,0.0,daily_snapshot,30.1,6
2026-09-02,21:00,1260,0.0,0.0,0.0,0.0,0.0,0.0,0.0,3,,closed,0.0,0.0,0.0,0.0,0.0,daily_snapshot,29.4,6
2026-09-02,21:30,1290,0.0,0.0,0.0,0.0,0.0,0.0,0.0,3,,closed,0.0,0.0,0.0,0.0,0.0,daily_snapshot,26.6,6
2026-09-03,07:00,420,0.0,0.0,0.0,0.0,0.0,0.0,0.0,4,,closed,0.0,0.0,0.0,0.0,0.0,daily_snapshot,17.3,6
2026-09-03,07:30,450,0.0,0.0,0.0,0.0,0.0,0.0,0.0,4,,closed,0.0,0.0,0.0,0.0,0.0,daily_snapshot,18.4,6
2026-09-03,08:00,480,0.0,0.0,0.0,0.0,0.0,0.0,0.0,4,,closed,0.0,0.0,0.0,0.0,0.0,daily_snapshot,25.9,6
2026-09-03,08:30,510,0.0,0.0,0.0,0.0,0.0,0.0,0.0,4,,closed,0.0,0.0,0.0,0.0,0.0,daily_snapshot,49.1,6
2026-09-03,09:00,540,0.0,0.0,0.0,0.0,0.0,0.0,0.0,4,,closed,0.0,0.0,0.0,0.0,0.0,daily_snapshot,84.2,6
2026-09-03,09:30,570,0.0,0.0,0.0,0.0,0.0,0.0,0.0,4,,closed,0.0,0.0,0.0,0.0,0.0,daily_snapshot,103.4,6
2026-09-03,10:00,600,0.0,0.0,0.0,0.0,0.0,0.0,0.0,4,,closed,0.0,0.0,0.0,0.0,0.0,daily_snapshot,117.9,6
2026-09-03,10:30,630,0.0,0.0,0.0,0.0,0.0,0.0,0.0,4,,closed,0.0,0.0,0.0,0.0,0.0,daily_snapshot,121.8,6
2026-09-03,11:00,660,0.0,0.0,0.0,0.0,0.0,0.0,0.0,4,,closed,0.0,0.0,0.0,0.0,0.0,daily_snapshot,130.1,6
2026-09-03,11:30,690,0.0,0.0,0.0,0.0,0.0,0.0,0.0,4,,closed,0.0,0.0,0.0,0.0,0.0,daily_snapshot,127.2,6
2026-09-03,12:00,720,0.0,0.0,0.0,0.0,0.0,0.0,0.0,4,,closed,0.0,0.0,0.0,0.0,0.0,daily_snapshot,124.6,6
2026-09-03,12:30,750,0.0,0.0,0.0,0.0,0.0,0.0,0.0,4,,closed,0.0,0.0,0.0,0.0,0.0,daily_snapshot,136.2,6
2026-09-03,13:00,780,0.0,0.0,0.0,0.0,0.0,0.0,0.0,4,,closed,0.0,0.0,0.0,0.0,0.0,daily_snapshot,145.1,6
2026-09-03,13:30,810,0.0,0.0,0.0,0.0,0.0,0.0,0.0,4,,closed,0.0,0.0,0.0,0.0,0.0,daily_snapshot,157.4,6
2026-09-03,14:00,840,0.0,0.0,0.0,0.0,0.0,0.0,0.0,4,,closed,0.0,0.0,0.0,0.0,0.0,daily_snapshot,166.1,6
2026-09-03,14:30,870,0.0,0.0,0.0,0.0,0.0,0.0,0.0,4,,closed,0.0,0.0,0.0,0.0,0.0,daily_snapshot,168.0,6
2026-09-03,15:00,900,0.0,0.0,0.0,0.0,0.0,0.0,0.0,4,,closed,0.0,0.0,0.0,0.0,0.0,daily_snapshot,164.0,6
2026-09-03,15:30,930,0.0,0.0,0.0,0.0,0.0,0.0,0.0,4,,closed,0.0,0.0,0.0,0.0,0.0,daily_snapshot,163.1,6
2026-09-03,16:00,960,0.0,0.0,0.0,0.0,0.0,0.0,0.0,4,,closed,0.0,0.0,0.0,0.0,0.0,daily_snapshot,159.2,6
2026-09-03,16:30,990,0.0,0.0,0.0,0.0,0.0,0.0,0.0,4,,closed,0.0,0.0,0.0,0.0,0.0,daily_snapshot,161.1,6
2026-09-03,17:00,1020,0.0,0.0,0.0,0.0,0.0,0.0,0.0,4,,closed,0.0,0.0,0.0,0.0,0.0,daily_snapshot,141.7,6
2026-09-03,17:30,1050,0.0,0.0,0.0,0.0,0.0,0.0,0.0,4,,closed,0.0,0.0,0.0,0.0,0.0,daily_snapshot,105.4,6
2026-09-03,18:00,1080,0.0,0.0,0.0,0.0,0.0,0.0,0.0,4,,closed,0.0,0.0,0.0,0.0,0.0,daily_snapshot,82.3,6
2026-09-03,18:30,1110,0.0,0.0,0.0,0.0,0.0,0.0,0.0,4,,closed,0.0,0.0,0.0,0.0,0.0,daily_snapshot,70.3,6
2026-09-03,19:00,1140,0.0,0.0,0.0,0.0,0.0,0.0,0.0,4,,closed,0.0,0.0,0.0,0.0,0.0,daily_snapshot,63.8,6
2026-09-03,19:30,1170,0.0,0.0,0.0,0.0,0.0,0.0,0.0,4,,closed,0.0,0.0,0.0,0.0,0.0,daily_snapshot,42.6,6
2026-09-03,20:00,1200,0.0,0.0,0.0,0.0,0.0,0.0,0.0,4,,closed,0.0,0.0,0.0,0.0,0.0,daily_snapshot,35.3,6
2026-09-03,20:30,1230,0.0,0.0,0.0,0.0,0.0,0.0,0.0,4,,closed,0.0,0.0,0.0,0.0,0.0,daily_snapshot,31.3,6
2026-09-03,21:00,1260,0.0,0.0,0.0,0.0,0.0,0.0,0.0,4,,closed,0.0,0.0,0.0,0.0,0.0,daily_snapshot,26.8,6
2026-09-03,21:30,1290,0.0,0.0,0.0,0.0,0.0,0.0,0.0,4,,closed,0.0,0.0,0.0,0.0,0.0,daily_snapshot,25.4,6
2026-09-04,07:00,420,0.0,0.0,0.0,0.0,0.0,0.0,0.0,5,,closed,0.0,0.0,0.0,0.0,0.0,daily_snapshot,17.7,6
2026-09-04,07:30,450,0.0,0.0,0.0,0.0,0.0,0.0,0.0,5,,closed,0.0,0.0,0.0,0.0,0.0,daily_snapshot,17.7,6
2026-09-04,08:00,480,0.0,0.0,0.0,0.0,0.0,0.0,0.0,5,,closed,0.0,0.0,0.0,0.0,0.0,daily_snapshot,22.0,6
2026-09-04,08:30,510,0.0,0.0,0.0,0.0,0.0,0.0,0.0,5,,closed,0.0,0.0,0.0,0.0,0.0,daily_snapshot,43.9,6
2026-09-04,09:00,540,0.0,0.0,0.0,0.0,0.0,0.0,0.0,5,,closed,0.0,0.0,0.0,0.0,0.0,daily_snapshot,81.0,6
2026-09-04,09:30,570,0.0,0.0,0.0,0.0,0.0,0.0,0.0,5,,closed,0.0,0.0,0.0,0.0,0.0,daily_snapshot,88.7,6
2026-09-04,10:00,600,0.0,0.0,0.0,0.0,0.0,0.0,0.0,5,,closed,0.0,0.0,0.0,0.0,0.0,daily_snapshot,93.6,6
2026-09-04,10:30,630,0.0,0.0,0.0,0.0,0.0,0.0,0.0,5,,closed,0.0,0.0,0.0,0.0,0.0,daily_snapshot,95.4,6
2026-09-04,11:00,660,0.0,0.0,0.0,0.0,0.0,0.0,0.0,5,,closed,0.0,0.0,0.0,0.0,0.0,daily_snapshot,97.2,6
2026-09-04,11:30,690,0.0,0.0,0.0,0.0,0.0,0.0,0.0,5,,closed,0.0,0.0,0.0,0.0,0.0,daily_snapshot,95.3,6
2026-09-04,12:00,720,0.0,0.0,0.0,0.0,0.0,0.0,0.0,5,,closed,0.0,0.0,0.0,0.0,0.0,daily_snapshot,104.6,6
2026-09-04,12:30,750,0.0,0.0,0.0,0.0,0.0,0.0,0.0,5,,closed,0.0,0.0,0.0,0.0,0.0,daily_snapshot,117.0,6
2026-09-04,13:00,780,0.0,0.0,0.0,0.0,0.0,0.0,0.0,5,,closed,0.0,0.0,0.0,0.0,0.0,daily_snapshot,131.6,6
2026-09-04,13:30,810,0.0,0.0,0.0,0.0,0.0,0.0,0.0,5,,closed,0.0,0.0,0.0,0.0,0.0,daily_snapshot,139.1,6
2026-09-04,14:00,840,0.0,0.0,0.0,0.0,0.0,0.0,0.0,5,,closed,0.0,0.0,0.0,0.0,0.0,daily_snapshot,140.7,6
2026-09-04,14:30,870,0.0,0.0,0.0,0.0,0.0,0.0,0.0,5,,closed,0.0,0.0,0.0,0.0,0.0,daily_snapshot,140.9,6
2026-09-04,15:00,900,0.0,0.0,0.0,0.0,0.0,0.0,0.0,5,,closed,0.0,0.0,0.0,0.0,0.0,daily_snapshot,141.4,6
2026-09-04,15:30,930,0.0,0.0,0.0,0.0,0.0,0.0,0.0,5,,closed,0.0,0.0,0.0,0.0,0.0,daily_snapshot,142.0,6
2026-09-04,16:00,960,0.0,0.0,0.0,0.0,0.0,0.0,0.0,5,,closed,0.0,0.0,0.0,0.0,0.0,daily_snapshot,138.8,6
2026-09-04,16:30,990,0.0,0.0,0.0,0.0,0.0,0.0,0.0,5,,closed,0.0,0.0,0.0,0.0,0.0,daily_snapshot,125.8,6
2026-09-04,17:00,1020,0.0,0.0,0.0,0.0,0.0,0.0,0.0,5,,closed,0.0,0.0,0.0,0.0,0.0,daily_snapshot,111.6,6
2026-09-04,17:30,1050,0.0,0.0,0.0,0.0,0.0,0.0,0.0,5,,closed,0.0,0.0,0.0,0.0,0.0,daily_snapshot,80.1,6
2026-09-04,18:00,1080,0.0,0.0,0.0,0.0,0.0,0.0,0.0,5,,closed,0.0,0.0,0.0,0.0,0.0,daily_snapshot,55.4,6
2026-09-04,18:30,1110,0.0,0.0,0.0,0.0,0.0,0.0,0.0,5,,closed,0.0,0.0,0.0,0.0,0.0,daily_snapshot,50.6,6
2026-09-04,19:00,1140,0.0,0.0,0.0,0.0,0.0,0.0,0.0,5,,closed,0.0,0.0,0.0,0.0,0.0,daily_snapshot,37.6,6
2026-09-04,19:30,1170,0.0,0.0,0.0,0.0,0.0,0.0,0.0,5,,closed,0.0,0.0,0.0,0.0,0.0,daily_snapshot,28.4,6
2026-09-04,20:00,1200,0.0,0.0,0.0,0.0,0.0,0.0,0.0,5,,closed,0.0,0.0,0.0,0.0,0.0,daily_snapshot,24.9,6
2026-09-04,20:30,1230,0.0,0.0,0.0,0.0,0.0,0.0,0.0,5,,closed,0.0,0.0,0.0,0.0,0.0,daily_snapshot,22.6,6
2026-09-04,21:00,1260,0.0,0.0,0.0,0.0,0.0,0.0,0.0,5,,closed,0.0,0.0,0.0,0.0,0.0,daily_snapshot,20.3,6
2026-09-04,21:30,1290,0.0,0.0,0.0,0.0,0.0,0.0,0.0,5,,closed,0.0,0.0,0.0,0.0,0.0,daily_snapshot,17.0,6
2026-09-05,07:00,420,0.0,0.0,0.0,0.0,0.0,0.0,0.0,6,,closed,0.0,0.0,0.0,0.0,0.0,daily_snapshot,10.0,6
2026-09-05,07:30,450,0.0,0.0,0.0,0.0,0.0,0.0,0.0,6,,closed,0.0,0.0,0.0,0.0,0.0,daily_snapshot,10.2,6
2026-09-05,08:00,480,0.0,0.0,0.0,0.0,0.0,0.0,0.0,6,,closed,0.0,0.0,0.0,0.0,0.0,daily_snapshot,13.1,6
2026-09-05,08:30,510,0.0,0.0,0.0,0.0,0.0,0.0,0.0,6,,closed,0.0,0.0,0.0,0.0,0.0,daily_snapshot,15.3,6
2026-09-05,09:00,540,0.0,0.0,0.0,0.0,0.0,0.0,0.0,6,,closed,0.0,0.0,0.0,0.0,0.0,daily_snapshot,17.4,6
2026-09-05,09:30,570,0.0,0.0,0.0,0.0,0.0,0.0,0.0,6,,closed,0.0,0.0,0.0,0.0,0.0,daily_snapshot,23.1,6
2026-09-05,10:00,600,0.0,0.0,0.0,0.0,0.0,0.0,0.0,6,,closed,0.0,0.0,0.0,0.0,0.0,daily_snapshot,27.7,6
2026-09-05,10:30,630,0.0,0.0,0.0,0.0,0.0,0.0,0.0,6,,closed,0.0,0.0,0.0,0.0,0.0,daily_snapshot,28.4,6
2026-09-05,11:00,660,0.0,0.0,0.0,0.0,0.0,0.0,0.0,6,,closed,0.0,0.0,0.0,0.0,0.0,daily_snapshot,36.6,6
2026-09-05,11:30,690,0.0,0.0,0.0,0.0,0.0,0.0,0.0,6,,closed,0.0,0.0,0.0,0.0,0.0,daily_snapshot,37.0,6
2026-09-05,12:00,720,0.0,0.0,0.0,0.0,0.0,0.0,0.0,6,,closed,0.0,0.0,0.0,0.0,0.0,daily_snapshot,41.4,6
2026-09-05,12:30,750,0.0,0.0,0.0,0.0,0.0,0.0,0.0,6,,closed,0.0,0.0,0.0,0.0,0.0,daily_snapshot,39.0,6
2026-09-05,13:00,780,0.0,0.0,0.0,0.0,0.0,0.0,0.0,6,,closed,0.0,0.0,0.0,0.0,0.0,daily_snapshot,44.7,6
2026-09-05,13:30,810,0.0,0.0,0.0,0.0,0.0,0.0,0.0,6,,closed,0.0,0.0,0.0,0.0,0.0,daily_snapshot,45.2,6
2026-09-05,14:00,840,0.0,0.0,0.0,0.0,0.0,0.0,0.0,6,,closed,0.0,0.0,0.0,0.0,0.0,daily_snapshot,42.6,6
2026-09-05,14:30,870,0.0,0.0,0.0,0.0,0.0,0.0,0.0,6,,closed,0.0,0.0,0.0,0.0,0.0,daily_snapshot,46.2,6
2026-09-05,15:00,900,0.0,0.0,0.0,0.0,0.0,0.0,0.0,6,,closed,0.0,0.0,0.0,0.0,0.0,daily_snapshot,46.9,6
2026-09-05,15:30,930,0.0,0.0,0.0,0.0,0.0,0.0,0.0,6,,closed,0.0,0.0,0.0,0.0,0.0,daily_snapshot,52.0,6
2026-09-05,16:00,960,0.0,0.0,0.0,0.0,0.0,0.0,0.0,6,,closed,0.0,0.0,0.0,0.0,0.0,daily_snapshot,45.0,6
2026-09-05,16:30,990,0.0,0.0,0.0,0.0,0.0,0.0,0.0,6,,closed,0.0,0.0,0.0,0.0,0.0,daily_snapshot,43.0,6
2026-09-05,17:00,1020,0.0,0.0,0.0,0.0,0.0,0.0,0.0,6,,closed,0.0,0.0,0.0,0.0,0.0,daily_snapshot,39.8,6
2026-09-05,17:30,1050,0.0,0.0,0.0,0.0,0.0,0.0,0.0,6,,closed,0.0,0.0,0.0,0.0,0.0,daily_snapshot,34.8,6
2026-09-05,18:00,1080,0.0,0.0,0.0,0.0,0.0,0.0,0.0,6,,closed,0.0,0.0,0.0,0.0,0.0,daily_snapshot,33.4,6
2026-09-05,18:30,1110,0.0,0.0,0.0,0.0,0.0,0.0,0.0,6,,closed,0.0,0.0,0.0,0.0,0.0,daily_snapshot,34.1,6
2026-09-05,19:00,1140,0.0,0.0,0.0,0.0,0.0,0.0,0.0,6,,closed,0.0,0.0,0.0,0.0,0.0,daily_snapshot,31.2,6
2026-09-05,19:30,1170,0.0,0.0,0.0,0.0,0.0,0.0,0.0,6,,closed,0.0,0.0,0.0,0.0,0.0,daily_snapshot,28.6,6
2026-09-05,20:00,1200,0.0,0.0,0.0,0.0,0.0,0.0,0.0,6,,closed,0.0,0.0,0.0,0.0,0.0,daily_snapshot,22.0,6
2026-09-05,20:30,1230,0.0,0.0,0.0,0.0,0.0,0.0,0.0,6,,closed,0.0,0.0,0.0,0.0,0.0,daily_snapshot,14.7,6
2026-09-05,21:00,1260,0.0,0.0,0.0,0.0,0.0,0.0,0.0,6,,closed,0.0,0.0,0.0,0.0,0.0,daily_snapshot,15.1,6
2026-09-05,21:30,1290,0.0,0.0,0.0,0.0,0.0,0.0,0.0,6,,closed,0.0,0.0,0.0,0.0,0.0,daily_snapshot,15.1,6
2026-09-06,07:00,420,0.0,0.0,0.0,0.0,0.0,0.0,0.0,7,,closed,0.0,0.0,0.0,0.0,0.0,daily_snapshot,8.0,6
2026-09-06,07:30,450,0.0,0.0,0.0,0.0,0.0,0.0,0.0,7,,closed,0.0,0.0,0.0,0.0,0.0,daily_snapshot,8.0,6
2026-09-06,08:00,480,0.0,0.0,0.0,0.0,0.0,0.0,0.0,7,,closed,0.0,0.0,0.0,0.0,0.0,daily_snapshot,8.4,6
2026-09-06,08:30,510,0.0,0.0,0.0,0.0,0.0,0.0,0.0,7,,closed,0.0,0.0,0.0,0.0,0.0,daily_snapshot,9.0,6
2026-09-06,09:00,540,0.0,0.0,0.0,0.0,0.0,0.0,0.0,7,,closed,0.0,0.0,0.0,0.0,0.0,daily_snapshot,11.0,6
2026-09-06,09:30,570,0.0,0.0,0.0,0.0,0.0,0.0,0.0,7,,closed,0.0,0.0,0.0,0.0,0.0,daily_snapshot,25.2,6
2026-09-06,10:00,600,0.0,0.0,0.0,0.0,0.0,0.0,0.0,7,,closed,0.0,0.0,0.0,0.0,0.0,daily_snapshot,40.9,6
2026-09-06,10:30,630,0.0,0.0,0.0,0.0,0.0,0.0,0.0,7,,closed,0.0,0.0,0.0,0.0,0.0,daily_snapshot,42.0,6
2026-09-06,11:00,660,0.0,0.0,0.0,0.0,0.0,0.0,0.0,7,,closed,0.0,0.0,0.0,0.0,0.0,daily_snapshot,43.0,6
2026-09-06,11:30,690,0.0,0.0,0.0,0.0,0.0,0.0,0.0,7,,closed,0.0,0.0,0.0,0.0,0.0,daily_snapshot,41.7,6
2026-09-06,12:00,720,0.0,0.0,0.0,0.0,0.0,0.0,0.0,7,,closed,0.0,0.0,0.0,0.0,0.0,daily_snapshot,42.0,6
2026-09-06,12:30,750,0.0,0.0,0.0,0.0,0.0,0.0,0.0,7,,closed,0.0,0.0,0.0,0.0,0.0,daily_snapshot,43.4,6
2026-09-06,13:00,780,0.0,0.0,0.0,0.0,0.0,0.0,0.0,7,,closed,0.0,0.0,0.0,0.0,0.0,daily_snapshot,40.8,6
2026-09-06,13:30,810,0.0,0.0,0.0,0.0,0.0,0.0,0.0,7,,closed,0.0,0.0,0.0,0.0,0.0,daily_snapshot,44.2,6
2026-09-06,14:00,840,0.0,0.0,0.0,0.0,0.0,0.0,0.0,7,,closed,0.0,0.0,0.0,0.0,0.0,daily_snapshot,46.8,6
2026-09-06,14:30,870,0.0,0.0,0.0,0.0,0.0,0.0,0.0,7,,closed,0.0,0.0,0.0,0.0,0.0,daily_snapshot,52.7,6
2026-09-06,15:00,900,0.0,0.0,0.0,0.0,0.0,0.0,0.0,7,,closed,0.0,0.0,0.0,0.0,0.0,daily_snapshot,61.0,6
2026-09-06,15:30,930,0.0,0.0,0.0,0.0,0.0,0.0,0.0,7,,closed,0.0,0.0,0.0,0.0,0.0,daily_snapshot,61.9,6
2026-09-06,16:00,960,0.0,0.0,0.0,0.0,0.0,0.0,0.0,7,,closed,0.0,0.0,0.0,0.0,0.0,daily_snapshot,62.0,6
2026-09-06,16:30,990,0.0,0.0,0.0,0.0,0.0,0.0,0.0,7,,closed,0.0,0.0,0.0,0.0,0.0,daily_snapshot,65.0,6
2026-09-06,17:00,1020,0.0,0.0,0.0,0.0,0.0,0.0,0.0,7,,closed,0.0,0.0,0.0,0.0,0.0,daily_snapshot,63.9,6
2026-09-06,17:30,1050,0.0,0.0,0.0,0.0,0.0,0.0,0.0,7,,closed,0.0,0.0,0.0,0.0,0.0,daily_snapshot,63.1,6
2026-09-06,18:00,1080,0.0,0.0,0.0,0.0,0.0,0.0,0.0,7,,closed,0.0,0.0,0.0,0.0,0.0,daily_snapshot,61.4,6
2026-09-06,18:30,1110,0.0,0.0,0.0,0.0,0.0,0.0,0.0,7,,closed,0.0,0.0,0.0,0.0,0.0,daily_snapshot,59.7,6
2026-09-06,19:00,1140,0.0,0.0,0.0,0.0,0.0,0.0,0.0,7,,closed,0.0,0.0,0.0,0.0,0.0,daily_snapshot,56.6,6
2026-09-06,19:30,1170,0.0,0.0,0.0,0.0,0.0,0.0,0.0,7,,closed,0.0,0.0,0.0,0.0,0.0,daily_snapshot,55.4,6
2026-09-06,20:00,1200,0.0,0.0,0.0,0.0,0.0,0.0,0.0,7,,closed,0.0,0.0,0.0,0.0,0.0,daily_snapshot,39.2,6
2026-09-06,20:30,1230,0.0,0.0,0.0,0.0,0.0,0.0,0.0,7,,closed,0.0,0.0,0.0,0.0,0.0,daily_snapshot,26.3,6
2026-09-06,21:00,1260,0.0,0.0,0.0,0.0,0.0,0.0,0.0,7,,closed,0.0,0.0,0.0,0.0,0.0,daily_snapshot,23.8,6
2026-09-06,21:30,1290,0.0,0.0,0.0,0.0,0.0,0.0,0.0,7,,closed,0.0,0.0,0.0,0.0,0.0,daily_snapshot,22.3,6
2026-09-07,07:00,420,0.0,0.0,0.0,0.0,0.0,0.0,0.0,1,,closed,0.0,0.0,0.0,0.0,0.0,daily_snapshot,21.2,6
2026-09-07,07:30,450,0.0,0.0,0.0,0.0,0.0,0.0,0.0,1,,closed,0.0,0.0,0.0,0.0,0.0,daily_snapshot,23.3,6
2026-09-07,08:00,480,0.0,0.0,0.0,0.0,0.0,0.0,0.0,1,,closed,0.0,0.0,0.0,0.0,0.0,daily_snapshot,26.4,6
2026-09-07,08:30,510,0.0,0.0,0.0,0.0,0.0,0.0,0.0,1,,closed,0.0,0.0,0.0,0.0,0.0,daily_snapshot,36.4,6
2026-09-07,09:00,540,0.0,0.0,0.0,0.0,0.0,0.0,0.0,1,,closed,0.0,0.0,0.0,0.0,0.0,daily_snapshot,45.9,6
2026-09-07,09:30,570,0.0,0.0,0.0,0.0,0.0,0.0,0.0,1,,closed,0.0,0.0,0.0,0.0,0.0,daily_snapshot,53.1,6
2026-09-07,10:00,600,0.0,0.0,0.0,0.0,0.0,0.0,0.0,1,,closed,0.0,0.0,0.0,0.0,0.0,daily_snapshot,52.2,6
2026-09-07,10:30,630,0.0,0.0,0.0,0.0,0.0,0.0,0.0,1,,closed,0.0,0.0,0.0,0.0,0.0,daily_snapshot,51.8,6
2026-09-07,11:00,660,0.0,0.0,0.0,0.0,0.0,0.0,0.0,1,,closed,0.0,0.0,0.0,0.0,0.0,daily_snapshot,53.1,6
2026-09-07,11:30,690,0.0,0.0,0.0,0.0,0.0,0.0,0.0,1,,closed,0.0,0.0,0.0,0.0,0.0,daily_snapshot,55.8,6
2026-09-07,12:00,720,0.0,0.0,0.0,0.0,0.0,0.0,0.0,1,,closed,0.0,0.0,0.0,0.0,0.0,daily_snapshot,63.8,6
2026-09-07,12:30,750,0.0,0.0,0.0,0.0,0.0,0.0,0.0,1,,closed,0.0,0.0,0.0,0.0,0.0,daily_snapshot,65.3,6
2026-09-07,13:00,780,0.0,0.0,0.0,0.0,0.0,0.0,0.0,1,,closed,0.0,0.0,0.0,0.0,0.0,daily_snapshot,68.4,6
2026-09-07,13:30,810,0.0,0.0,0.0,0.0,0.0,0.0,0.0,1,,closed,0.0,0.0,0.0,0.0,0.0,daily_snapshot,74.8,6
2026-09-07,14:00,840,0.0,0.0,0.0,0.0,0.0,0.0,0.0,1,,closed,0.0,0.0,0.0,0.0,0.0,daily_snapshot,75.9,6
2026-09-07,14:30,870,0.0,0.0,0.0,0.0,0.0,0.0,0.0,1,,closed,0.0,0.0,0.0,0.0,0.0,daily_snapshot,76.9,6
2026-09-07,15:00,900,0.0,0.0,0.0,0.0,0.0,0.0,0.0,1,,closed,0.0,0.0,0.0,0.0,0.0,daily_snapshot,77.9,6
2026-09-07,15:30,930,0.0,0.0,0.0,0.0,0.0,0.0,0.0,1,,closed,0.0,0.0,0.0,0.0,0.0,daily_snapshot,75.1,6
2026-09-07,16:00,960,0.0,0.0,0.0,0.0,0.0,0.0,0.0,1,,closed,0.0,0.0,0.0,0.0,0.0,daily_snapshot,74.3,6
2026-09-07,16:30,990,0.0,0.0,0.0,0.0,0.0,0.0,0.0,1,,closed,0.0,0.0,0.0,0.0,0.0,daily_snapshot,73.8,6
2026-09-07,17:00,1020,0.0,0.0,0.0,0.0,0.0,0.0,0.0,1,,closed,0.0,0.0,0.0,0.0,0.0,daily_snapshot,75.4,6
2026-09-07,17:30,1050,0.0,0.0,0.0,0.0,0.0,0.0,0.0,1,,closed,0.0,0.0,0.0,0.0,0.0,daily_snapshot,66.8,6
2026-09-07,18:00,1080,0.0,0.0,0.0,0.0,0.0,0.0,0.0,1,,closed,0.0,0.0,0.0,0.0,0.0,daily_snapshot,55.6,6
2026-09-07,18:30,1110,0.0,0.0,0.0,0.0,0.0,0.0,0.0,1,,closed,0.0,0.0,0.0,0.0,0.0,daily_snapshot,48.0,6
2026-09-07,19:00,1140,0.0,0.0,0.0,0.0,0.0,0.0,0.0,1,,closed,0.0,0.0,0.0,0.0,0.0,daily_snapshot,45.9,6
2026-09-07,19:30,1170,0.0,0.0,0.0,0.0,0.0,0.0,0.0,1,,closed,0.0,0.0,0.0,0.0,0.0,daily_snapshot,43.8,6
2026-09-07,20:00,1200,0.0,0.0,0.0,0.0,0.0,0.0,0.0,1,,closed,0.0,0.0,0.0,0.0,0.0,daily_snapshot,40.6,6
2026-09-07,20:30,1230,0.0,0.0,0.0,0.0,0.0,0.0,0.0,1,,closed,0.0,0.0,0.0,0.0,0.0,daily_snapshot,35.1,6
2026-09-07,21:00,1260,0.0,0.0,0.0,0.0,0.0,0.0,0.0,1,,closed,0.0,0.0,0.0,0.0,0.0,daily_snapshot,31.3,6
2026-09-07,21:30,1290,0.0,0.0,0.0,0.0,0.0,0.0,0.0,1,,closed,0.0,0.0,0.0,0.0,0.0,daily_snapshot,26.9,6
2026-09-08,07:00,420,0.0,0.0,0.0,0.0,0.0,0.0,0.0,2,,closed,0.0,0.0,0.0,0.0,0.0,daily_snapshot,24.2,6
2026-09-08,07:30,450,0.0,0.0,0.0,0.0,0.0,0.0,0.0,2,,closed,0.0,0.0,0.0,0.0,0.0,daily_snapshot,25.7,6
2026-09-08,08:00,480,0.0,0.0,0.0,0.0,0.0,0.0,0.0,2,,closed,0.0,0.0,0.0,0.0,0.0,daily_snapshot,31.7,6
2026-09-08,08:30,510,0.0,0.0,0.0,0.0,0.0,0.0,0.0,2,,closed,0.0,0.0,0.0,0.0,0.0,daily_snapshot,62.8,6
2026-09-08,09:00,540,0.0,0.0,0.0,0.0,0.0,0.0,0.0,2,,closed,0.0,0.0,0.0,0.0,0.0,daily_snapshot,99.2,6
2026-09-08,09:30,570,0.0,0.0,0.0,0.0,0.0,0.0,0.0,2,,closed,0.0,0.0,0.0,0.0,0.0,daily_snapshot,110.7,6
2026-09-08,10:00,600,0.0,0.0,0.0,0.0,0.0,0.0,0.0,2,,closed,0.0,0.0,0.0,0.0,0.0,daily_snapshot,122.6,6
2026-09-08,10:30,630,0.0,0.0,0.0,0.0,0.0,0.0,0.0,2,,closed,0.0,0.0,0.0,0.0,0.0,daily_snapshot,132.2,6
2026-09-08,11:00,660,0.0,0.0,0.0,0.0,0.0,0.0,0.0,2,,closed,0.0,0.0,0.0,0.0,0.0,daily_snapshot,142.7,6
2026-09-08,11:30,690,0.0,0.0,0.0,0.0,0.0,0.0,0.0,2,,closed,0.0,0.0,0.0,0.0,0.0,daily_snapshot,146.3,6
2026-09-08,12:00,720,0.0,0.0,0.0,0.0,0.0,0.0,0.0,2,,closed,0.0,0.0,0.0,0.0,0.0,daily_snapshot,154.2,6
2026-09-08,12:30,750,0.0,0.0,0.0,0.0,0.0,0.0,0.0,2,,closed,0.0,0.0,0.0,0.0,0.0,daily_snapshot,163.3,6
2026-09-08,13:00,780,0.0,0.0,0.0,0.0,0.0,0.0,0.0,2,,closed,0.0,0.0,0.0,0.0,0.0,daily_snapshot,168.3,6
2026-09-08,13:30,810,0.0,0.0,0.0,0.0,0.0,0.0,0.0,2,,closed,0.0,0.0,0.0,0.0,0.0,daily_snapshot,174.7,6
2026-09-08,14:00,840,0.0,0.0,0.0,0.0,0.0,0.0,0.0,2,,closed,0.0,0.0,0.0,0.0,0.0,daily_snapshot,175.1,6
2026-09-08,14:30,870,0.0,0.0,0.0,0.0,0.0,0.0,0.0,2,,closed,0.0,0.0,0.0,0.0,0.0,daily_snapshot,178.6,6
2026-09-08,15:00,900,0.0,0.0,0.0,0.0,0.0,0.0,0.0,2,,closed,0.0,0.0,0.0,0.0,0.0,daily_snapshot,170.8,6
2026-09-08,15:30,930,0.0,0.0,0.0,0.0,0.0,0.0,0.0,2,,closed,0.0,0.0,0.0,0.0,0.0,daily_snapshot,168.7,6
2026-09-08,16:00,960,0.0,0.0,0.0,0.0,0.0,0.0,0.0,2,,closed,0.0,0.0,0.0,0.0,0.0,daily_snapshot,163.3,6
2026-09-08,16:30,990,0.0,0.0,0.0,0.0,0.0,0.0,0.0,2,,closed,0.0,0.0,0.0,0.0,0.0,daily_snapshot,156.9,6
2026-09-08,17:00,1020,0.0,0.0,0.0,0.0,0.0,0.0,0.0,2,,closed,0.0,0.0,0.0,0.0,0.0,daily_snapshot,143.2,6
2026-09-08,17:30,1050,0.0,0.0,0.0,0.0,0.0,0.0,0.0,2,,closed,0.0,0.0,0.0,0.0,0.0,daily_snapshot,113.1,6
2026-09-08,18:00,1080,0.0,0.0,0.0,0.0,0.0,0.0,0.0,2,,closed,0.0,0.0,0.0,0.0,0.0,daily_snapshot,85.7,6
2026-09-08,18:30,1110,0.0,0.0,0.0,0.0,0.0,0.0,0.0,2,,closed,0.0,0.0,0.0,0.0,0.0,daily_snapshot,69.7,6
2026-09-08,19:00,1140,0.0,0.0,0.0,0.0,0.0,0.0,0.0,2,,closed,0.0,0.0,0.0,0.0,0.0,daily_snapshot,61.8,6
2026-09-08,19:30,1170,0.0,0.0,0.0,0.0,0.0,0.0,0.0,2,,closed,0.0,0.0,0.0,0.0,0.0,daily_snapshot,56.0,6
2026-09-08,20:00,1200,0.0,0.0,0.0,0.0,0.0,0.0,0.0,2,,closed,0.0,0.0,0.0,0.0,0.0,daily_snapshot,42.2,6
2026-09-08,20:30,1230,0.0,0.0,0.0,0.0,0.0,0.0,0.0,2,,closed,0.0,0.0,0.0,0.0,0.0,daily_snapshot,31.7,6
2026-09-08,21:00,1260,0.0,0.0,0.0,0.0,0.0,0.0,0.0,2,,closed,0.0,0.0,0.0,0.0,0.0,daily_snapshot,25.6,6
2026-09-08,21:30,1290,0.0,0.0,0.0,0.0,0.0,0.0,0.0,2,,closed,0.0,0.0,0.0,0.0,0.0,daily_snapshot,24.7,6
2026-09-09,07:00,420,0.0,0.0,0.0,0.0,0.0,0.0,0.0,3,,closed,0.0,0.0,0.0,0.0,0.0,daily_snapshot,15.3,6
2026-09-09,07:30,450,0.0,0.0,0.0,0.0,0.0,0.0,0.0,3,,closed,0.0,0.0,0.0,0.0,0.0,daily_snapshot,16.8,6
2026-09-09,08:00,480,0.0,0.0,0.0,0.0,0.0,0.0,0.0,3,,closed,0.0,0.0,0.0,0.0,0.0,daily_snapshot,22.1,6
2026-09-09,08:30,510,0.0,0.0,0.0,0.0,0.0,0.0,0.0,3,,closed,0.0,0.0,0.0,0.0,0.0,daily_snapshot,47.9,6
2026-09-09,09:00,540,0.0,0.0,0.0,0.0,0.0,0.0,0.0,3,,closed,0.0,0.0,0.0,0.0,0.0,daily_snapshot,83.2,6
2026-09-09,09:30,570,0.0,0.0,0.0,0.0,0.0,0.0,0.0,3,,closed,0.0,0.0,0.0,0.0,0.0,daily_snapshot,94.3,6
2026-09-09,10:00,600,0.0,0.0,0.0,0.0,0.0,0.0,0.0,3,,closed,0.0,0.0,0.0,0.0,0.0,daily_snapshot,99.0,6
2026-09-09,10:30,630,0.0,0.0,0.0,0.0,0.0,0.0,0.0,3,,closed,0.0,0.0,0.0,0.0,0.0,daily_snapshot,109.6,6
2026-09-09,11:00,660,0.0,0.0,0.0,0.0,0.0,0.0,0.0,3,,closed,0.0,0.0,0.0,0.0,0.0,daily_snapshot,127.8,6
2026-09-09,11:30,690,0.0,0.0,0.0,0.0,0.0,0.0,0.0,3,,closed,0.0,0.0,0.0,0.0,0.0,daily_snapshot,128.3,6
2026-09-09,12:00,720,0.0,0.0,0.0,0.0,0.0,0.0,0.0,3,,closed,0.0,0.0,0.0,0.0,0.0,daily_snapshot,131.2,6
2026-09-09,12:30,750,0.0,0.0,0.0,0.0,0.0,0.0,0.0,3,,closed,0.0,0.0,0.0,0.0,0.0,daily_snapshot,148.1,6
2026-09-09,13:00,780,0.0,0.0,0.0,0.0,0.0,0.0,0.0,3,,closed,0.0,0.0,0.0,0.0,0.0,daily_snapshot,150.9,6
2026-09-09,13:30,810,0.0,0.0,0.0,0.0,0.0,0.0,0.0,3,,closed,0.0,0.0,0.0,0.0,0.0,daily_snapshot,155.9,6
2026-09-09,14:00,840,0.0,0.0,0.0,0.0,0.0,0.0,0.0,3,,closed,0.0,0.0,0.0,0.0,0.0,daily_snapshot,152.8,6
2026-09-09,14:30,870,0.0,0.0,0.0,0.0,0.0,0.0,0.0,3,,closed,0.0,0.0,0.0,0.0,0.0,daily_snapshot,154.6,6
2026-09-09,15:00,900,0.0,0.0,0.0,0.0,0.0,0.0,0.0,3,,closed,0.0,0.0,0.0,0.0,0.0,daily_snapshot,154.0,6
2026-09-09,15:30,930,0.0,0.0,0.0,0.0,0.0,0.0,0.0,3,,closed,0.0,0.0,0.0,0.0,0.0,daily_snapshot,152.0,6
2026-09-09,16:00,960,0.0,0.0,0.0,0.0,0.0,0.0,0.0,3,,closed,0.0,0.0,0.0,0.0,0.0,daily_snapshot,152.4,6
2026-09-09,16:30,990,0.0,0.0,0.0,0.0,0.0,0.0,0.0,3,,closed,0.0,0.0,0.0,0.0,0.0,daily_snapshot,146.3,6
2026-09-09,17:00,1020,0.0,0.0,0.0,0.0,0.0,0.0,0.0,3,,closed,0.0,0.0,0.0,0.0,0.0,daily_snapshot,127.3,6
2026-09-09,17:30,1050,0.0,0.0,0.0,0.0,0.0,0.0,0.0,3,,closed,0.0,0.0,0.0,0.0,0.0,daily_snapshot,106.1,6
2026-09-09,18:00,1080,0.0,0.0,0.0,0.0,0.0,0.0,0.0,3,,closed,0.0,0.0,0.0,0.0,0.0,daily_snapshot,77.6,6
2026-09-09,18:30,1110,0.0,0.0,0.0,0.0,0.0,0.0,0.0,3,,closed,0.0,0.0,0.0,0.0,0.0,daily_snapshot,62.8,6
2026-09-09,19:00,1140,0.0,0.0,0.0,0.0,0.0,0.0,0.0,3,,closed,0.0,0.0,0.0,0.0,0.0,daily_snapshot,54.9,6
2026-09-09,19:30,1170,0.0,0.0,0.0,0.0,0.0,0.0,0.0,3,,closed,0.0,0.0,0.0,0.0,0.0,daily_snapshot,33.8,6
2026-09-09,20:00,1200,0.0,0.0,0.0,0.0,0.0,0.0,0.0,3,,closed,0.0,0.0,0.0,0.0,0.0,daily_snapshot,27.9,6
2026-09-09,20:30,1230,0.0,0.0,0.0,0.0,0.0,0.0,0.0,3,,closed,0.0,0.0,0.0,0.0,0.0,daily_snapshot,19.1,6
2026-09-09,21:00,1260,0.0,0.0,0.0,0.0,0.0,0.0,0.0,3,,closed,0.0,0.0,0.0,0.0,0.0,daily_snapshot,17.2,6
2026-09-09,21:30,1290,0.0,0.0,0.0,0.0,0.0,0.0,0.0,3,,closed,0.0,0.0,0.0,0.0,0.0,daily_snapshot,17.4,6
2026-09-10,07:00,420,0.0,0.0,0.0,0.0,0.0,0.0,0.0,4,,closed,0.0,0.0,0.0,0.0,0.0,daily_snapshot,9.8,6
2026-09-10,07:30,450,0.0,0.0,0.0,0.0,0.0,0.0,0.0,4,,closed,0.0,0.0,0.0,0.0,0.0,daily_snapshot,11.7,6
2026-09-10,08:00,480,0.0,0.0,0.0,0.0,0.0,0.0,0.0,4,,closed,0.0,0.0,0.0,0.0,0.0,daily_snapshot,15.0,6
2026-09-10,08:30,510,0.0,0.0,0.0,0.0,0.0,0.0,0.0,4,,closed,0.0,0.0,0.0,0.0,0.0,daily_snapshot,33.7,6
2026-09-10,09:00,540,0.0,0.0,0.0,0.0,0.0,0.0,0.0,4,,closed,0.0,0.0,0.0,0.0,0.0,daily_snapshot,76.4,6
2026-09-10,09:30,570,0.0,0.0,0.0,0.0,0.0,0.0,0.0,4,,closed,0.0,0.0,0.0,0.0,0.0,daily_snapshot,97.3,6
2026-09-10,10:00,600,0.0,0.0,0.0,0.0,0.0,0.0,0.0,4,,closed,0.0,0.0,0.0,0.0,0.0,daily_snapshot,118.9,6
2026-09-10,10:30,630,0.0,0.0,0.0,0.0,0.0,0.0,0.0,4,,closed,0.0,0.0,0.0,0.0,0.0,daily_snapshot,125.2,6
2026-09-10,11:00,660,0.0,0.0,0.0,0.0,0.0,0.0,0.0,4,,closed,0.0,0.0,0.0,0.0,0.0,daily_snapshot,130.7,6
2026-09-10,11:30,690,0.0,0.0,0.0,0.0,0.0,0.0,0.0,4,,closed,0.0,0.0,0.0,0.0,0.0,daily_snapshot,130.2,6
2026-09-10,12:00,720,0.0,0.0,0.0,0.0,0.0,0.0,0.0,4,,closed,0.0,0.0,0.0,0.0,0.0,daily_snapshot,131.0,6
2026-09-10,12:30,750,0.0,0.0,0.0,0.0,0.0,0.0,0.0,4,,closed,0.0,0.0,0.0,0.0,0.0,daily_snapshot,148.0,6
2026-09-10,13:00,780,0.0,0.0,0.0,0.0,0.0,0.0,0.0,4,,closed,0.0,0.0,0.0,0.0,0.0,daily_snapshot,160.3,6
2026-09-10,13:30,810,0.0,0.0,0.0,0.0,0.0,0.0,0.0,4,,closed,0.0,0.0,0.0,0.0,0.0,daily_snapshot,161.8,6
2026-09-10,14:00,840,0.0,0.0,0.0,0.0,0.0,0.0,0.0,4,,closed,0.0,0.0,0.0,0.0,0.0,daily_snapshot,167.8,6
2026-09-10,14:30,870,0.0,0.0,0.0,0.0,0.0,0.0,0.0,4,,closed,0.0,0.0,0.0,0.0,0.0,daily_snapshot,175.2,6
2026-09-10,15:00,900,0.0,0.0,0.0,0.0,0.0,0.0,0.0,4,,closed,0.0,0.0,0.0,0.0,0.0,daily_snapshot,178.9,6
2026-09-10,15:30,930,0.0,0.0,0.0,0.0,0.0,0.0,0.0,4,,closed,0.0,0.0,0.0,0.0,0.0,daily_snapshot,182.7,6
2026-09-10,16:00,960,0.0,0.0,0.0,0.0,0.0,0.0,0.0,4,,closed,0.0,0.0,0.0,0.0,0.0,daily_snapshot,174.1,6
2026-09-10,16:30,990,0.0,0.0,0.0,0.0,0.0,0.0,0.0,4,,closed,0.0,0.0,0.0,0.0,0.0,daily_snapshot,151.8,6
2026-09-10,17:00,1020,0.0,0.0,0.0,0.0,0.0,0.0,0.0,4,,closed,0.0,0.0,0.0,0.0,0.0,daily_snapshot,130.2,6
2026-09-10,17:30,1050,0.0,0.0,0.0,0.0,0.0,0.0,0.0,4,,closed,0.0,0.0,0.0,0.0,0.0,daily_snapshot,93.1,6
2026-09-10,18:00,1080,0.0,0.0,0.0,0.0,0.0,0.0,0.0,4,,closed,0.0,0.0,0.0,0.0,0.0,daily_snapshot,65.8,6
2026-09-10,18:30,1110,0.0,0.0,0.0,0.0,0.0,0.0,0.0,4,,closed,0.0,0.0,0.0,0.0,0.0,daily_snapshot,53.8,6
2026-09-10,19:00,1140,0.0,0.0,0.0,0.0,0.0,0.0,0.0,4,,closed,0.0,0.0,0.0,0.0,0.0,daily_snapshot,47.4,6
2026-09-10,19:30,1170,0.0,0.0,0.0,0.0,0.0,0.0,0.0,4,,closed,0.0,0.0,0.0,0.0,0.0,daily_snapshot,27.8,6
2026-09-10,20:00,1200,0.0,0.0,0.0,0.0,0.0,0.0,0.0,4,,closed,0.0,0.0,0.0,0.0,0.0,daily_snapshot,19.0,6
2026-09-10,20:30,1230,0.0,0.0,0.0,0.0,0.0,0.0,0.0,4,,closed,0.0,0.0,0.0,0.0,0.0,daily_snapshot,16.8,6
2026-09-10,21:00,1260,0.0,0.0,0.0,0.0,0.0,0.0,0.0,4,,closed,0.0,0.0,0.0,0.0,0.0,daily_snapshot,16.3,6
2026-09-10,21:30,1290,0.0,0.0,0.0,0.0,0.0,0.0,0.0,4,,closed,0.0,0.0,0.0,0.0,0.0,daily_snapshot,15.9,6
2026-09-11,07:00,420,0.0,0.0,0.0,0.0,0.0,0.0,0.0,5,,closed,0.0,0.0,0.0,0.0,0.0,daily_snapshot,11.3,6
2026-09-11,07:30,450,0.0,0.0,0.0,0.0,0.0,0.0,0.0,5,,closed,0.0,0.0,0.0,0.0,0.0,daily_snapshot,12.2,6
2026-09-11,08:00,480,0.0,0.0,0.0,0.0,0.0,0.0,0.0,5,,closed,0.0,0.0,0.0,0.0,0.0,daily_snapshot,17.0,6
2026-09-11,08:30,510,0.0,0.0,0.0,0.0,0.0,0.0,0.0,5,,closed,0.0,0.0,0.0,0.0,0.0,daily_snapshot,34.1,6
2026-09-11,09:00,540,0.0,0.0,0.0,0.0,0.0,0.0,0.0,5,,closed,0.0,0.0,0.0,0.0,0.0,daily_snapshot,75.4,6
2026-09-11,09:30,570,0.0,0.0,0.0,0.0,0.0,0.0,0.0,5,,closed,0.0,0.0,0.0,0.0,0.0,daily_snapshot,92.4,6
2026-09-11,10:00,600,0.0,0.0,0.0,0.0,0.0,0.0,0.0,5,,closed,0.0,0.0,0.0,0.0,0.0,daily_snapshot,99.3,6
2026-09-11,10:30,630,0.0,0.0,0.0,0.0,0.0,0.0,0.0,5,,closed,0.0,0.0,0.0,0.0,0.0,daily_snapshot,100.2,6
2026-09-11,11:00,660,0.0,0.0,0.0,0.0,0.0,0.0,0.0,5,,closed,0.0,0.0,0.0,0.0,0.0,daily_snapshot,108.0,6
2026-09-11,11:30,690,0.0,0.0,0.0,0.0,0.0,0.0,0.0,5,,closed,0.0,0.0,0.0,0.0,0.0,daily_snapshot,113.0,6
2026-09-11,12:00,720,0.0,0.0,0.0,0.0,0.0,0.0,0.0,5,,closed,0.0,0.0,0.0,0.0,0.0,daily_snapshot,120.3,6
2026-09-11,12:30,750,0.0,0.0,0.0,0.0,0.0,0.0,0.0,5,,closed,0.0,0.0,0.0,0.0,0.0,daily_snapshot,119.8,6
2026-09-11,13:00,780,0.0,0.0,0.0,0.0,0.0,0.0,0.0,5,,closed,0.0,0.0,0.0,0.0,0.0,daily_snapshot,120.8,6
2026-09-11,13:30,810,0.0,0.0,0.0,0.0,0.0,0.0,0.0,5,,closed,0.0,0.0,0.0,0.0,0.0,daily_snapshot,126.1,6
2026-09-11,14:00,840,0.0,0.0,0.0,0.0,0.0,0.0,0.0,5,,closed,0.0,0.0,0.0,0.0,0.0,daily_snapshot,123.2,6
2026-09-11,14:30,870,0.0,0.0,0.0,0.0,0.0,0.0,0.0,5,,closed,0.0,0.0,0.0,0.0,0.0,daily_snapshot,126.6,6
2026-09-11,15:00,900,0.0,0.0,0.0,0.0,0.0,0.0,0.0,5,,closed,0.0,0.0,0.0,0.0,0.0,daily_snapshot,127.0,6
2026-09-11,15:30,930,0.0,0.0,0.0,0.0,0.0,0.0,0.0,5,,closed,0.0,0.0,0.0,0.0,0.0,daily_snapshot,125.3,6
2026-09-11,16:00,960,0.0,0.0,0.0,0.0,0.0,0.0,0.0,5,,closed,0.0,0.0,0.0,0.0,0.0,daily_snapshot,120.2,6
2026-09-11,16:30,990,0.0,0.0,0.0,0.0,0.0,0.0,0.0,5,,closed,0.0,0.0,0.0,0.0,0.0,daily_snapshot,109.7,6
2026-09-11,17:00,1020,0.0,0.0,0.0,0.0,0.0,0.0,0.0,5,,closed,0.0,0.0,0.0,0.0,0.0,daily_snapshot,93.1,6
2026-09-11,17:30,1050,0.0,0.0,0.0,0.0,0.0,0.0,0.0,5,,closed,0.0,0.0,0.0,0.0,0.0,daily_snapshot,70.0,6
2026-09-11,18:00,1080,0.0,0.0,0.0,0.0,0.0,0.0,0.0,5,,closed,0.0,0.0,0.0,0.0,0.0,daily_snapshot,45.8,6
2026-09-11,18:30,1110,0.0,0.0,0.0,0.0,0.0,0.0,0.0,5,,closed,0.0,0.0,0.0,0.0,0.0,daily_snapshot,34.3,6
2026-09-11,19:00,1140,0.0,0.0,0.0,0.0,0.0,0.0,0.0,5,,closed,0.0,0.0,0.0,0.0,0.0,daily_snapshot,25.0,6
2026-09-11,19:30,1170,0.0,0.0,0.0,0.0,0.0,0.0,0.0,5,,closed,0.0,0.0,0.0,0.0,0.0,daily_snapshot,17.7,6
2026-09-11,20:00,1200,0.0,0.0,0.0,0.0,0.0,0.0,0.0,5,,closed,0.0,0.0,0.0,0.0,0.0,daily_snapshot,16.0,6
2026-09-11,20:30,1230,0.0,0.0,0.0,0.0,0.0,0.0,0.0,5,,closed,0.0,0.0,0.0,0.0,0.0,daily_snapshot,14.6,6
2026-09-11,21:00,1260,0.0,0.0,0.0,0.0,0.0,0.0,0.0,5,,closed,0.0,0.0,0.0,0.0,0.0,daily_snapshot,12.3,6
2026-09-11,21:30,1290,0.0,0.0,0.0,0.0,0.0,0.0,0.0,5,,closed,0.0,0.0,0.0,0.0,0.0,daily_snapshot,10.6,6
2026-09-12,07:00,420,0.0,0.0,0.0,0.0,0.0,0.0,0.0,6,,closed,0.0,0.0,0.0,0.0,0.0,daily_snapshot,10.6,6
2026-09-12,07:30,450,0.0,0.0,0.0,0.0,0.0,0.0,0.0,6,,closed,0.0,0.0,0.0,0.0,0.0,daily_snapshot,10.8,6
2026-09-12,08:00,480,0.0,0.0,0.0,0.0,0.0,0.0,0.0,6,,closed,0.0,0.0,0.0,0.0,0.0,daily_snapshot,13.4,6
2026-09-12,08:30,510,0.0,0.0,0.0,0.0,0.0,0.0,0.0,6,,closed,0.0,0.0,0.0,0.0,0.0,daily_snapshot,17.0,6
2026-09-12,09:00,540,0.0,0.0,0.0,0.0,0.0,0.0,0.0,6,,closed,0.0,0.0,0.0,0.0,0.0,daily_snapshot,17.6,6
2026-09-12,09:30,570,0.0,0.0,0.0,0.0,0.0,0.0,0.0,6,,closed,0.0,0.0,0.0,0.0,0.0,daily_snapshot,23.8,6
2026-09-12,10:00,600,0.0,0.0,0.0,0.0,0.0,0.0,0.0,6,,closed,0.0,0.0,0.0,0.0,0.0,daily_snapshot,35.8,6
2026-09-12,10:30,630,0.0,0.0,0.0,0.0,0.0,0.0,0.0,6,,closed,0.0,0.0,0.0,0.0,0.0,daily_snapshot,38.4,6
2026-09-12,11:00,660,0.0,0.0,0.0,0.0,0.0,0.0,0.0,6,,closed,0.0,0.0,0.0,0.0,0.0,daily_snapshot,41.2,6
2026-09-12,11:30,690,0.0,0.0,0.0,0.0,0.0,0.0,0.0,6,,closed,0.0,0.0,0.0,0.0,0.0,daily_snapshot,44.8,6
2026-09-12,12:00,720,0.0,0.0,0.0,0.0,0.0,0.0,0.0,6,,closed,0.0,0.0,0.0,0.0,0.0,daily_snapshot,49.4,6
2026-09-12,12:30,750,0.0,0.0,0.0,0.0,0.0,0.0,0.0,6,,closed,0.0,0.0,0.0,0.0,0.0,daily_snapshot,47.7,6
2026-09-12,13:00,780,0.0,0.0,0.0,0.0,0.0,0.0,0.0,6,,closed,0.0,0.0,0.0,0.0,0.0,daily_snapshot,46.4,6
2026-09-12,13:30,810,0.0,0.0,0.0,0.0,0.0,0.0,0.0,6,,closed,0.0,0.0,0.0,0.0,0.0,daily_snapshot,46.6,6
2026-09-12,14:00,840,0.0,0.0,0.0,0.0,0.0,0.0,0.0,6,,closed,0.0,0.0,0.0,0.0,0.0,daily_snapshot,49.0,6
2026-09-12,14:30,870,0.0,0.0,0.0,0.0,0.0,0.0,0.0,6,,closed,0.0,0.0,0.0,0.0,0.0,daily_snapshot,49.4,6
2026-09-12,15:00,900,0.0,0.0,0.0,0.0,0.0,0.0,0.0,6,,closed,0.0,0.0,0.0,0.0,0.0,daily_snapshot,46.0,6
2026-09-12,15:30,930,0.0,0.0,0.0,0.0,0.0,0.0,0.0,6,,closed,0.0,0.0,0.0,0.0,0.0,daily_snapshot,42.0,6
2026-09-12,16:00,960,0.0,0.0,0.0,0.0,0.0,0.0,0.0,6,,closed,0.0,0.0,0.0,0.0,0.0,daily_snapshot,34.8,6
2026-09-12,16:30,990,0.0,0.0,0.0,0.0,0.0,0.0,0.0,6,,closed,0.0,0.0,0.0,0.0,0.0,daily_snapshot,30.0,6
2026-09-12,17:00,1020,0.0,0.0,0.0,0.0,0.0,0.0,0.0,6,,closed,0.0,0.0,0.0,0.0,0.0,daily_snapshot,30.3,6
2026-09-12,17:30,1050,0.0,0.0,0.0,0.0,0.0,0.0,0.0,6,,closed,0.0,0.0,0.0,0.0,0.0,daily_snapshot,29.2,6
2026-09-12,18:00,1080,0.0,0.0,0.0,0.0,0.0,0.0,0.0,6,,closed,0.0,0.0,0.0,0.0,0.0,daily_snapshot,29.7,6
2026-09-12,18:30,1110,0.0,0.0,0.0,0.0,0.0,0.0,0.0,6,,closed,0.0,0.0,0.0,0.0,0.0,daily_snapshot,29.0,6
2026-09-12,19:00,1140,0.0,0.0,0.0,0.0,0.0,0.0,0.0,6,,closed,0.0,0.0,0.0,0.0,0.0,daily_snapshot,27.1,6
2026-09-12,19:30,1170,0.0,0.0,0.0,0.0,0.0,0.0,0.0,6,,closed,0.0,0.0,0.0,0.0,0.0,daily_snapshot,27.2,6
2026-09-12,20:00,1200,0.0,0.0,0.0,0.0,0.0,0.0,0.0,6,,closed,0.0,0.0,0.0,0.0,0.0,daily_snapshot,21.1,6
2026-09-12,20:30,1230,0.0,0.0,0.0,0.0,0.0,0.0,0.0,6,,closed,0.0,0.0,0.0,0.0,0.0,daily_snapshot,9.7,6
2026-09-12,21:00,1260,0.0,0.0,0.0,0.0,0.0,0.0,0.0,6,,closed,0.0,0.0,0.0,0.0,0.0,daily_snapshot,9.7,6
2026-09-12,21:30,1290,0.0,0.0,0.0,0.0,0.0,0.0,0.0,6,,closed,0.0,0.0,0.0,0.0,0.0,daily_snapshot,10.0,6
2026-09-13,07:00,420,0.0,0.0,0.0,0.0,0.0,0.0,0.0,7,,closed,0.0,0.0,0.0,0.0,0.0,daily_snapshot,12.0,6
2026-09-13,07:30,450,0.0,0.0,0.0,0.0,0.0,0.0,0.0,7,,closed,0.0,0.0,0.0,0.0,0.0,daily_snapshot,11.4,6
2026-09-13,08:00,480,0.0,0.0,0.0,0.0,0.0,0.0,0.0,7,,closed,0.0,0.0,0.0,0.0,0.0,daily_snapshot,13.2,6
2026-09-13,08:30,510,0.0,0.0,0.0,0.0,0.0,0.0,0.0,7,,closed,0.0,0.0,0.0,0.0,0.0,daily_snapshot,14.7,6
2026-09-13,09:00,540,0.0,0.0,0.0,0.0,0.0,0.0,0.0,7,,closed,0.0,0.0,0.0,0.0,0.0,daily_snapshot,15.2,6
2026-09-13,09:30,570,0.0,0.0,0.0,0.0,0.0,0.0,0.0,7,,closed,0.0,0.0,0.0,0.0,0.0,daily_snapshot,22.8,6
2026-09-13,10:00,600,0.0,0.0,0.0,0.0,0.0,0.0,0.0,7,,closed,0.0,0.0,0.0,0.0,0.0,daily_snapshot,38.6,6
2026-09-13,10:30,630,0.0,0.0,0.0,0.0,0.0,0.0,0.0,7,,closed,0.0,0.0,0.0,0.0,0.0,daily_snapshot,39.0,6
2026-09-13,11:00,660,0.0,0.0,0.0,0.0,0.0,0.0,0.0,7,,closed,0.0,0.0,0.0,0.0,0.0,daily_snapshot,38.6,6
2026-09-13,11:30,690,0.0,0.0,0.0,0.0,0.0,0.0,0.0,7,,closed,0.0,0.0,0.0,0.0,0.0,daily_snapshot,37.6,6
2026-09-13,12:00,720,0.0,0.0,0.0,0.0,0.0,0.0,0.0,7,,closed,0.0,0.0,0.0,0.0,0.0,daily_snapshot,42.7,6
2026-09-13,12:30,750,0.0,0.0,0.0,0.0,0.0,0.0,0.0,7,,closed,0.0,0.0,0.0,0.0,0.0,daily_snapshot,42.6,6
2026-09-13,13:00,780,0.0,0.0,0.0,0.0,0.0,0.0,0.0,7,,closed,0.0,0.0,0.0,0.0,0.0,daily_snapshot,43.3,6
2026-09-13,13:30,810,0.0,0.0,0.0,0.0,0.0,0.0,0.0,7,,closed,0.0,0.0,0.0,0.0,0.0,daily_snapshot,42.7,6
2026-09-13,14:00,840,0.0,0.0,0.0,0.0,0.0,0.0,0.0,7,,closed,0.0,0.0,0.0,0.0,0.0,daily_snapshot,41.3,6
2026-09-13,14:30,870,0.0,0.0,0.0,0.0,0.0,0.0,0.0,7,,closed,0.0,0.0,0.0,0.0,0.0,daily_snapshot,46.0,6
2026-09-13,15:00,900,0.0,0.0,0.0,0.0,0.0,0.0,0.0,7,,closed,0.0,0.0,0.0,0.0,0.0,daily_snapshot,46.8,6
2026-09-13,15:30,930,0.0,0.0,0.0,0.0,0.0,0.0,0.0,7,,closed,0.0,0.0,0.0,0.0,0.0,daily_snapshot,47.6,6
2026-09-13,16:00,960,0.0,0.0,0.0,0.0,0.0,0.0,0.0,7,,closed,0.0,0.0,0.0,0.0,0.0,daily_snapshot,47.7,6
2026-09-13,16:30,990,0.0,0.0,0.0,0.0,0.0,0.0,0.0,7,,closed,0.0,0.0,0.0,0.0,0.0,daily_snapshot,53.1,6
2026-09-13,17:00,1020,0.0,0.0,0.0,0.0,0.0,0.0,0.0,7,,closed,0.0,0.0,0.0,0.0,0.0,daily_snapshot,55.9,6
2026-09-13,17:30,1050,0.0,0.0,0.0,0.0,0.0,0.0,0.0,7,,closed,0.0,0.0,0.0,0.0,0.0,daily_snapshot,53.1,6
2026-09-13,18:00,1080,0.0,0.0,0.0,0.0,0.0,0.0,0.0,7,,closed,0.0,0.0,0.0,0.0,0.0,daily_snapshot,51.9,6
2026-09-13,18:30,1110,0.0,0.0,0.0,0.0,0.0,0.0,0.0,7,,closed,0.0,0.0,0.0,0.0,0.0,daily_snapshot,48.9,6
2026-09-13,19:00,1140,0.0,0.0,0.0,0.0,0.0,0.0,0.0,7,,closed,0.0,0.0,0.0,0.0,0.0,daily_snapshot,44.3,6
2026-09-13,19:30,1170,0.0,0.0,0.0,0.0,0.0,0.0,0.0,7,,closed,0.0,0.0,0.0,0.0,0.0,daily_snapshot,44.9,6
2026-09-13,20:00,1200,0.0,0.0,0.0,0.0,0.0,0.0,0.0,7,,closed,0.0,0.0,0.0,0.0,0.0,daily_snapshot,29.4,6
2026-09-13,20:30,1230,0.0,0.0,0.0,0.0,0.0,0.0,0.0,7,,closed,0.0,0.0,0.0,0.0,0.0,daily_snapshot,21.6,6
2026-09-13,21:00,1260,0.0,0.0,0.0,0.0,0.0,0.0,0.0,7,,closed,0.0,0.0,0.0,0.0,0.0,daily_snapshot,21.6,6
2026-09-13,21:30,1290,0.0,0.0,0.0,0.0,0.0,0.0,0.0,7,,closed,0.0,0.0,0.0,0.0,0.0,daily_snapshot,21.8,6
2026-09-14,07:00,420,0.0,0.0,0.0,0.0,0.0,0.0,0.0,1,,closed,0.0,0.0,0.0,0.0,0.0,daily_snapshot,17.4,6
2026-09-14,07:30,450,0.0,0.0,0.0,0.0,0.0,0.0,0.0,1,,closed,0.0,0.0,0.0,0.0,0.0,daily_snapshot,20.0,6
2026-09-14,08:00,480,0.0,0.0,0.0,0.0,0.0,0.0,0.0,1,,closed,0.0,0.0,0.0,0.0,0.0,daily_snapshot,23.6,6
2026-09-14,08:30,510,0.0,0.0,0.0,0.0,0.0,0.0,0.0,1,,closed,0.0,0.0,0.0,0.0,0.0,daily_snapshot,41.3,6
2026-09-14,09:00,540,0.0,0.0,0.0,0.0,0.0,0.0,0.0,1,,closed,0.0,0.0,0.0,0.0,0.0,daily_snapshot,66.0,6
2026-09-14,09:30,570,0.0,0.0,0.0,0.0,0.0,0.0,0.0,1,,closed,0.0,0.0,0.0,0.0,0.0,daily_snapshot,77.8,6
2026-09-14,10:00,600,0.0,0.0,0.0,0.0,0.0,0.0,0.0,1,,closed,0.0,0.0,0.0,0.0,0.0,daily_snapshot,92.3,6
2026-09-14,10:30,630,0.0,0.0,0.0,0.0,0.0,0.0,0.0,1,,closed,0.0,0.0,0.0,0.0,0.0,daily_snapshot,100.6,6
2026-09-14,11:00,660,0.0,0.0,0.0,0.0,0.0,0.0,0.0,1,,closed,0.0,0.0,0.0,0.0,0.0,daily_snapshot,107.1,6
2026-09-14,11:30,690,0.0,0.0,0.0,0.0,0.0,0.0,0.0,1,,closed,0.0,0.0,0.0,0.0,0.0,daily_snapshot,111.4,6
2026-09-14,12:00,720,0.0,0.0,0.0,0.0,0.0,0.0,0.0,1,,closed,0.0,0.0,0.0,0.0,0.0,daily_snapshot,121.9,6
2026-09-14,12:30,750,0.0,0.0,0.0,0.0,0.0,0.0,0.0,1,,closed,0.0,0.0,0.0,0.0,0.0,daily_snapshot,134.9,6
2026-09-14,13:00,780,0.0,0.0,0.0,0.0,0.0,0.0,0.0,1,,closed,0.0,0.0,0.0,0.0,0.0,daily_snapshot,130.2,6
2026-09-14,13:30,810,0.0,0.0,0.0,0.0,0.0,0.0,0.0,1,,closed,0.0,0.0,0.0,0.0,0.0,daily_snapshot,136.0,6
2026-09-14,14:00,840,0.0,0.0,0.0,0.0,0.0,0.0,0.0,1,,closed,0.0,0.0,0.0,0.0,0.0,daily_snapshot,143.6,6
2026-09-14,14:30,870,0.0,0.0,0.0,0.0,0.0,0.0,0.0,1,,closed,0.0,0.0,0.0,0.0,0.0,daily_snapshot,143.1,6
2026-09-14,15:00,900,0.0,0.0,0.0,0.0,0.0,0.0,0.0,1,,closed,0.0,0.0,0.0,0.0,0.0,daily_snapshot,148.8,6
2026-09-14,15:30,930,0.0,0.0,0.0,0.0,0.0,0.0,0.0,1,,closed,0.0,0.0,0.0,0.0,0.0,daily_snapshot,153.6,6
2026-09-14,16:00,960,0.0,0.0,0.0,0.0,0.0,0.0,0.0,1,,closed,0.0,0.0,0.0,0.0,0.0,daily_snapshot,153.2,6
2026-09-14,16:30,990,0.0,0.0,0.0,0.0,0.0,0.0,0.0,1,,closed,0.0,0.0,0.0,0.0,0.0,daily_snapshot,144.9,6
2026-09-14,17:00,1020,0.0,0.0,0.0,0.0,0.0,0.0,0.0,1,,closed,0.0,0.0,0.0,0.0,0.0,daily_snapshot,135.9,6
2026-09-14,17:30,1050,0.0,0.0,0.0,0.0,0.0,0.0,0.0,1,,closed,0.0,0.0,0.0,0.0,0.0,daily_snapshot,98.1,6
2026-09-14,18:00,1080,0.0,0.0,0.0,0.0,0.0,0.0,0.0,1,,closed,0.0,0.0,0.0,0.0,0.0,daily_snapshot,72.2,6
2026-09-14,18:30,1110,0.0,0.0,0.0,0.0,0.0,0.0,0.0,1,,closed,0.0,0.0,0.0,0.0,0.0,daily_snapshot,60.3,6
2026-09-14,19:00,1140,0.0,0.0,0.0,0.0,0.0,0.0,0.0,1,,closed,0.0,0.0,0.0,0.0,0.0,daily_snapshot,50.8,6
2026-09-14,19:30,1170,0.0,0.0,0.0,0.0,0.0,0.0,0.0,1,,closed,0.0,0.0,0.0,0.0,0.0,daily_snapshot,46.0,6
2026-09-14,20:00,1200,0.0,0.0,0.0,0.0,0.0,0.0,0.0,1,,closed,0.0,0.0,0.0,0.0,0.0,daily_snapshot,41.0,6
2026-09-14,20:30,1230,0.0,0.0,0.0,0.0,0.0,0.0,0.0,1,,closed,0.0,0.0,0.0,0.0,0.0,daily_snapshot,34.3,6
2026-09-14,21:00,1260,0.0,0.0,0.0,0.0,0.0,0.0,0.0,1,,closed,0.0,0.0,0.0,0.0,0.0,daily_snapshot,29.3,6
2026-09-14,21:30,1290,0.0,0.0,0.0,0.0,0.0,0.0,0.0,1,,closed,0.0,0.0,0.0,0.0,0.0,daily_snapshot,27.1,6
2026-09-15,07:00,420,0.0,0.0,0.0,0.0,0.0,0.0,0.0,2,,closed,0.0,0.0,0.0,0.0,0.0,daily_snapshot,21.3,6
2026-09-15,07:30,450,0.0,0.0,0.0,0.0,0.0,0.0,0.0,2,,closed,0.0,0.0,0.0,0.0,0.0,daily_snapshot,22.1,6
2026-09-15,08:00,480,0.0,0.0,0.0,0.0,0.0,0.0,0.0,2,,closed,0.0,0.0,0.0,0.0,0.0,daily_snapshot,29.0,6
2026-09-15,08:30,510,0.0,0.0,0.0,0.0,0.0,0.0,0.0,2,,closed,0.0,0.0,0.0,0.0,0.0,daily_snapshot,50.3,6
2026-09-15,09:00,540,0.0,0.0,0.0,0.0,0.0,0.0,0.0,2,,closed,0.0,0.0,0.0,0.0,0.0,daily_snapshot,98.8,6
2026-09-15,09:30,570,0.0,0.0,0.0,0.0,0.0,0.0,0.0,2,,closed,0.0,0.0,0.0,0.0,0.0,daily_snapshot,119.8,6
2026-09-15,10:00,600,0.0,0.0,0.0,0.0,0.0,0.0,0.0,2,,closed,0.0,0.0,0.0,0.0,0.0,daily_snapshot,137.0,6
2026-09-15,10:30,630,0.0,0.0,0.0,0.0,0.0,0.0,0.0,2,,closed,0.0,0.0,0.0,0.0,0.0,daily_snapshot,147.0,6
2026-09-15,11:00,660,0.0,0.0,0.0,0.0,0.0,0.0,0.0,2,,closed,0.0,0.0,0.0,0.0,0.0,daily_snapshot,154.3,6
2026-09-15,11:30,690,0.0,0.0,0.0,0.0,0.0,0.0,0.0,2,,closed,0.0,0.0,0.0,0.0,0.0,daily_snapshot,157.1,6
2026-09-15,12:00,720,0.0,0.0,0.0,0.0,0.0,0.0,0.0,2,,closed,0.0,0.0,0.0,0.0,0.0,daily_snapshot,168.9,6
2026-09-15,12:30,750,0.0,0.0,0.0,0.0,0.0,0.0,0.0,2,,closed,0.0,0.0,0.0,0.0,0.0,daily_snapshot,173.3,6
2026-09-15,13:00,780,0.0,0.0,0.0,0.0,0.0,0.0,0.0,2,,closed,0.0,0.0,0.0,0.0,0.0,daily_snapshot,176.3,6
2026-09-15,13:30,810,0.0,0.0,0.0,0.0,0.0,0.0,0.0,2,,closed,0.0,0.0,0.0,0.0,0.0,daily_snapshot,187.2,6
2026-09-15,14:00,840,0.0,0.0,0.0,0.0,0.0,0.0,0.0,2,,closed,0.0,0.0,0.0,0.0,0.0,daily_snapshot,190.3,6
2026-09-15,14:30,870,0.0,0.0,0.0,0.0,0.0,0.0,0.0,2,,closed,0.0,0.0,0.0,0.0,0.0,daily_snapshot,192.9,6
2026-09-15,15:00,900,0.0,0.0,0.0,0.0,0.0,0.0,0.0,2,,closed,0.0,0.0,0.0,0.0,0.0,daily_snapshot,192.0,6
2026-09-15,15:30,930,0.0,0.0,0.0,0.0,0.0,0.0,0.0,2,,closed,0.0,0.0,0.0,0.0,0.0,daily_snapshot,193.8,6
2026-09-15,16:00,960,0.0,0.0,0.0,0.0,0.0,0.0,0.0,2,,closed,0.0,0.0,0.0,0.0,0.0,daily_snapshot,198.1,6
2026-09-15,16:30,990,0.0,0.0,0.0,0.0,0.0,0.0,0.0,2,,closed,0.0,0.0,0.0,0.0,0.0,daily_snapshot,169.9,6
2026-09-15,17:00,1020,0.0,0.0,0.0,0.0,0.0,0.0,0.0,2,,closed,0.0,0.0,0.0,0.0,0.0,daily_snapshot,147.2,6
2026-09-15,17:30,1050,0.0,0.0,0.0,0.0,0.0,0.0,0.0,2,,closed,0.0,0.0,0.0,0.0,0.0,daily_snapshot,117.3,6
2026-09-15,18:00,1080,0.0,0.0,0.0,0.0,0.0,0.0,0.0,2,,closed,0.0,0.0,0.0,0.0,0.0,daily_snapshot,86.8,6
2026-09-15,18:30,1110,0.0,0.0,0.0,0.0,0.0,0.0,0.0,2,,closed,0.0,0.0,0.0,0.0,0.0,daily_snapshot,76.4,6
2026-09-15,19:00,1140,0.0,0.0,0.0,0.0,0.0,0.0,0.0,2,,closed,0.0,0.0,0.0,0.0,0.0,daily_snapshot,55.1,6
2026-09-15,19:30,1170,0.0,0.0,0.0,0.0,0.0,0.0,0.0,2,,closed,0.0,0.0,0.0,0.0,0.0,daily_snapshot,40.4,6
2026-09-15,20:00,1200,0.0,0.0,0.0,0.0,0.0,0.0,0.0,2,,closed,0.0,0.0,0.0,0.0,0.0,daily_snapshot,36.1,6
2026-09-15,20:30,1230,0.0,0.0,0.0,0.0,0.0,0.0,0.0,2,,closed,0.0,0.0,0.0,0.0,0.0,daily_snapshot,28.8,6
2026-09-15,21:00,1260,0.0,0.0,0.0,0.0,0.0,0.0,0.0,2,,closed,0.0,0.0,0.0,0.0,0.0,daily_snapshot,24.9,6
2026-09-15,21:30,1290,0.0,0.0,0.0,0.0,0.0,0.0,0.0,2,,closed,0.0,0.0,0.0,0.0,0.0,daily_snapshot,20.2,6
2026-09-16,07:00,420,0.0,0.0,0.0,0.0,0.0,0.0,0.0,3,,closed,0.0,0.0,0.0,0.0,0.0,daily_snapshot,15.0,6
2026-09-16,07:30,450,0.0,0.0,0.0,0.0,0.0,0.0,0.0,3,,closed,0.0,0.0,0.0,0.0,0.0,daily_snapshot,19.9,6
2026-09-16,08:00,480,0.0,0.0,0.0,0.0,0.0,0.0,0.0,3,,closed,0.0,0.0,0.0,0.0,0.0,daily_snapshot,27.4,6
2026-09-16,08:30,510,0.0,0.0,0.0,0.0,0.0,0.0,0.0,3,,closed,0.0,0.0,0.0,0.0,0.0,daily_snapshot,56.6,6
2026-09-16,09:00,540,0.0,0.0,0.0,0.0,0.0,0.0,0.0,3,,closed,0.0,0.0,0.0,0.0,0.0,daily_snapshot,100.8,6
2026-09-16,09:30,570,0.0,0.0,0.0,0.0,0.0,0.0,0.0,3,,closed,0.0,0.0,0.0,0.0,0.0,daily_snapshot,124.2,6
2026-09-16,10:00,600,0.0,0.0,0.0,0.0,0.0,0.0,0.0,3,,closed,0.0,0.0,0.0,0.0,0.0,daily_snapshot,143.0,6
2026-09-16,10:30,630,0.0,0.0,0.0,0.0,0.0,0.0,0.0,3,,closed,0.0,0.0,0.0,0.0,0.0,daily_snapshot,153.2,6
2026-09-16,11:00,660,0.0,0.0,0.0,0.0,0.0,0.0,0.0,3,,closed,0.0,0.0,0.0,0.0,0.0,daily_snapshot,164.3,6
2026-09-16,11:30,690,0.0,0.0,0.0,0.0,0.0,0.0,0.0,3,,closed,0.0,0.0,0.0,0.0,0.0,daily_snapshot,166.2,6
2026-09-16,12:00,720,0.0,0.0,0.0,0.0,0.0,0.0,0.0,3,,closed,0.0,0.0,0.0,0.0,0.0,daily_snapshot,168.2,6
2026-09-16,12:30,750,0.0,0.0,0.0,0.0,0.0,0.0,0.0,3,,closed,0.0,0.0,0.0,0.0,0.0,daily_snapshot,170.4,6
2026-09-16,13:00,780,0.0,0.0,0.0,0.0,0.0,0.0,0.0,3,,closed,0.0,0.0,0.0,0.0,0.0,daily_snapshot,174.7,6
2026-09-16,13:30,810,0.0,0.0,0.0,0.0,0.0,0.0,0.0,3,,closed,0.0,0.0,0.0,0.0,0.0,daily_snapshot,181.2,6
2026-09-16,14:00,840,0.0,0.0,0.0,0.0,0.0,0.0,0.0,3,,closed,0.0,0.0,0.0,0.0,0.0,daily_snapshot,178.2,6
2026-09-16,14:30,870,0.0,0.0,0.0,0.0,0.0,0.0,0.0,3,,closed,0.0,0.0,0.0,0.0,0.0,daily_snapshot,179.4,6
2026-09-16,15:00,900,0.0,0.0,0.0,0.0,0.0,0.0,0.0,3,,closed,0.0,0.0,0.0,0.0,0.0,daily_snapshot,187.1,6
2026-09-16,15:30,930,0.0,0.0,0.0,0.0,0.0,0.0,0.0,3,,closed,0.0,0.0,0.0,0.0,0.0,daily_snapshot,183.9,6
2026-09-16,16:00,960,0.0,0.0,0.0,0.0,0.0,0.0,0.0,3,,closed,0.0,0.0,0.0,0.0,0.0,daily_snapshot,174.8,6
2026-09-16,16:30,990,0.0,0.0,0.0,0.0,0.0,0.0,0.0,3,,closed,0.0,0.0,0.0,0.0,0.0,daily_snapshot,157.4,6
2026-09-16,17:00,1020,0.0,0.0,0.0,0.0,0.0,0.0,0.0,3,,closed,0.0,0.0,0.0,0.0,0.0,daily_snapshot,138.0,6
2026-09-16,17:30,1050,0.0,0.0,0.0,0.0,0.0,0.0,0.0,3,,closed,0.0,0.0,0.0,0.0,0.0,daily_snapshot,119.0,6
2026-09-16,18:00,1080,0.0,0.0,0.0,0.0,0.0,0.0,0.0,3,,closed,0.0,0.0,0.0,0.0,0.0,daily_snapshot,90.7,6
2026-09-16,18:30,1110,0.0,0.0,0.0,0.0,0.0,0.0,0.0,3,,closed,0.0,0.0,0.0,0.0,0.0,daily_snapshot,80.6,6
2026-09-16,19:00,1140,0.0,0.0,0.0,0.0,0.0,0.0,0.0,3,,closed,0.0,0.0,0.0,0.0,0.0,daily_snapshot,66.8,6
2026-09-16,19:30,1170,0.0,0.0,0.0,0.0,0.0,0.0,0.0,3,,closed,0.0,0.0,0.0,0.0,0.0,daily_snapshot,58.2,6
2026-09-16,20:00,1200,0.0,0.0,0.0,0.0,0.0,0.0,0.0,3,,closed,0.0,0.0,0.0,0.0,0.0,daily_snapshot,50.8,6
2026-09-16,20:30,1230,0.0,0.0,0.0,0.0,0.0,0.0,0.0,3,,closed,0.0,0.0,0.0,0.0,0.0,daily_snapshot,40.2,6
2026-09-16,21:00,1260,0.0,0.0,0.0,0.0,0.0,0.0,0.0,3,,closed,0.0,0.0,0.0,0.0,0.0,daily_snapshot,26.4,6
2026-09-16,21:30,1290,0.0,0.0,0.0,0.0,0.0,0.0,0.0,3,,closed,0.0,0.0,0.0,0.0,0.0,daily_snapshot,19.4,6
2026-09-17,07:00,420,0.0,0.0,0.0,0.0,0.0,0.0,0.0,4,,closed,0.0,0.0,0.0,0.0,0.0,daily_snapshot,15.4,6
2026-09-17,07:30,450,0.0,0.0,0.0,0.0,0.0,0.0,0.0,4,,closed,0.0,0.0,0.0,0.0,0.0,daily_snapshot,20.0,6
2026-09-17,08:00,480,0.0,0.0,0.0,0.0,0.0,0.0,0.0,4,,closed,0.0,0.0,0.0,0.0,0.0,daily_snapshot,23.3,6
2026-09-17,08:30,510,0.0,0.0,0.0,0.0,0.0,0.0,0.0,4,,closed,0.0,0.0,0.0,0.0,0.0,daily_snapshot,49.1,6
2026-09-17,09:00,540,0.0,0.0,0.0,0.0,0.0,0.0,0.0,4,,closed,0.0,0.0,0.0,0.0,0.0,daily_snapshot,95.8,6
2026-09-17,09:30,570,0.0,0.0,0.0,0.0,0.0,0.0,0.0,4,,closed,0.0,0.0,0.0,0.0,0.0,daily_snapshot,104.7,6
2026-09-17,10:00,600,0.0,0.0,0.0,0.0,0.0,0.0,0.0,4,,closed,0.0,0.0,0.0,0.0,0.0,daily_snapshot,117.6,6
2026-09-17,10:30,630,0.0,0.0,0.0,0.0,0.0,0.0,0.0,4,,closed,0.0,0.0,0.0,0.0,0.0,daily_snapshot,118.6,6
2026-09-17,11:00,660,0.0,0.0,0.0,0.0,0.0,0.0,0.0,4,,closed,0.0,0.0,0.0,0.0,0.0,daily_snapshot,125.8,6
2026-09-17,11:30,690,0.0,0.0,0.0,0.0,0.0,0.0,0.0,4,,closed,0.0,0.0,0.0,0.0,0.0,daily_snapshot,124.8,6
2026-09-17,12:00,720,0.0,0.0,0.0,0.0,0.0,0.0,0.0,4,,closed,0.0,0.0,0.0,0.0,0.0,daily_snapshot,133.7,6
2026-09-17,12:30,750,0.0,0.0,0.0,0.0,0.0,0.0,0.0,4,,closed,0.0,0.0,0.0,0.0,0.0,daily_snapshot,143.0,6
2026-09-17,13:00,780,0.0,0.0,0.0,0.0,0.0,0.0,0.0,4,,closed,0.0,0.0,0.0,0.0,0.0,daily_snapshot,142.6,6
2026-09-17,13:30,810,0.0,0.0,0.0,0.0,0.0,0.0,0.0,4,,closed,0.0,0.0,0.0,0.0,0.0,daily_snapshot,148.2,6
2026-09-17,14:00,840,0.0,0.0,0.0,0.0,0.0,0.0,0.0,4,,closed,0.0,0.0,0.0,0.0,0.0,daily_snapshot,151.1,6
2026-09-17,14:30,870,0.0,0.0,0.0,0.0,0.0,0.0,0.0,4,,closed,0.0,0.0,0.0,0.0,0.0,daily_snapshot,155.6,6
2026-09-17,15:00,900,0.0,0.0,0.0,0.0,0.0,0.0,0.0,4,,closed,0.0,0.0,0.0,0.0,0.0,daily_snapshot,165.6,6
2026-09-17,15:30,930,0.0,0.0,0.0,0.0,0.0,0.0,0.0,4,,closed,0.0,0.0,0.0,0.0,0.0,daily_snapshot,168.6,6
2026-09-17,16:00,960,0.0,0.0,0.0,0.0,0.0,0.0,0.0,4,,closed,0.0,0.0,0.0,0.0,0.0,daily_snapshot,163.0,6
2026-09-17,16:30,990,0.0,0.0,0.0,0.0,0.0,0.0,0.0,4,,closed,0.0,0.0,0.0,0.0,0.0,daily_snapshot,157.2,6
2026-09-17,17:00,1020,0.0,0.0,0.0,0.0,0.0,0.0,0.0,4,,closed,0.0,0.0,0.0,0.0,0.0,daily_snapshot,154.9,6
2026-09-17,17:30,1050,0.0,0.0,0.0,0.0,0.0,0.0,0.0,4,,closed,0.0,0.0,0.0,0.0,0.0,daily_snapshot,119.4,6
2026-09-17,18:00,1080,0.0,0.0,0.0,0.0,0.0,0.0,0.0,4,,closed,0.0,0.0,0.0,0.0,0.0,daily_snapshot,92.7,6
2026-09-17,18:30,1110,0.0,0.0,0.0,0.0,0.0,0.0,0.0,4,,closed,0.0,0.0,0.0,0.0,0.0,daily_snapshot,77.0,6
2026-09-17,19:00,1140,0.0,0.0,0.0,0.0,0.0,0.0,0.0,4,,closed,0.0,0.0,0.0,0.0,0.0,daily_snapshot,72.7,6
2026-09-17,19:30,1170,0.0,0.0,0.0,0.0,0.0,0.0,0.0,4,,closed,0.0,0.0,0.0,0.0,0.0,daily_snapshot,64.0,6
2026-09-17,20:00,1200,0.0,0.0,0.0,0.0,0.0,0.0,0.0,4,,closed,0.0,0.0,0.0,0.0,0.0,daily_snapshot,55.8,6
2026-09-17,20:30,1230,0.0,0.0,0.0,0.0,0.0,0.0,0.0,4,,closed,0.0,0.0,0.0,0.0,0.0,daily_snapshot,46.6,6
2026-09-17,21:00,1260,0.0,0.0,0.0,0.0,0.0,0.0,0.0,4,,closed,0.0,0.0,0.0,0.0,0.0,daily_snapshot,36.4,6
2026-09-17,21:30,1290,0.0,0.0,0.0,0.0,0.0,0.0,0.0,4,,closed,0.0,0.0,0.0,0.0,0.0,daily_snapshot,34.6,6
2026-09-22,07:00,420,0.0,0.0,0.0,0.0,0.0,0.0,0.0,2,,closed,0.0,0.0,0.0,0.0,0.0,forecast_cache,5.2,6
2026-09-22,07:30,450,0.0,0.0,0.0,0.0,0.0,0.0,0.0,2,,closed,0.0,0.0,0.0,0.0,0.0,forecast_cache,4.4,6
2026-09-22,08:00,480,0.0,0.0,0.0,0.0,0.0,0.0,0.0,2,,closed,0.0,0.0,0.0,0.0,0.0,forecast_cache,5.2,6
2026-09-22,08:30,510,0.0,0.0,0.0,0.0,0.0,0.0,0.0,2,,closed,0.0,0.0,0.0,0.0,0.0,forecast_cache,5.8,6
2026-09-22,09:00,540,0.0,0.0,0.0,0.0,0.0,0.0,0.0,2,,closed,0.0,0.0,0.0,0.0,0.0,forecast_cache,11.6,6
2026-09-22,09:30,570,0.0,0.0,0.0,0.0,0.0,0.0,0.0,2,,closed,0.0,0.0,0.0,0.0,0.0,forecast_cache,19.7,6
2026-09-22,10:00,600,0.0,0.0,0.0,0.0,0.0,0.0,0.0,2,,closed,0.0,0.0,0.0,0.0,0.0,forecast_cache,25.8,6
2026-09-22,10:30,630,0.0,0.0,0.0,0.0,0.0,0.0,0.0,2,,closed,0.0,0.0,0.0,0.0,0.0,forecast_cache,29.4,6
2026-09-22,11:00,660,0.0,0.0,0.0,0.0,0.0,0.0,0.0,2,,closed,0.0,0.0,0.0,0.0,0.0,forecast_cache,34.9,6
2026-09-22,11:30,690,0.0,0.0,0.0,0.0,0.0,0.0,0.0,2,,closed,0.0,0.0,0.0,0.0,0.0,forecast_cache,38.2,6
2026-09-22,12:00,720,0.0,0.0,0.0,0.0,0.0,0.0,0.0,2,,closed,0.0,0.0,0.0,0.0,0.0,forecast_cache,36.6,6
2026-09-22,12:30,750,0.0,0.0,0.0,0.0,0.0,0.0,0.0,2,,closed,0.0,0.0,0.0,0.0,0.0,forecast_cache,36.8,6
2026-09-22,13:00,780,0.0,0.0,0.0,0.0,0.0,0.0,0.0,2,,closed,0.0,0.0,0.0,0.0,0.0,forecast_cache,40.6,6
2026-09-22,13:30,810,0.0,0.0,0.0,0.0,0.0,0.0,0.0,2,,closed,0.0,0.0,0.0,0.0,0.0,forecast_cache,45.9,6
2026-09-22,14:00,840,0.0,0.0,0.0,0.0,0.0,0.0,0.0,2,,closed,0.0,0.0,0.0,0.0,0.0,forecast_cache,49.4,6
2026-09-22,14:30,870,0.0,0.0,0.0,0.0,0.0,0.0,0.0,2,,closed,0.0,0.0,0.0,0.0,0.0,forecast_cache,53.3,6
2026-09-22,15:00,900,0.0,0.0,0.0,0.0,0.0,0.0,0.0,2,,closed,0.0,0.0,0.0,0.0,0.0,forecast_cache,51.3,6
2026-09-22,15:30,930,0.0,0.0,0.0,0.0,0.0,0.0,0.0,2,,closed,0.0,0.0,0.0,0.0,0.0,forecast_cache,53.2,6
2026-09-22,16:00,960,0.0,0.0,0.0,0.0,0.0,0.0,0.0,2,,closed,0.0,0.0,0.0,0.0,0.0,forecast_cache,49.9,6
2026-09-22,16:30,990,0.0,0.0,0.0,0.0,0.0,0.0,0.0,2,,closed,0.0,0.0,0.0,0.0,0.0,forecast_cache,50.6,6
2026-09-22,17:00,1020,0.0,0.0,0.0,0.0,0.0,0.0,0.0,2,,closed,0.0,0.0,0.0,0.0,0.0,forecast_cache,52.3,6
2026-09-22,17:30,1050,0.0,0.0,0.0,0.0,0.0,0.0,0.0,2,,closed,0.0,0.0,0.0,0.0,0.0,forecast_cache,45.7,6
2026-09-22,18:00,1080,0.0,0.0,0.0,0.0,0.0,0.0,0.0,2,,closed,0.0,0.0,0.0,0.0,0.0,forecast_cache,40.6,6
2026-09-22,18:30,1110,0.0,0.0,0.0,0.0,0.0,0.0,0.0,2,,closed,0.0,0.0,0.0,0.0,0.0,forecast_cache,40.2,6
2026-09-22,19:00,1140,0.0,0.0,0.0,0.0,0.0,0.0,0.0,2,,closed,0.0,0.0,0.0,0.0,0.0,forecast_cache,36.7,6
2026-09-22,19:30,1170,0.0,0.0,0.0,0.0,0.0,0.0,0.0,2,,closed,0.0,0.0,0.0,0.0,0.0,forecast_cache,35.3,6
2026-09-22,20:00,1200,0.0,0.0,0.0,0.0,0.0,0.0,0.0,2,,closed,0.0,0.0,0.0,0.0,0.0,forecast_cache,19.1,6
2026-09-22,20:30,1230,0.0,0.0,0.0,0.0,0.0,0.0,0.0,2,,closed,0.0,0.0,0.0,0.0,0.0,forecast_cache,12.0,6
2026-09-22,21:00,1260,0.0,0.0,0.0,0.0,0.0,0.0,0.0,2,,closed,0.0,0.0,0.0,0.0,0.0,forecast_cache,11.2,6
2026-09-22,21:30,1290,0.0,0.0,0.0,0.0,0.0,0.0,0.0,2,,closed,0.0,0.0,0.0,0.0,0.0,forecast_cache,11.0,6
2026-09-23,07:00,420,0.0,0.0,0.0,0.0,0.0,0.0,0.0,3,,closed,0.0,0.0,0.0,0.0,0.0,forecast_cache,14.3,6
2026-09-23,07:30,450,0.0,0.0,0.0,0.0,0.0,0.0,0.0,3,,closed,0.0,0.0,0.0,0.0,0.0,forecast_cache,15.9,6
2026-09-23,08:00,480,0.0,0.0,0.0,0.0,0.0,0.0,0.0,3,,closed,0.0,0.0,0.0,0.0,0.0,forecast_cache,15.9,6
2026-09-23,08:30,510,0.0,0.0,0.0,0.0,0.0,0.0,0.0,3,,closed,0.0,0.0,0.0,0.0,0.0,forecast_cache,14.7,6
2026-09-23,09:00,540,0.0,0.0,0.0,0.0,0.0,0.0,0.0,3,,closed,0.0,0.0,0.0,0.0,0.0,forecast_cache,19.9,6
2026-09-23,09:30,570,0.0,0.0,0.0,0.0,0.0,0.0,0.0,3,,closed,0.0,0.0,0.0,0.0,0.0,forecast_cache,22.4,6
2026-09-23,10:00,600,0.0,0.0,0.0,0.0,0.0,0.0,0.0,3,,closed,0.0,0.0,0.0,0.0,0.0,forecast_cache,24.0,6
2026-09-23,10:30,630,0.0,0.0,0.0,0.0,0.0,0.0,0.0,3,,closed,0.0,0.0,0.0,0.0,0.0,forecast_cache,27.1,6
2026-09-23,11:00,660,0.0,0.0,0.0,0.0,0.0,0.0,0.0,3,,closed,0.0,0.0,0.0,0.0,0.0,forecast_cache,31.3,6
2026-09-23,11:30,690,0.0,0.0,0.0,0.0,0.0,0.0,0.0,3,,closed,0.0,0.0,0.0,0.0,0.0,forecast_cache,31.9,6
2026-09-23,12:00,720,0.0,0.0,0.0,0.0,0.0,0.0,0.0,3,,closed,0.0,0.0,0.0,0.0,0.0,forecast_cache,32.4,6
2026-09-23,12:30,750,0.0,0.0,0.0,0.0,0.0,0.0,0.0,3,,closed,0.0,0.0,0.0,0.0,0.0,forecast_cache,33.6,6
2026-09-23,13:00,780,0.0,0.0,0.0,0.0,0.0,0.0,0.0,3,,closed,0.0,0.0,0.0,0.0,0.0,forecast_cache,40.2,6
2026-09-23,13:30,810,0.0,0.0,0.0,0.0,0.0,0.0,0.0,3,,closed,0.0,0.0,0.0,0.0,0.0,forecast_cache,40.0,6
2026-09-23,14:00,840,0.0,0.0,0.0,0.0,0.0,0.0,0.0,3,,closed,0.0,0.0,0.0,0.0,0.0,forecast_cache,45.3,6
2026-09-23,14:30,870,0.0,0.0,0.0,0.0,0.0,0.0,0.0,3,,closed,0.0,0.0,0.0,0.0,0.0,forecast_cache,46.1,6
2026-09-23,15:00,900,0.0,0.0,0.0,0.0,0.0,0.0,0.0,3,,closed,0.0,0.0,0.0,0.0,0.0,forecast_cache,47.0,6
2026-09-23,15:30,930,0.0,0.0,0.0,0.0,0.0,0.0,0.0,3,,closed,0.0,0.0,0.0,0.0,0.0,forecast_cache,45.3,6
2026-09-23,16:00,960,0.0,0.0,0.0,0.0,0.0,0.0,0.0,3,,closed,0.0,0.0,0.0,0.0,0.0,forecast_cache,42.8,6
2026-09-23,16:30,990,0.0,0.0,0.0,0.0,0.0,0.0,0.0,3,,closed,0.0,0.0,0.0,0.0,0.0,forecast_cache,41.4,6
2026-09-23,17:00,1020,0.0,0.0,0.0,0.0,0.0,0.0,0.0,3,,closed,0.0,0.0,0.0,0.0,0.0,forecast_cache,38.7,6
2026-09-23,17:30,1050,0.0,0.0,0.0,0.0,0.0,0.0,0.0,3,,closed,0.0,0.0,0.0,0.0,0.0,forecast_cache,33.1,6
2026-09-23,18:00,1080,0.0,0.0,0.0,0.0,0.0,0.0,0.0,3,,closed,0.0,0.0,0.0,0.0,0.0,forecast_cache,25.6,6
2026-09-23,18:30,1110,0.0,0.0,0.0,0.0,0.0,0.0,0.0,3,,closed,0.0,0.0,0.0,0.0,0.0,forecast_cache,27.1,6
2026-09-23,19:00,1140,0.0,0.0,0.0,0.0,0.0,0.0,0.0,3,,closed,0.0,0.0,0.0,0.0,0.0,forecast_cache,24.8,6
2026-09-23,19:30,1170,0.0,0.0,0.0,0.0,0.0,0.0,0.0,3,,closed,0.0,0.0,0.0,0.0,0.0,forecast_cache,25.0,6
2026-09-23,20:00,1200,0.0,0.0,0.0,0.0,0.0,0.0,0.0,3,,closed,0.0,0.0,0.0,0.0,0.0,forecast_cache,21.8,6
2026-09-23,20:30,1230,0.0,0.0,0.0,0.0,0.0,0.0,0.0,3,,closed,0.0,0.0,0.0,0.0,0.0,forecast_cache,21.2,6
2026-09-23,21:00,1260,0.0,0.0,0.0,0.0,0.0,0.0,0.0,3,,closed,0.0,0.0,0.0,0.0,0.0,forecast_cache,21.1,6
2026-09-23,21:30,1290,0.0,0.0,0.0,0.0,0.0,0.0,0.0,3,,closed,0.0,0.0,0.0,0.0,0.0,forecast_cache,20.0,6
2026-09-24,07:00,420,0.0,0.0,0.0,0.0,0.0,0.0,0.0,4,,closed,0.0,0.0,0.0,0.0,0.0,forecast_cache,15.9,6
2026-09-24,07:30,450,0.0,0.0,0.0,0.0,0.0,0.0,0.0,4,,closed,0.0,0.0,0.0,0.0,0.0,forecast_cache,16.3,6
2026-09-24,08:00,480,0.0,0.0,0.0,0.0,0.0,0.0,0.0,4,,closed,0.0,0.0,0.0,0.0,0.0,forecast_cache,20.2,6
2026-09-24,08:30,510,0.0,0.0,0.0,0.0,0.0,0.0,0.0,4,,closed,0.0,0.0,0.0,0.0,0.0,forecast_cache,51.6,6
2026-09-24,09:00,540,0.0,0.0,0.0,0.0,0.0,0.0,0.0,4,,closed,0.0,0.0,0.0,0.0,0.0,forecast_cache,93.6,6
2026-09-24,09:30,570,0.0,0.0,0.0,0.0,0.0,0.0,0.0,4,,closed,0.0,0.0,0.0,0.0,0.0,forecast_cache,107.0,6
2026-09-24,10:00,600,0.0,0.0,0.0,0.0,0.0,0.0,0.0,4,,closed,0.0,0.0,0.0,0.0,0.0,forecast_cache,118.2,6
2026-09-24,10:30,630,0.0,0.0,0.0,0.0,0.0,0.0,0.0,4,,closed,0.0,0.0,0.0,0.0,0.0,forecast_cache,126.8,6
2026-09-24,11:00,660,0.0,0.0,0.0,0.0,0.0,0.0,0.0,4,,closed,0.0,0.0,0.0,0.0,0.0,forecast_cache,135.8,6
2026-09-24,11:30,690,0.0,0.0,0.0,0.0,0.0,0.0,0.0,4,,closed,0.0,0.0,0.0,0.0,0.0,forecast_cache,143.8,6
2026-09-24,12:00,720,0.0,0.0,0.0,0.0,0.0,0.0,0.0,4,,closed,0.0,0.0,0.0,0.0,0.0,forecast_cache,153.6,6
2026-09-24,12:30,750,0.0,0.0,0.0,0.0,0.0,0.0,0.0,4,,closed,0.0,0.0,0.0,0.0,0.0,forecast_cache,168.7,6
2026-09-24,13:00,780,0.0,0.0,0.0,0.0,0.0,0.0,0.0,4,,closed,0.0,0.0,0.0,0.0,0.0,forecast_cache,182.0,6
2026-09-24,13:30,810,0.0,0.0,0.0,0.0,0.0,0.0,0.0,4,,closed,0.0,0.0,0.0,0.0,0.0,forecast_cache,188.8,6
2026-09-24,14:00,840,0.0,0.0,0.0,0.0,0.0,0.0,0.0,4,,closed,0.0,0.0,0.0,0.0,0.0,forecast_cache,197.7,6
2026-09-24,14:30,870,0.0,0.0,0.0,0.0,0.0,0.0,0.0,4,,closed,0.0,0.0,0.0,0.0,0.0,forecast_cache,200.0,6
2026-09-24,15:00,900,0.0,0.0,0.0,0.0,0.0,0.0,0.0,4,,closed,0.0,0.0,0.0,0.0,0.0,forecast_cache,203.7,6
2026-09-24,15:30,930,0.0,0.0,0.0,0.0,0.0,0.0,0.0,4,,closed,0.0,0.0,0.0,0.0,0.0,forecast_cache,205.6,6
2026-09-24,16:00,960,0.0,0.0,0.0,0.0,0.0,0.0,0.0,4,,closed,0.0,0.0,0.0,0.0,0.0,forecast_cache,200.2,6
2026-09-24,16:30,990,0.0,0.0,0.0,0.0,0.0,0.0,0.0,4,,closed,0.0,0.0,0.0,0.0,0.0,forecast_cache,191.2,6
2026-09-24,17:00,1020,0.0,0.0,0.0,0.0,0.0,0.0,0.0,4,,closed,0.0,0.0,0.0,0.0,0.0,forecast_cache,185.9,6
2026-09-24,17:30,1050,0.0,0.0,0.0,0.0,0.0,0.0,0.0,4,,closed,0.0,0.0,0.0,0.0,0.0,forecast_cache,147.8,6
2026-09-24,18:00,1080,0.0,0.0,0.0,0.0,0.0,0.0,0.0,4,,closed,0.0,0.0,0.0,0.0,0.0,forecast_cache,107.8,6
2026-09-24,18:30,1110,0.0,0.0,0.0,0.0,0.0,0.0,0.0,4,,closed,0.0,0.0,0.0,0.0,0.0,forecast_cache,88.2,6
2026-09-24,19:00,1140,0.0,0.0,0.0,0.0,0.0,0.0,0.0,4,,closed,0.0,0.0,0.0,0.0,0.0,forecast_cache,73.9,6
2026-09-24,19:30,1170,0.0,0.0,0.0,0.0,0.0,0.0,0.0,4,,closed,0.0,0.0,0.0,0.0,0.0,forecast_cache,54.0,6
2026-09-24,20:00,1200,0.0,0.0,0.0,0.0,0.0,0.0,0.0,4,,closed,0.0,0.0,0.0,0.0,0.0,forecast_cache,38.3,6
2026-09-24,20:30,1230,0.0,0.0,0.0,0.0,0.0,0.0,0.0,4,,closed,0.0,0.0,0.0,0.0,0.0,forecast_cache,36.3,6
2026-09-24,21:00,1260,0.0,0.0,0.0,0.0,0.0,0.0,0.0,4,,closed,0.0,0.0,0.0,0.0,0.0,forecast_cache,35.7,6
2026-09-24,21:30,1290,0.0,0.0,0.0,0.0,0.0,0.0,0.0,4,,closed,0.0,0.0,0.0,0.0,0.0,forecast_cache,33.4,6
2026-09-25,07:00,420,0.0,0.0,0.0,0.0,0.0,0.0,0.0,5,,closed,0.0,0.0,0.0,0.0,0.0,forecast_cache,17.4,6
2026-09-25,07:30,450,0.0,0.0,0.0,0.0,0.0,0.0,0.0,5,,closed,0.0,0.0,0.0,0.0,0.0,forecast_cache,20.6,6
2026-09-25,08:00,480,0.0,0.0,0.0,0.0,0.0,0.0,0.0,5,,closed,0.0,0.0,0.0,0.0,0.0,forecast_cache,26.4,6
2026-09-25,08:30,510,0.0,0.0,0.0,0.0,0.0,0.0,0.0,5,,closed,0.0,0.0,0.0,0.0,0.0,forecast_cache,57.9,6
2026-09-25,09:00,540,0.0,0.0,0.0,0.0,0.0,0.0,0.0,5,,closed,0.0,0.0,0.0,0.0,0.0,forecast_cache,111.7,6
2026-09-25,09:30,570,0.0,0.0,0.0,0.0,0.0,0.0,0.0,5,,closed,0.0,0.0,0.0,0.0,0.0,forecast_cache,141.3,6
2026-09-25,10:00,600,0.0,0.0,0.0,0.0,0.0,0.0,0.0,5,,closed,0.0,0.0,0.0,0.0,0.0,forecast_cache,178.8,6
2026-09-25,10:30,630,0.0,0.0,0.0,0.0,0.0,0.0,0.0,5,,closed,0.0,0.0,0.0,0.0,0.0,forecast_cache,196.7,6
2026-09-25,11:00,660,0.0,0.0,0.0,0.0,0.0,0.0,0.0,5,,closed,0.0,0.0,0.0,0.0,0.0,forecast_cache,199.2,6
2026-09-25,11:30,690,0.0,0.0,0.0,0.0,0.0,0.0,0.0,5,,closed,0.0,0.0,0.0,0.0,0.0,forecast_cache,198.1,6
2026-09-25,12:00,720,0.0,0.0,0.0,0.0,0.0,0.0,0.0,5,,closed,0.0,0.0,0.0,0.0,0.0,forecast_cache,197.2,6
2026-09-25,12:30,750,0.0,0.0,0.0,0.0,0.0,0.0,0.0,5,,closed,0.0,0.0,0.0,0.0,0.0,forecast_cache,191.7,6
2026-09-25,13:00,780,0.0,0.0,0.0,0.0,0.0,0.0,0.0,5,,closed,0.0,0.0,0.0,0.0,0.0,forecast_cache,194.1,6
2026-09-25,13:30,810,0.0,0.0,0.0,0.0,0.0,0.0,0.0,5,,closed,0.0,0.0,0.0,0.0,0.0,forecast_cache,192.6,6
2026-09-25,14:00,840,0.0,0.0,0.0,0.0,0.0,0.0,0.0,5,,closed,0.0,0.0,0.0,0.0,0.0,forecast_cache,191.4,6
2026-09-25,14:30,870,0.0,0.0,0.0,0.0,0.0,0.0,0.0,5,,closed,0.0,0.0,0.0,0.0,0.0,forecast_cache,190.6,6
2026-09-25,15:00,900,0.0,0.0,0.0,0.0,0.0,0.0,0.0,5,,closed,0.0,0.0,0.0,0.0,0.0,forecast_cache,189.2,6
2026-09-25,15:30,930,0.0,0.0,0.0,0.0,0.0,0.0,0.0,5,,closed,0.0,0.0,0.0,0.0,0.0,forecast_cache,179.3,6
2026-09-25,16:00,960,0.0,0.0,0.0,0.0,0.0,0.0,0.0,5,,closed,0.0,0.0,0.0,0.0,0.0,forecast_cache,173.1,6
2026-09-25,16:30,990,0.0,0.0,0.0,0.0,0.0,0.0,0.0,5,,closed,0.0,0.0,0.0,0.0,0.0,forecast_cache,158.7,6
2026-09-25,17:00,1020,0.0,0.0,0.0,0.0,0.0,0.0,0.0,5,,closed,0.0,0.0,0.0,0.0,0.0,forecast_cache,143.8,6
2026-09-25,17:30,1050,0.0,0.0,0.0,0.0,0.0,0.0,0.0,5,,closed,0.0,0.0,0.0,0.0,0.0,forecast_cache,114.7,6
2026-09-25,18:00,1080,0.0,0.0,0.0,0.0,0.0,0.0,0.0,5,,closed,0.0,0.0,0.0,0.0,0.0,forecast_cache,86.0,6
2026-09-25,18:30,1110,0.0,0.0,0.0,0.0,0.0,0.0,0.0,5,,closed,0.0,0.0,0.0,0.0,0.0,forecast_cache,66.3,6
2026-09-25,19:00,1140,0.0,0.0,0.0,0.0,0.0,0.0,0.0,5,,closed,0.0,0.0,0.0,0.0,0.0,forecast_cache,55.3,6
2026-09-25,19:30,1170,0.0,0.0,0.0,0.0,0.0,0.0,0.0,5,,closed,0.0,0.0,0.0,0.0,0.0,forecast_cache,46.2,6
2026-09-25,20:00,1200,0.0,0.0,0.0,0.0,0.0,0.0,0.0,5,,closed,0.0,0.0,0.0,0.0,0.0,forecast_cache,36.6,6
2026-09-25,20:30,1230,0.0,0.0,0.0,0.0,0.0,0.0,0.0,5,,closed,0.0,0.0,0.0,0.0,0.0,forecast_cache,38.6,6
2026-09-25,21:00,1260,0.0,0.0,0.0,0.0,0.0,0.0,0.0,5,,closed,0.0,0.0,0.0,0.0,0.0,forecast_cache,34.7,6
2026-09-25,21:30,1290,0.0,0.0,0.0,0.0,0.0,0.0,0.0,5,,closed,0.0,0.0,0.0,0.0,0.0,forecast_cache,30.0,3
2026-09-26,07:00,420,0.0,0.0,0.0,0.0,0.0,0.0,0.0,6,,closed,0.0,0.0,0.0,0.0,0.0,forecast_cache,,0
2026-09-26,07:30,450,0.0,0.0,0.0,0.0,0.0,0.0,0.0,6,,closed,0.0,0.0,0.0,0.0,0.0,forecast_cache,,0
2026-09-26,08:00,480,0.0,0.0,0.0,0.0,0.0,0.0,0.0,6,,closed,0.0,0.0,0.0,0.0,0.0,forecast_cache,,0
2026-09-26,08:30,510,0.0,0.0,0.0,0.0,0.0,0.0,0.0,6,,closed,0.0,0.0,0.0,0.0,0.0,forecast_cache,,0
2026-09-26,09:00,540,0.0,0.0,0.0,0.0,0.0,0.0,0.0,6,,closed,0.0,0.0,0.0,0.0,0.0,forecast_cache,,0
2026-09-26,09:30,570,0.0,0.0,0.0,0.0,0.0,0.0,0.0,6,,closed,0.0,0.0,0.0,0.0,0.0,forecast_cache,,0
2026-09-26,10:00,600,0.0,0.0,0.0,0.0,0.0,0.0,0.0,6,,closed,0.0,0.0,0.0,0.0,0.0,forecast_cache,,0
2026-09-26,10:30,630,0.0,0.0,0.0,0.0,0.0,0.0,0.0,6,,closed,0.0,0.0,0.0,0.0,0.0,forecast_cache,,0
2026-09-26,11:00,660,0.0,0.0,0.0,0.0,0.0,0.0,0.0,6,,closed,0.0,0.0,0.0,0.0,0.0,forecast_cache,,0
2026-09-26,11:30,690,0.0,0.0,0.0,0.0,0.0,0.0,0.0,6,,closed,0.0,0.0,0.0,0.0,0.0,forecast_cache,,0
2026-09-26,12:00,720,0.0,0.0,0.0,0.0,0.0,0.0,0.0,6,,closed,0.0,0.0,0.0,0.0,0.0,forecast_cache,,0
2026-09-26,12:30,750,0.0,0.0,0.0,0.0,0.0,0.0,0.0,6,,closed,0.0,0.0,0.0,0.0,0.0,forecast_cache,,0
2026-09-26,13:00,780,0.0,0.0,0.0,0.0,0.0,0.0,0.0,6,,closed,0.0,0.0,0.0,0.0,0.0,forecast_cache,,0
2026-09-26,13:30,810,0.0,0.0,0.0,0.0,0.0,0.0,0.0,6,,closed,0.0,0.0,0.0,0.0,0.0,forecast_cache,,0
2026-09-26,14:00,840,0.0,0.0,0.0,0.0,0.0,0.0,0.0,6,,closed,0.0,0.0,0.0,0.0,0.0,forecast_cache,,0
2026-09-26,14:30,870,0.0,0.0,0.0,0.0,0.0,0.0,0.0,6,,closed,0.0,0.0,0.0,0.0,0.0,forecast_cache,,0
2026-09-26,15:00,900,0.0,0.0,0.0,0.0,0.0,0.0,0.0,6,,closed,0.0,0.0,0.0,0.0,0.0,forecast_cache,,0
2026-09-26,15:30,930,0.0,0.0,0.0,0.0,0.0,0.0,0.0,6,,closed,0.0,0.0,0.0,0.0,0.0,forecast_cache,,0
2026-09-26,16:00,960,0.0,0.0,0.0,0.0,0.0,0.0,0.0,6,,closed,0.0,0.0,0.0,0.0,0.0,forecast_cache,,0
2026-09-26,16:30,990,0.0,0.0,0.0,0.0,0.0,0.0,0.0,6,,closed,0.0,0.0,0.0,0.0,0.0,forecast_cache,,0
2026-09-26,17:00,1020,0.0,0.0,0.0,0.0,0.0,0.0,0.0,6,,closed,0.0,0.0,0.0,0.0,0.0,forecast_cache,,0
2026-09-26,17:30,1050,0.0,0.0,0.0,0.0,0.0,0.0,0.0,6,,closed,0.0,0.0,0.0,0.0,0.0,forecast_cache,,0
2026-09-26,18:00,1080,0.0,0.0,0.0,0.0,0.0,0.0,0.0,6,,closed,0.0,0.0,0.0,0.0,0.0,forecast_cache,,0
2026-09-26,18:30,1110,0.0,0.0,0.0,0.0,0.0,0.0,0.0,6,,closed,0.0,0.0,0.0,0.0,0.0,forecast_cache,,0
2026-09-26,19:00,1140,0.0,0.0,0.0,0.0,0.0,0.0,0.0,6,,closed,0.0,0.0,0.0,0.0,0.0,forecast_cache,,0
2026-09-26,19:30,1170,0.0,0.0,0.0,0.0,0.0,0.0,0.0,6,,closed,0.0,0.0,0.0,0.0,0.0,forecast_cache,,0
2026-09-26,20:00,1200,0.0,0.0,0.0,0.0,0.0,0.0,0.0,6,,closed,0.0,0.0,0.0,0.0,0.0,forecast_cache,,0
2026-09-26,20:30,1230,0.0,0.0,0.0,0.0,0.0,0.0,0.0,6,,closed,0.0,0.0,0.0,0.0,0.0,forecast_cache,,0
2026-09-26,21:00,1260,0.0,0.0,0.0,0.0,0.0,0.0,0.0,6,,closed,0.0,0.0,0.0,0.0,0.0,forecast_cache,,0
2026-09-26,21:30,1290,0.0,0.0,0.0,0.0,0.0,0.0,0.0,6,,closed,0.0,0.0,0.0,0.0,0.0,forecast_cache,,0
2026-09-27,07:00,420,0.0,0.0,0.0,0.0,0.0,0.0,0.0,7,,closed,0.0,0.0,0.0,0.0,0.0,forecast_cache,,0
2026-09-27,07:30,450,0.0,0.0,0.0,0.0,0.0,0.0,0.0,7,,closed,0.0,0.0,0.0,0.0,0.0,forecast_cache,,0
2026-09-27,08:00,480,0.0,0.0,0.0,0.0,0.0,0.0,0.0,7,,closed,0.0,0.0,0.0,0.0,0.0,forecast_cache,,0
2026-09-27,08:30,510,0.0,0.0,0.0,0.0,0.0,0.0,0.0,7,,closed,0.0,0.0,0.0,0.0,0.0,forecast_cache,,0
2026-09-27,09:00,540,0.0,0.0,0.0,0.0,0.0,0.0,0.0,7,,closed,0.0,0.0,0.0,0.0,0.0,forecast_cache,,0
2026-09-27,09:30,570,0.0,0.0,0.0,0.0,0.0,0.0,0.0,7,,closed,0.0,0.0,0.0,0.0,0.0,forecast_cache,,0
2026-09-27,10:00,600,0.0,0.0,0.0,0.0,0.0,0.0,0.0,7,,closed,0.0,0.0,0.0,0.0,0.0,forecast_cache,,0
2026-09-27,10:30,630,0.0,0.0,0.0,0.0,0.0,0.0,0.0,7,,closed,0.0,0.0,0.0,0.0,0.0,forecast_cache,,0
2026-09-27,11:00,660,0.0,0.0,0.0,0.0,0.0,0.0,0.0,7,,closed,0.0,0.0,0.0,0.0,0.0,forecast_cache,,0
2026-09-27,11:30,690,0.0,0.0,0.0,0.0,0.0,0.0,0.0,7,,closed,0.0,0.0,0.0,0.0,0.0,forecast_cache,,0
2026-09-27,12:00,720,0.0,0.0,0.0,0.0,0.0,0.0,0.0,7,,closed,0.0,0.0,0.0,0.0,0.0,forecast_cache,,0
2026-09-27,12:30,750,0.0,0.0,0.0,0.0,0.0,0.0,0.0,7,,closed,0.0,0.0,0.0,0.0,0.0,forecast_cache,,0
2026-09-27,13:00,780,0.0,0.0,0.0,0.0,0.0,0.0,0.0,7,,closed,0.0,0.0,0.0,0.0,0.0,forecast_cache,,0
2026-09-27,13:30,810,0.0,0.0,0.0,0.0,0.0,0.0,0.0,7,,closed,0.0,0.0,0.0,0.0,0.0,forecast_cache,,0
2026-09-27,14:00,840,0.0,0.0,0.0,0.0,0.0,0.0,0.0,7,,closed,0.0,0.0,0.0,0.0,0.0,forecast_cache,,0
2026-09-27,14:30,870,0.0,0.0,0.0,0.0,0.0,0.0,0.0,7,,closed,0.0,0.0,0.0,0.0,0.0,forecast_cache,,0
2026-09-27,15:00,900,0.0,0.0,0.0,0.0,0.0,0.0,0.0,7,,closed,0.0,0.0,0.0,0.0,0.0,forecast_cache,,0
2026-09-27,15:30,930,0.0,0.0,0.0,0.0,0.0,0.0,0.0,7,,closed,0.0,0.0,0.0,0.0,0.0,forecast_cache,24.5,4
2026-09-27,16:00,960,0.0,0.0,0.0,0.0,0.0,0.0,0.0,7,,closed,0.0,0.0,0.0,0.0,0.0,forecast_cache,26.3,4
2026-09-27,16:30,990,0.0,0.0,0.0,0.0,0.0,0.0,0.0,7,,closed,0.0,0.0,0.0,0.0,0.0,forecast_cache,26.3,6
2026-09-27,17:00,1020,0.0,0.0,0.0,0.0,0.0,0.0,0.0,7,,closed,0.0,0.0,0.0,0.0,0.0,forecast_cache,24.2,6
2026-09-27,17:30,1050,0.0,0.0,0.0,0.0,0.0,0.0,0.0,7,,closed,0.0,0.0,0.0,0.0,0.0,forecast_cache,19.4,6
2026-09-27,18:00,1080,0.0,0.0,0.0,0.0,0.0,0.0,0.0,7,,closed,0.0,0.0,0.0,0.0,0.0,forecast_cache,18.8,6
2026-09-27,18:30,1110,0.0,0.0,0.0,0.0,0.0,0.0,0.0,7,,closed,0.0,0.0,0.0,0.0,0.0,forecast_cache,22.7,6
2026-09-27,19:00,1140,0.0,0.0,0.0,0.0,0.0,0.0,0.0,7,,closed,0.0,0.0,0.0,0.0,0.0,forecast_cache,22.2,6
2026-09-27,19:30,1170,0.0,0.0,0.0,0.0,0.0,0.0,0.0,7,,closed,0.0,0.0,0.0,0.0,0.0,forecast_cache,24.0,6
2026-09-27,20:00,1200,0.0,0.0,0.0,0.0,0.0,0.0,0.0,7,,closed,0.0,0.0,0.0,0.0,0.0,forecast_cache,21.6,6
2026-09-27,20:30,1230,0.0,0.0,0.0,0.0,0.0,0.0,0.0,7,,closed,0.0,0.0,0.0,0.0,0.0,forecast_cache,21.1,6
2026-09-27,21:00,1260,0.0,0.0,0.0,0.0,0.0,0.0,0.0,7,,closed,0.0,0.0,0.0,0.0,0.0,forecast_cache,20.8,6
2026-09-27,21:30,1290,0.0,0.0,0.0,0.0,0.0,0.0,0.0,7,,closed,0.0,0.0,0.0,0.0,0.0,forecast_cache,17.8,6
2026-09-28,07:00,420,0.0,0.0,0.0,0.0,0.0,0.0,0.0,1,,closed,0.0,0.0,0.0,0.0,0.0,forecast_cache,13.3,6
2026-09-28,07:30,450,0.0,0.0,0.0,0.0,0.0,0.0,0.0,1,,closed,0.0,0.0,0.0,0.0,0.0,forecast_cache,15.2,6
2026-09-28,08:00,480,0.0,0.0,0.0,0.0,0.0,0.0,0.0,1,,closed,0.0,0.0,0.0,0.0,0.0,forecast_cache,22.1,6
2026-09-28,08:30,510,0.0,0.0,0.0,0.0,0.0,0.0,0.0,1,,closed,0.0,0.0,0.0,0.0,0.0,forecast_cache,45.0,6
2026-09-28,09:00,540,0.0,0.0,0.0,0.0,0.0,0.0,0.0,1,,closed,0.0,0.0,0.0,0.0,0.0,forecast_cache,73.3,6
2026-09-28,09:30,570,0.0,0.0,0.0,0.0,0.0,0.0,0.0,1,,closed,0.0,0.0,0.0,0.0,0.0,forecast_cache,83.6,6
2026-09-28,10:00,600,0.0,0.0,0.0,0.0,0.0,0.0,0.0,1,,closed,0.0,0.0,0.0,0.0,0.0,forecast_cache,98.3,6
2026-09-28,10:30,630,0.0,0.0,0.0,0.0,0.0,0.0,0.0,1,,closed,0.0,0.0,0.0,0.0,0.0,forecast_cache,111.2,6
2026-09-28,11:00,660,0.0,0.0,0.0,0.0,0.0,0.0,0.0,1,,closed,0.0,0.0,0.0,0.0,0.0,forecast_cache,117.7,6
2026-09-28,11:30,690,0.0,0.0,0.0,0.0,0.0,0.0,0.0,1,,closed,0.0,0.0,0.0,0.0,0.0,forecast_cache,125.1,6
2026-09-28,12:00,720,0.0,0.0,0.0,0.0,0.0,0.0,0.0,1,,closed,0.0,0.0,0.0,0.0,0.0,forecast_cache,146.3,6
2026-09-28,12:30,750,0.0,0.0,0.0,0.0,0.0,0.0,0.0,1,,closed,0.0,0.0,0.0,0.0,0.0,forecast_cache,161.3,6
2026-09-28,13:00,780,0.0,0.0,0.0,0.0,0.0,0.0,0.0,1,,closed,0.0,0.0,0.0,0.0,0.0,forecast_cache,173.9,6
2026-09-28,13:30,810,0.0,0.0,0.0,0.0,0.0,0.0,0.0,1,,closed,0.0,0.0,0.0,0.0,0.0,forecast_cache,193.3,6
2026-09-28,14:00,840,0.0,0.0,0.0,0.0,0.0,0.0,0.0,1,,closed,0.0,0.0,0.0,0.0,0.0,forecast_cache,186.7,6
2026-09-28,14:30,870,0.0,0.0,0.0,0.0,0.0,0.0,0.0,1,,closed,0.0,0.0,0.0,0.0,0.0,forecast_cache,181.4,6
2026-09-28,15:00,900,0.0,0.0,0.0,0.0,0.0,0.0,0.0,1,,closed,0.0,0.0,0.0,0.0,0.0,forecast_cache,184.7,6
2026-09-28,15:30,930,0.0,0.0,0.0,0.0,0.0,0.0,0.0,1,,closed,0.0,0.0,0.0,0.0,0.0,forecast_cache,188.2,6
2026-09-28,16:00,960,0.0,0.0,0.0,0.0,0.0,0.0,0.0,1,,closed,0.0,0.0,0.0,0.0,0.0,forecast_cache,186.3,6
2026-09-28,16:30,990,0.0,0.0,0.0,0.0,0.0,0.0,0.0,1,,closed,0.0,0.0,0.0,0.0,0.0,forecast_cache,168.9,6
2026-09-28,17:00,1020,0.0,0.0,0.0,0.0,0.0,0.0,0.0,1,,closed,0.0,0.0,0.0,0.0,0.0,forecast_cache,144.9,6
2026-09-28,17:30,1050,0.0,0.0,0.0,0.0,0.0,0.0,0.0,1,,closed,0.0,0.0,0.0,0.0,0.0,forecast_cache,113.3,6
2026-09-28,18:00,1080,0.0,0.0,0.0,0.0,0.0,0.0,0.0,1,,closed,0.0,0.0,0.0,0.0,0.0,forecast_cache,86.3,6
2026-09-28,18:30,1110,0.0,0.0,0.0,0.0,0.0,0.0,0.0,1,,closed,0.0,0.0,0.0,0.0,0.0,forecast_cache,76.6,6
2026-09-28,19:00,1140,0.0,0.0,0.0,0.0,0.0,0.0,0.0,1,,closed,0.0,0.0,0.0,0.0,0.0,forecast_cache,66.9,6
2026-09-28,19:30,1170,0.0,0.0,0.0,0.0,0.0,0.0,0.0,1,,closed,0.0,0.0,0.0,0.0,0.0,forecast_cache,53.1,6
2026-09-28,20:00,1200,0.0,0.0,0.0,0.0,0.0,0.0,0.0,1,,closed,0.0,0.0,0.0,0.0,0.0,forecast_cache,44.4,6
2026-09-28,20:30,1230,0.0,0.0,0.0,0.0,0.0,0.0,0.0,1,,closed,0.0,0.0,0.0,0.0,0.0,forecast_cache,36.0,6
2026-09-28,21:00,1260,0.0,0.0,0.0,0.0,0.0,0.0,0.0,1,,closed,0.0,0.0,0.0,0.0,0.0,forecast_cache,30.4,6
2026-09-28,21:30,1290,0.0,0.0,0.0,0.0,0.0,0.0,0.0,1,,closed,0.0,0.0,0.0,0.0,0.0,forecast_cache,26.1,6
2026-09-29,07:00,420,0.0,0.0,0.0,0.0,0.0,0.0,0.0,2,,closed,0.0,0.0,0.0,0.0,0.0,daily_snapshot,18.9,6
2026-09-29,07:30,450,0.0,0.0,0.0,0.0,0.0,0.0,0.0,2,,closed,0.0,0.0,0.0,0.0,0.0,daily_snapshot,20.1,6
2026-09-29,08:00,480,0.0,0.0,0.0,0.0,0.0,0.0,0.0,2,,closed,0.0,0.0,0.0,0.0,0.0,daily_snapshot,26.6,6
2026-09-29,08:30,510,0.0,0.0,0.0,0.0,0.0,0.0,0.0,2,,closed,0.0,0.0,0.0,0.0,0.0,daily_snapshot,53.6,6
2026-09-29,09:00,540,0.0,0.0,0.0,0.0,0.0,0.0,0.0,2,,closed,0.0,0.0,0.0,0.0,0.0,daily_snapshot,92.4,6
2026-09-29,09:30,570,0.0,0.0,0.0,0.0,0.0,0.0,0.0,2,,closed,0.0,0.0,0.0,0.0,0.0,daily_snapshot,110.7,6
2026-09-29,10:00,600,0.0,0.0,0.0,0.0,0.0,0.0,0.0,2,,closed,0.0,0.0,0.0,0.0,0.0,daily_snapshot,136.1,6
2026-09-29,10:30,630,0.0,0.0,0.0,0.0,0.0,0.0,0.0,2,,closed,0.0,0.0,0.0,0.0,0.0,daily_snapshot,148.4,6
2026-09-29,11:00,660,0.0,0.0,0.0,0.0,0.0,0.0,0.0,2,,closed,0.0,0.0,0.0,0.0,0.0,daily_snapshot,176.3,6
2026-09-29,11:30,690,0.0,0.0,0.0,0.0,0.0,0.0,0.0,2,,closed,0.0,0.0,0.0,0.0,0.0,daily_snapshot,175.6,6
2026-09-29,12:00,720,0.0,0.0,0.0,0.0,0.0,0.0,0.0,2,,closed,0.0,0.0,0.0,0.0,0.0,daily_snapshot,169.7,6
2026-09-29,12:30,750,0.0,0.0,0.0,0.0,0.0,0.0,0.0,2,,closed,0.0,0.0,0.0,0.0,0.0,daily_snapshot,176.1,6
2026-09-29,13:00,780,0.0,0.0,0.0,0.0,0.0,0.0,0.0,2,,closed,0.0,0.0,0.0,0.0,0.0,daily_snapshot,198.7,6
2026-09-29,13:30,810,0.0,0.0,0.0,0.0,0.0,0.0,0.0,2,,closed,0.0,0.0,0.0,0.0,0.0,daily_snapshot,205.5,7
2026-09-29,14:00,840,0.0,0.0,0.0,0.0,0.0,0.0,0.0,2,,closed,0.0,0.0,0.0,0.0,0.0,daily_snapshot,213.4,6
2026-09-29,14:30,870,0.0,0.0,0.0,0.0,0.0,0.0,0.0,2,,closed,0.0,0.0,0.0,0.0,0.0,daily_snapshot,215.3,6
2026-09-29,15:00,900,0.0,0.0,0.0,0.0,0.0,0.0,0.0,2,,closed,0.0,0.0,0.0,0.0,0.0,daily_snapshot,206.2,6
2026-09-29,15:30,930,0.0,0.0,0.0,0.0,0.0,0.0,0.0,2,,closed,0.0,0.0,0.0,0.0,0.0,daily_snapshot,199.0,6
2026-09-29,16:00,960,0.0,0.0,0.0,0.0,0.0,0.0,0.0,2,,closed,0.0,0.0,0.0,0.0,0.0,daily_snapshot,191.7,6
2026-09-29,16:30,990,0.0,0.0,0.0,0.0,0.0,0.0,0.0,2,,closed,0.0,0.0,0.0,0.0,0.0,daily_snapshot,183.3,6
2026-09-29,17:00,1020,0.0,0.0,0.0,0.0,0.0,0.0,0.0,2,,closed,0.0,0.0,0.0,0.0,0.0,daily_snapshot,166.4,6
2026-09-29,17:30,1050,0.0,0.0,0.0,0.0,0.0,0.0,0.0,2,,closed,0.0,0.0,0.0,0.0,0.0,daily_snapshot,143.8,6
2026-09-29,18:00,1080,0.0,0.0,0.0,0.0,0.0,0.0,0.0,2,,closed,0.0,0.0,0.0,0.0,0.0,daily_snapshot,118.1,6
2026-09-29,18:30,1110,0.0,0.0,0.0,0.0,0.0,0.0,0.0,2,,closed,0.0,0.0,0.0,0.0,0.0,daily_snapshot,93.6,6
2026-09-29,19:00,1140,0.0,0.0,0.0,0.0,0.0,0.0,0.0,2,,closed,0.0,0.0,0.0,0.0,0.0,daily_snapshot,69.0,6
2026-09-29,19:30,1170,0.0,0.0,0.0,0.0,0.0,0.0,0.0,2,,closed,0.0,0.0,0.0,0.0,0.0,daily_snapshot,58.8,6
2026-09-29,20:00,1200,0.0,0.0,0.0,0.0,0.0,0.0,0.0,2,,closed,0.0,0.0,0.0,0.0,0.0,daily_snapshot,55.0,6
2026-09-29,20:30,1230,0.0,0.0,0.0,0.0,0.0,0.0,0.0,2,,closed,0.0,0.0,0.0,0.0,0.0,daily_snapshot,46.6,6
2026-09-29,21:00,1260,0.0,0.0,0.0,0.0,0.0,0.0,0.0,2,,closed,0.0,0.0,0.0,0.0,0.0,daily_snapshot,38.8,6
2026-09-29,21:30,1290,0.0,0.0,0.0,0.0,0.0,0.0,0.0,2,,closed,0.0,0.0,0.0,0.0,0.0,daily_snapshot,33.7,6
2026-09-30,07:00,420,0.0,0.0,0.0,0.0,0.0,0.0,0.0,3,,closed,0.0,0.0,0.0,0.0,0.0,daily_snapshot,21.4,6
2026-09-30,07:30,450,0.0,0.0,0.0,0.0,0.0,0.0,0.0,3,,closed,0.0,0.0,0.0,0.0,0.0,daily_snapshot,22.9,6
2026-09-30,08:00,480,0.0,0.0,0.0,0.0,0.0,0.0,0.0,3,,closed,0.0,0.0,0.0,0.0,0.0,daily_snapshot,34.1,6
2026-09-30,08:30,510,0.0,0.0,0.0,0.0,0.0,0.0,0.0,3,,closed,0.0,0.0,0.0,0.0,0.0,daily_snapshot,60.3,6
2026-09-30,09:00,540,0.0,0.0,0.0,0.0,0.0,0.0,0.0,3,,closed,0.0,0.0,0.0,0.0,0.0,daily_snapshot,127.4,6
2026-09-30,09:30,570,0.0,0.0,0.0,0.0,0.0,0.0,0.0,3,,closed,0.0,0.0,0.0,0.0,0.0,daily_snapshot,148.2,6
2026-09-30,10:00,600,0.0,0.0,0.0,0.0,0.0,0.0,0.0,3,,closed,0.0,0.0,0.0,0.0,0.0,daily_snapshot,160.8,6
2026-09-30,10:30,630,0.0,0.0,0.0,0.0,0.0,0.0,0.0,3,,closed,0.0,0.0,0.0,0.0,0.0,daily_snapshot,181.9,6
2026-09-30,11:00,660,0.0,0.0,0.0,0.0,0.0,0.0,0.0,3,,closed,0.0,0.0,0.0,0.0,0.0,daily_snapshot,206.9,6
2026-09-30,11:30,690,0.0,0.0,0.0,0.0,0.0,0.0,0.0,3,,closed,0.0,0.0,0.0,0.0,0.0,daily_snapshot,210.6,6
2026-09-30,12:00,720,0.0,0.0,0.0,0.0,0.0,0.0,0.0,3,,closed,0.0,0.0,0.0,0.0,0.0,daily_snapshot,220.9,6
2026-09-30,12:30,750,0.0,0.0,0.0,0.0,0.0,0.0,0.0,3,,closed,0.0,0.0,0.0,0.0,0.0,daily_snapshot,239.1,6
2026-09-30,13:00,780,0.0,0.0,0.0,0.0,0.0,0.0,0.0,3,,closed,0.0,0.0,0.0,0.0,0.0,daily_snapshot,233.1,6
2026-09-30,13:30,810,0.0,0.0,0.0,0.0,0.0,0.0,0.0,3,,closed,0.0,0.0,0.0,0.0,0.0,daily_snapshot,242.7,6
2026-09-30,14:00,840,0.0,0.0,0.0,0.0,0.0,0.0,0.0,3,,closed,0.0,0.0,0.0,0.0,0.0,daily_snapshot,245.4,6
2026-09-30,14:30,870,0.0,0.0,0.0,0.0,0.0,0.0,0.0,3,,closed,0.0,0.0,0.0,0.0,0.0,daily_snapshot,250.3,6
2026-09-30,15:00,900,0.0,0.0,0.0,0.0,0.0,0.0,0.0,3,,closed,0.0,0.0,0.0,0.0,0.0,daily_snapshot,250.4,6
2026-09-30,15:30,930,0.0,0.0,0.0,0.0,0.0,0.0,0.0,3,,closed,0.0,0.0,0.0,0.0,0.0,daily_snapshot,254.3,6
2026-09-30,16:00,960,0.0,0.0,0.0,0.0,0.0,0.0,0.0,3,,closed,0.0,0.0,0.0,0.0,0.0,daily_snapshot,253.8,6
2026-09-30,16:30,990,0.0,0.0,0.0,0.0,0.0,0.0,0.0,3,,closed,0.0,0.0,0.0,0.0,0.0,daily_snapshot,271.9,6
2026-09-30,17:00,1020,0.0,0.0,0.0,0.0,0.0,0.0,0.0,3,,closed,0.0,0.0,0.0,0.0,0.0,daily_snapshot,269.4,6
2026-09-30,17:30,1050,0.0,0.0,0.0,0.0,0.0,0.0,0.0,3,,closed,0.0,0.0,0.0,0.0,0.0,daily_snapshot,252.6,6
2026-09-30,18:00,1080,0.0,0.0,0.0,0.0,0.0,0.0,0.0,3,,closed,0.0,0.0,0.0,0.0,0.0,daily_snapshot,227.8,6
2026-09-30,18:30,1110,0.0,0.0,0.0,0.0,0.0,0.0,0.0,3,,closed,0.0,0.0,0.0,0.0,0.0,daily_snapshot,203.9,6
2026-09-30,19:00,1140,0.0,0.0,0.0,0.0,0.0,0.0,0.0,3,,closed,0.0,0.0,0.0,0.0,0.0,daily_snapshot,190.7,6
2026-09-30,19:30,1170,0.0,0.0,0.0,0.0,0.0,0.0,0.0,3,,closed,0.0,0.0,0.0,0.0,0.0,daily_snapshot,144.2,6
2026-09-30,20:00,1200,0.0,0.0,0.0,0.0,0.0,0.0,0.0,3,,closed,0.0,0.0,0.0,0.0,0.0,daily_snapshot,124.2,6
2026-09-30,20:30,1230,0.0,0.0,0.0,0.0,0.0,0.0,0.0,3,,closed,0.0,0.0,0.0,0.0,0.0,daily_snapshot,102.7,6
2026-09-30,21:00,1260,0.0,0.0,0.0,0.0,0.0,0.0,0.0,3,,closed,0.0,0.0,0.0,0.0,0.0,daily_snapshot,72.8,6
2026-09-30,21:30,1290,0.0,0.0,0.0,0.0,0.0,0.0,0.0,3,,closed,0.0,0.0,0.0,0.0,0.0,daily_snapshot,61.2,6
2026-10-01,07:00,420,385.0,455.0,490.0,560.0,490.0,70.0,0.0,4,1.0,normal,0.0,0.0,0.0,0.0,0.0,daily_snapshot,,0
2026-10-01,07:30,450,385.0,455.0,490.0,560.0,490.0,70.0,0.0,4,1.0,normal,0.0,0.0,0.0,0.0,0.0,daily_snapshot,,0
2026-10-01,08:00,480,385.0,455.0,490.0,560.0,490.0,70.0,0.0,4,1.0,normal,0.0,0.0,0.0,0.0,0.0,daily_snapshot,,0
2026-10-01,08:30,510,385.0,455.0,490.0,560.0,490.0,70.0,0.0,4,1.0,normal,0.0,0.0,0.0,0.0,385.0,daily_snapshot,,0
2026-10-01,09:00,540,385.0,455.0,490.0,560.0,490.0,70.0,0.0,4,1.0,normal,0.0,0.0,0.0,385.0,385.0,daily_snapshot,,0
2026-10-01,09:30,570,385.0,455.0,490.0,560.0,490.0,70.0,0.0,4,1.0,normal,385.0,0.0,0.0,385.0,385.0,daily_snapshot,,0
2026-10-01,10:00,600,385.0,455.0,490.0,560.0,490.0,70.0,0.0,4,1.0,normal,385.0,385.0,0.0,385.0,455.0,daily_snapshot,,0
2026-10-01,10:30,630,385.0,455.0,490.0,560.0,490.0,70.0,0.0,4,1.0,normal,385.0,385.0,385.0,455.0,455.0,daily_snapshot,,0
2026-10-01,11:00,660,385.0,455.0,490.0,560.0,490.0,70.0,0.0,4,1.0,normal,455.0,385.0,385.0,455.0,455.0,daily_snapshot,,0
2026-10-01,11:30,690,385.0,455.0,490.0,560.0,490.0,70.0,0.0,4,1.0,normal,455.0,455.0,385.0,455.0,0.0,daily_snapshot,,0
2026-10-01,12:00,720,385.0,455.0,490.0,560.0,490.0,70.0,0.0,4,1.0,normal,455.0,455.0,455.0,0.0,490.0,daily_snapshot,,0
2026-10-01,12:30,750,385.0,455.0,490.0,560.0,490.0,70.0,0.0,4,1.0,normal,0.0,455.0,455.0,490.0,490.0,daily_snapshot,,0
2026-10-01,13:00,780,385.0,455.0,490.0,560.0,490.0,70.0,0.0,4,1.0,normal,490.0,0.0,455.0,490.0,490.0,daily_snapshot,,0
2026-10-01,13:30,810,385.0,455.0,490.0,560.0,490.0,70.0,0.0,4,1.0,normal,490.0,490.0,0.0,490.0,560.0,daily_snapshot,,0
2026-10-01,14:00,840,385.0,455.0,490.0,560.0,490.0,70.0,0.0,4,1.0,normal,490.0,490.0,490.0,560.0,560.0,daily_snapshot,,0
2026-10-01,14:30,870,385.0,455.0,490.0,560.0,490.0,70.0,0.0,4,1.0,normal,560.0,490.0,490.0,560.0,560.0,daily_snapshot,,0
2026-10-01,15:00,900,385.0,455.0,490.0,560.0,490.0,70.0,0.0,4,1.0,normal,560.0,560.0,490.0,560.0,560.0,daily_snapshot,,0
2026-10-01,15:30,930,385.0,455.0,490.0,560.0,490.0,70.0,0.0,4,1.0,normal,560.0,560.0,560.0,560.0,490.0,daily_snapshot,,0
2026-10-01,16:00,960,385.0,455.0,490.0,560.0,490.0,70.0,0.0,4,1.0,normal,560.0,560.0,560.0,490.0,490.0,daily_snapshot,,0
2026-10-01,16:30,990,385.0,455.0,490.0,560.0,490.0,70.0,0.0,4,1.0,normal,490.0,560.0,560.0,490.0,490.0,daily_snapshot,,0
2026-10-01,17:00,1020,385.0,455.0,490.0,560.0,490.0,70.0,0.0,4,1.0,normal,490.0,490.0,560.0,490.0,70.0,daily_snapshot,,0
2026-10-01,17:30,1050,385.0,455.0,490.0,560.0,490.0,70.0,0.0,4,1.0,normal,490.0,490.0,490.0,70.0,70.0,daily_snapshot,,0
2026-10-01,18:00,1080,385.0,455.0,490.0,560.0,490.0,70.0,0.0,4,1.0,normal,70.0,490.0,490.0,70.0,70.0,daily_snapshot,,0
2026-10-01,18:30,1110,385.0,455.0,490.0,560.0,490.0,70.0,0.0,4,1.0,normal,70.0,70.0,490.0,70.0,0.0,daily_snapshot,,0
2026-10-01,19:00,1140,385.0,455.0,490.0,560.0,490.0,70.0,0.0,4,1.0,normal,70.0,70.0,70.0,0.0,0.0,daily_snapshot,,0
2026-10-01,19:30,1170,385.0,455.0,490.0,560.0,490.0,70.0,0.0,4,1.0,normal,0.0,70.0,70.0,0.0,0.0,daily_snapshot,,0
2026-10-01,20:00,1200,385.0,455.0,490.0,560.0,490.0,70.0,0.0,4,1.0,normal,0.0,0.0,70.0,0.0,0.0,daily_snapshot,,0
2026-10-01,20:30,1230,385.0,455.0,490.0,560.0,490.0,70.0,0.0,4,1.0,normal,0.0,0.0,0.0,0.0,0.0,daily_snapshot,,0
2026-10-01,21:00,1260,385.0,455.0,490.0,560.0,490.0,70.0,0.0,4,1.0,normal,0.0,0.0,0.0,0.0,0.0,daily_snapshot,,0
2026-10-01,21:30,1290,385.0,455.0,490.0,560.0,490.0,70.0,0.0,4,1.0,normal,0.0,0.0,0.0,0.0,0.0,daily_snapshot,,0
2026-10-02,07:00,420,420.0,420.0,455.0,560.0,385.0,105.0,35.0,5,1.0,normal,0.0,0.0,0.0,0.0,0.0,forecast_cache,,0
2026-10-02,07:30,450,420.0,420.0,455.0,560.0,385.0,105.0,35.0,5,1.0,normal,0.0,0.0,0.0,0.0,0.0,forecast_cache,,0
2026-10-02,08:00,480,420.0,420.0,455.0,560.0,385.0,105.0,35.0,5,1.0,normal,0.0,0.0,0.0,0.0,0.0,forecast_cache,,0
2026-10-02,08:30,510,420.0,420.0,455.0,560.0,385.0,105.0,35.0,5,1.0,normal,0.0,0.0,0.0,0.0,420.0,forecast_cache,,0
2026-10-02,09:00,540,420.0,420.0,455.0,560.0,385.0,105.0,35.0,5,1.0,normal,0.0,0.0,0.0,420.0,420.0,forecast_cache,,0
2026-10-02,09:30,570,420.0,420.0,455.0,560.0,385.0,105.0,35.0,5,1.0,normal,420.0,0.0,0.0,420.0,420.0,forecast_cache,,0
2026-10-02,10:00,600,420.0,420.0,455.0,560.0,385.0,105.0,35.0,5,1.0,normal,420.0,420.0,0.0,420.0,420.0,forecast_cache,,0
2026-10-02,10:30,630,420.0,420.0,455.0,560.0,385.0,105.0,35.0,5,1.0,normal,420.0,420.0,420.0,420.0,420.0,forecast_cache,,0
2026-10-02,11:00,660,420.0,420.0,455.0,560.0,385.0,105.0,35.0,5,1.0,normal,420.0,420.0,420.0,420.0,420.0,forecast_cache,,0
2026-10-02,11:30,690,420.0,420.0,455.0,560.0,385.0,105.0,35.0,5,1.0,normal,420.0,420.0,420.0,420.0,0.0,forecast_cache,,0
2026-10-02,12:00,720,420.0,420.0,455.0,560.0,385.0,105.0,35.0,5,1.0,normal,420.0,420.0,420.0,0.0,455.0,forecast_cache,,0
2026-10-02,12:30,750,420.0,420.0,455.0,560.0,385.0,105.0,35.0,5,1.0,normal,0.0,420.0,420.0,455.0,455.0,forecast_cache,,0
2026-10-02,13:00,780,420.0,420.0,455.0,560.0,385.0,105.0,35.0,5,1.0,normal,455.0,0.0,420.0,455.0,455.0,forecast_cache,,0
2026-10-02,13:30,810,420.0,420.0,455.0,560.0,385.0,105.0,35.0,5,1.0,normal,455.0,455.0,0.0,455.0,560.0,forecast_cache,,0
2026-10-02,14:00,840,420.0,420.0,455.0,560.0,385.0,105.0,35.0,5,1.0,normal,455.0,455.0,455.0,560.0,560.0,forecast_cache,,0
2026-10-02,14:30,870,420.0,420.0,455.0,560.0,385.0,105.0,35.0,5,1.0,normal,560.0,455.0,455.0,560.0,560.0,forecast_cache,,0
2026-10-02,15:00,900,420.0,420.0,455.0,560.0,385.0,105.0,35.0,5,1.0,normal,560.0,560.0,455.0,560.0,560.0,forecast_cache,,0
2026-10-02,15:30,930,420.0,420.0,455.0,560.0,385.0,105.0,35.0,5,1.0,normal,560.0,560.0,560.0,560.0,385.0,forecast_cache,,0
2026-10-02,16:00,960,420.0,420.0,455.0,560.0,385.0,105.0,35.0,5,1.0,normal,560.0,560.0,560.0,385.0,385.0,forecast_cache,,0
2026-10-02,16:30,990,420.0,420.0,455.0,560.0,385.0,105.0,35.0,5,1.0,normal,385.0,560.0,560.0,385.0,385.0,forecast_cache,,0
2026-10-02,17:00,1020,420.0,420.0,455.0,560.0,385.0,105.0,35.0,5,1.0,normal,385.0,385.0,560.0,385.0,105.0,forecast_cache,,0
2026-10-02,17:30,1050,420.0,420.0,455.0,560.0,385.0,105.0,35.0,5,1.0,normal,385.0,385.0,385.0,105.0,105.0,forecast_cache,,0
2026-10-02,18:00,1080,420.0,420.0,455.0,560.0,385.0,105.0,35.0,5,1.0,normal,105.0,385.0,385.0,105.0,105.0,forecast_cache,,0
2026-10-02,18:30,1110,420.0,420.0,455.0,560.0,385.0,105.0,35.0,5,1.0,normal,105.0,105.0,385.0,105.0,0.0,forecast_cache,,0
2026-10-02,19:00,1140,420.0,420.0,455.0,560.0,385.0,105.0,35.0,5,1.0,normal,105.0,105.0,105.0,0.0,35.0,forecast_cache,,0
2026-10-02,19:30,1170,420.0,420.0,455.0,560.0,385.0,105.0,35.0,5,1.0,normal,0.0,105.0,105.0,35.0,35.0,forecast_cache,,0
2026-10-02,20:00,1200,420.0,420.0,455.0,560.0,385.0,105.0,35.0,5,1.0,normal,35.0,0.0,105.0,35.0,35.0,forecast_cache,,0
2026-10-02,20:30,1230,420.0,420.0,455.0,560.0,385.0,105.0,35.0,5,1.0,normal,35.0,35.0,0.0,35.0,0.0,forecast_cache,,0
2026-10-02,21:00,1260,420.0,420.0,455.0,560.0,385.0,105.0,35.0,5,1.0,normal,35.0,35.0,35.0,0.0,0.0,forecast_cache,,0
2026-10-02,21:30,1290,420.0,420.0,455.0,560.0,385.0,105.0,35.0,5,1.0,normal,0.0,35.0,35.0,0.0,0.0,forecast_cache,,0
2026-10-03,07:00,420,0.0,0.0,0.0,0.0,0.0,0.0,0.0,6,,closed,0.0,0.0,0.0,0.0,0.0,forecast_cache,,0
2026-10-03,07:30,450,0.0,0.0,0.0,0.0,0.0,0.0,0.0,6,,closed,0.0,0.0,0.0,0.0,0.0,forecast_cache,,0
2026-10-03,08:00,480,0.0,0.0,0.0,0.0,0.0,0.0,0.0,6,,closed,0.0,0.0,0.0,0.0,0.0,forecast_cache,,0
2026-10-03,08:30,510,0.0,0.0,0.0,0.0,0.0,0.0,0.0,6,,closed,0.0,0.0,0.0,0.0,0.0,forecast_cache,,0
2026-10-03,09:00,540,0.0,0.0,0.0,0.0,0.0,0.0,0.0,6,,closed,0.0,0.0,0.0,0.0,0.0,forecast_cache,,0
2026-10-03,09:30,570,0.0,0.0,0.0,0.0,0.0,0.0,0.0,6,,closed,0.0,0.0,0.0,0.0,0.0,forecast_cache,,0
2026-10-03,10:00,600,0.0,0.0,0.0,0.0,0.0,0.0,0.0,6,,closed,0.0,0.0,0.0,0.0,0.0,forecast_cache,,0
2026-10-03,10:30,630,0.0,0.0,0.0,0.0,0.0,0.0,0.0,6,,closed,0.0,0.0,0.0,0.0,0.0,forecast_cache,,0
2026-10-03,11:00,660,0.0,0.0,0.0,0.0,0.0,0.0,0.0,6,,closed,0.0,0.0,0.0,0.0,0.0,forecast_cache,,0
2026-10-03,11:30,690,0.0,0.0,0.0,0.0,0.0,0.0,0.0,6,,closed,0.0,0.0,0.0,0.0,0.0,forecast_cache,,0
2026-10-03,12:00,720,0.0,0.0,0.0,0.0,0.0,0.0,0.0,6,,closed,0.0,0.0,0.0,0.0,0.0,forecast_cache,,0
2026-10-03,12:30,750,0.0,0.0,0.0,0.0,0.0,0.0,0.0,6,,closed,0.0,0.0,0.0,0.0,0.0,forecast_cache,,0
2026-10-03,13:00,780,0.0,0.0,0.0,0.0,0.0,0.0,0.0,6,,closed,0.0,0.0,0.0,0.0,0.0,forecast_cache,,0
2026-10-03,13:30,810,0.0,0.0,0.0,0.0,0.0,0.0,0.0,6,,closed,0.0,0.0,0.0,0.0,0.0,forecast_cache,,0
2026-10-03,14:00,840,0.0,0.0,0.0,0.0,0.0,0.0,0.0,6,,closed,0.0,0.0,0.0,0.0,0.0,forecast_cache,,0
2026-10-03,14:30,870,0.0,0.0,0.0,0.0,0.0,0.0,0.0,6,,closed,0.0,0.0,0.0,0.0,0.0,forecast_cache,,0
2026-10-03,15:00,900,0.0,0.0,0.0,0.0,0.0,0.0,0.0,6,,closed,0.0,0.0,0.0,0.0,0.0,forecast_cache,,0
2026-10-03,15:30,930,0.0,0.0,0.0,0.0,0.0,0.0,0.0,6,,closed,0.0,0.0,0.0,0.0,0.0,forecast_cache,,0
2026-10-03,16:00,960,0.0,0.0,0.0,0.0,0.0,0.0,0.0,6,,closed,0.0,0.0,0.0,0.0,0.0,forecast_cache,,0
2026-10-03,16:30,990,0.0,0.0,0.0,0.0,0.0,0.0,0.0,6,,closed,0.0,0.0,0.0,0.0,0.0,forecast_cache,,0
2026-10-03,17:00,1020,0.0,0.0,0.0,0.0,0.0,0.0,0.0,6,,closed,0.0,0.0,0.0,0.0,0.0,forecast_cache,,0
2026-10-03,17:30,1050,0.0,0.0,0.0,0.0,0.0,0.0,0.0,6,,closed,0.0,0.0,0.0,0.0,0.0,forecast_cache,,0
2026-10-03,18:00,1080,0.0,0.0,0.0,0.0,0.0,0.0,0.0,6,,closed,0.0,0.0,0.0,0.0,0.0,forecast_cache,,0
2026-10-03,18:30,1110,0.0,0.0,0.0,0.0,0.0,0.0,0.0,6,,closed,0.0,0.0,0.0,0.0,0.0,forecast_cache,,0
2026-10-03,19:00,1140,0.0,0.0,0.0,0.0,0.0,0.0,0.0,6,,closed,0.0,0.0,0.0,0.0,0.0,forecast_cache,,0
2026-10-03,19:30,1170,0.0,0.0,0.0,0.0,0.0,0.0,0.0,6,,closed,0.0,0.0,0.0,0.0,0.0,forecast_cache,,0
2026-10-03,20:00,1200,0.0,0.0,0.0,0.0,0.0,0.0,0.0,6,,closed,0.0,0.0,0.0,0.0,0.0,forecast_cache,,0
2026-10-03,20:30,1230,0.0,0.0,0.0,0.0,0.0,0.0,0.0,6,,closed,0.0,0.0,0.0,0.0,0.0,forecast_cache,,0
2026-10-03,21:00,1260,0.0,0.0,0.0,0.0,0.0,0.0,0.0,6,,closed,0.0,0.0,0.0,0.0,0.0,forecast_cache,,0
2026-10-03,21:30,1290,0.0,0.0,0.0,0.0,0.0,0.0,0.0,6,,closed,0.0,0.0,0.0,0.0,0.0,forecast_cache,,0
2026-10-04,07:00,420,0.0,0.0,0.0,0.0,0.0,0.0,0.0,7,,closed,0.0,0.0,0.0,0.0,0.0,forecast_cache,,0
2026-10-04,07:30,450,0.0,0.0,0.0,0.0,0.0,0.0,0.0,7,,closed,0.0,0.0,0.0,0.0,0.0,forecast_cache,,0
2026-10-04,08:00,480,0.0,0.0,0.0,0.0,0.0,0.0,0.0,7,,closed,0.0,0.0,0.0,0.0,0.0,forecast_cache,,0
2026-10-04,08:30,510,0.0,0.0,0.0,0.0,0.0,0.0,0.0,7,,closed,0.0,0.0,0.0,0.0,0.0,forecast_cache,,0
2026-10-04,09:00,540,0.0,0.0,0.0,0.0,0.0,0.0,0.0,7,,closed,0.0,0.0,0.0,0.0,0.0,forecast_cache,,0
2026-10-04,09:30,570,0.0,0.0,0.0,0.0,0.0,0.0,0.0,7,,closed,0.0,0.0,0.0,0.0,0.0,forecast_cache,,0
2026-10-04,10:00,600,0.0,0.0,0.0,0.0,0.0,0.0,0.0,7,,closed,0.0,0.0,0.0,0.0,0.0,forecast_cache,,0
2026-10-04,10:30,630,0.0,0.0,0.0,0.0,0.0,0.0,0.0,7,,closed,0.0,0.0,0.0,0.0,0.0,forecast_cache,,0
2026-10-04,11:00,660,0.0,0.0,0.0,0.0,0.0,0.0,0.0,7,,closed,0.0,0.0,0.0,0.0,0.0,forecast_cache,,0
2026-10-04,11:30,690,0.0,0.0,0.0,0.0,0.0,0.0,0.0,7,,closed,0.0,0.0,0.0,0.0,0.0,forecast_cache,,0
2026-10-04,12:00,720,0.0,0.0,0.0,0.0,0.0,0.0,0.0,7,,closed,0.0,0.0,0.0,0.0,0.0,forecast_cache,,0
2026-10-04,12:30,750,0.0,0.0,0.0,0.0,0.0,0.0,0.0,7,,closed,0.0,0.0,0.0,0.0,0.0,forecast_cache,,0
2026-10-04,13:00,780,0.0,0.0,0.0,0.0,0.0,0.0,0.0,7,,closed,0.0,0.0,0.0,0.0,0.0,forecast_cache,,0
2026-10-04,13:30,810,0.0,0.0,0.0,0.0,0.0,0.0,0.0,7,,closed,0.0,0.0,0.0,0.0,0.0,forecast_cache,,0
2026-10-04,14:00,840,0.0,0.0,0.0,0.0,0.0,0.0,0.0,7,,closed,0.0,0.0,0.0,0.0,0.0,forecast_cache,,0
2026-10-04,14:30,870,0.0,0.0,0.0,0.0,0.0,0.0,0.0,7,,closed,0.0,0.0,0.0,0.0,0.0,forecast_cache,,0
2026-10-04,15:00,900,0.0,0.0,0.0,0.0,0.0,0.0,0.0,7,,closed,0.0,0.0,0.0,0.0,0.0,forecast_cache,,0
2026-10-04,15:30,930,0.0,0.0,0.0,0.0,0.0,0.0,0.0,7,,closed,0.0,0.0,0.0,0.0,0.0,forecast_cache,,0
2026-10-04,16:00,960,0.0,0.0,0.0,0.0,0.0,0.0,0.0,7,,closed,0.0,0.0,0.0,0.0,0.0,forecast_cache,,0
2026-10-04,16:30,990,0.0,0.0,0.0,0.0,0.0,0.0,0.0,7,,closed,0.0,0.0,0.0,0.0,0.0,forecast_cache,,0
2026-10-04,17:00,1020,0.0,0.0,0.0,0.0,0.0,0.0,0.0,7,,closed,0.0,0.0,0.0,0.0,0.0,forecast_cache,,0
2026-10-04,17:30,1050,0.0,0.0,0.0,0.0,0.0,0.0,0.0,7,,closed,0.0,0.0,0.0,0.0,0.0,forecast_cache,,0
2026-10-04,18:00,1080,0.0,0.0,0.0,0.0,0.0,0.0,0.0,7,,closed,0.0,0.0,0.0,0.0,0.0,forecast_cache,,0
2026-10-04,18:30,1110,0.0,0.0,0.0,0.0,0.0,0.0,0.0,7,,closed,0.0,0.0,0.0,0.0,0.0,forecast_cache,,0
2026-10-04,19:00,1140,0.0,0.0,0.0,0.0,0.0,0.0,0.0,7,,closed,0.0,0.0,0.0,0.0,0.0,forecast_cache,,0
2026-10-04,19:30,1170,0.0,0.0,0.0,0.0,0.0,0.0,0.0,7,,closed,0.0,0.0,0.0,0.0,0.0,forecast_cache,,0
2026-10-04,20:00,1200,0.0,0.0,0.0,0.0,0.0,0.0,0.0,7,,closed,0.0,0.0,0.0,0.0,0.0,forecast_cache,,0
2026-10-04,20:30,1230,0.0,0.0,0.0,0.0,0.0,0.0,0.0,7,,closed,0.0,0.0,0.0,0.0,0.0,forecast_cache,,0
2026-10-04,21:00,1260,0.0,0.0,0.0,0.0,0.0,0.0,0.0,7,,closed,0.0,0.0,0.0,0.0,0.0,forecast_cache,,0
2026-10-04,21:30,1290,0.0,0.0,0.0,0.0,0.0,0.0,0.0,7,,closed,0.0,0.0,0.0,0.0,0.0,forecast_cache,,0
2026-10-05,07:00,420,420.0,455.0,490.0,490.0,595.0,175.0,0.0,1,1.0,normal,0.0,0.0,0.0,0.0,0.0,forecast_cache,,0
2026-10-05,07:30,450,420.0,455.0,490.0,490.0,595.0,175.0,0.0,1,1.0,normal,0.0,0.0,0.0,0.0,0.0,forecast_cache,,0
2026-10-05,08:00,480,420.0,455.0,490.0,490.0,595.0,175.0,0.0,1,1.0,normal,0.0,0.0,0.0,0.0,0.0,forecast_cache,,0
2026-10-05,08:30,510,420.0,455.0,490.0,490.0,595.0,175.0,0.0,1,1.0,normal,0.0,0.0,0.0,0.0,420.0,forecast_cache,,0
2026-10-05,09:00,540,420.0,455.0,490.0,490.0,595.0,175.0,0.0,1,1.0,normal,0.0,0.0,0.0,420.0,420.0,forecast_cache,,0
2026-10-05,09:30,570,420.0,455.0,490.0,490.0,595.0,175.0,0.0,1,1.0,normal,420.0,0.0,0.0,420.0,420.0,forecast_cache,,0
2026-10-05,10:00,600,420.0,455.0,490.0,490.0,595.0,175.0,0.0,1,1.0,normal,420.0,420.0,0.0,420.0,455.0,forecast_cache,,0
2026-10-05,10:30,630,420.0,455.0,490.0,490.0,595.0,175.0,0.0,1,1.0,normal,420.0,420.0,420.0,455.0,455.0,forecast_cache,,0
2026-10-05,11:00,660,420.0,455.0,490.0,490.0,595.0,175.0,0.0,1,1.0,normal,455.0,420.0,420.0,455.0,455.0,forecast_cache,,0
2026-10-05,11:30,690,420.0,455.0,490.0,490.0,595.0,175.0,0.0,1,1.0,normal,455.0,455.0,420.0,455.0,0.0,forecast_cache,,0
2026-10-05,12:00,720,420.0,455.0,490.0,490.0,595.0,175.0,0.0,1,1.0,normal,455.0,455.0,455.0,0.0,490.0,forecast_cache,,0
2026-10-05,12:30,750,420.0,455.0,490.0,490.0,595.0,175.0,0.0,1,1.0,normal,0.0,455.0,455.0,490.0,490.0,forecast_cache,,0
2026-10-05,13:00,780,420.0,455.0,490.0,490.0,595.0,175.0,0.0,1,1.0,normal,490.0,0.0,455.0,490.0,490.0,forecast_cache,,0
2026-10-05,13:30,810,420.0,455.0,490.0,490.0,595.0,175.0,0.0,1,1.0,normal,490.0,490.0,0.0,490.0,490.0,forecast_cache,,0
2026-10-05,14:00,840,420.0,455.0,490.0,490.0,595.0,175.0,0.0,1,1.0,normal,490.0,490.0,490.0,490.0,490.0,forecast_cache,,0
2026-10-05,14:30,870,420.0,455.0,490.0,490.0,595.0,175.0,0.0,1,1.0,normal,490.0,490.0,490.0,490.0,490.0,forecast_cache,,0
2026-10-05,15:00,900,420.0,455.0,490.0,490.0,595.0,175.0,0.0,1,1.0,normal,490.0,490.0,490.0,490.0,490.0,forecast_cache,,0
2026-10-05,15:30,930,420.0,455.0,490.0,490.0,595.0,175.0,0.0,1,1.0,normal,490.0,490.0,490.0,490.0,595.0,forecast_cache,,0
2026-10-05,16:00,960,420.0,455.0,490.0,490.0,595.0,175.0,0.0,1,1.0,normal,490.0,490.0,490.0,595.0,595.0,forecast_cache,,0
2026-10-05,16:30,990,420.0,455.0,490.0,490.0,595.0,175.0,0.0,1,1.0,normal,595.0,490.0,490.0,595.0,595.0,forecast_cache,,0
2026-10-05,17:00,1020,420.0,455.0,490.0,490.0,595.0,175.0,0.0,1,1.0,normal,595.0,595.0,490.0,595.0,175.0,forecast_cache,,0
2026-10-05,17:30,1050,420.0,455.0,490.0,490.0,595.0,175.0,0.0,1,1.0,normal,595.0,595.0,595.0,175.0,175.0,forecast_cache,,0
2026-10-05,18:00,1080,420.0,455.0,490.0,490.0,595.0,175.0,0.0,1,1.0,normal,175.0,595.0,595.0,175.0,175.0,forecast_cache,,0
2026-10-05,18:30,1110,420.0,455.0,490.0,490.0,595.0,175.0,0.0,1,1.0,normal,175.0,175.0,595.0,175.0,0.0,forecast_cache,,0
2026-10-05,19:00,1140,420.0,455.0,490.0,490.0,595.0,175.0,0.0,1,1.0,normal,175.0,175.0,175.0,0.0,0.0,forecast_cache,,0
2026-10-05,19:30,1170,420.0,455.0,490.0,490.0,595.0,175.0,0.0,1,1.0,normal,0.0,175.0,175.0,0.0,0.0,forecast_cache,,0
2026-10-05,20:00,1200,420.0,455.0,490.0,490.0,595.0,175.0,0.0,1,1.0,normal,0.0,0.0,175.0,0.0,0.0,forecast_cache,,0
2026-10-05,20:30,1230,420.0,455.0,490.0,490.0,595.0,175.0,0.0,1,1.0,normal,0.0,0.0,0.0,0.0,0.0,forecast_cache,,0
2026-10-05,21:00,1260,420.0,455.0,490.0,490.0,595.0,175.0,0.0,1,1.0,normal,0.0,0.0,0.0,0.0,0.0,forecast_cache,,0
2026-10-05,21:30,1290,420.0,455.0,490.0,490.0,595.0,175.0,0.0,1,1.0,normal,0.0,0.0,0.0,0.0,0.0,forecast_cache,,0
2026-10-06,07:00,420,420.0,420.0,455.0,560.0,525.0,35.0,35.0,2,1.0,normal,0.0,0.0,0.0,0.0,0.0,forecast_cache,,0
2026-10-06,07:30,450,420.0,420.0,455.0,560.0,525.0,35.0,35.0,2,1.0,normal,0.0,0.0,0.0,0.0,0.0,forecast_cache,,0
2026-10-06,08:00,480,420.0,420.0,455.0,560.0,525.0,35.0,35.0,2,1.0,normal,0.0,0.0,0.0,0.0,0.0,forecast_cache,,0
2026-10-06,08:30,510,420.0,420.0,455.0,560.0,525.0,35.0,35.0,2,1.0,normal,0.0,0.0,0.0,0.0,420.0,forecast_cache,,0
2026-10-06,09:00,540,420.0,420.0,455.0,560.0,525.0,35.0,35.0,2,1.0,normal,0.0,0.0,0.0,420.0,420.0,forecast_cache,,0
2026-10-06,09:30,570,420.0,420.0,455.0,560.0,525.0,35.0,35.0,2,1.0,normal,420.0,0.0,0.0,420.0,420.0,forecast_cache,,0
2026-10-06,10:00,600,420.0,420.0,455.0,560.0,525.0,35.0,35.0,2,1.0,normal,420.0,420.0,0.0,420.0,420.0,forecast_cache,,0
2026-10-06,10:30,630,420.0,420.0,455.0,560.0,525.0,35.0,35.0,2,1.0,normal,420.0,420.0,420.0,420.0,420.0,forecast_cache,,0
2026-10-06,11:00,660,420.0,420.0,455.0,560.0,525.0,35.0,35.0,2,1.0,normal,420.0,420.0,420.0,420.0,420.0,forecast_cache,,0
2026-10-06,11:30,690,420.0,420.0,455.0,560.0,525.0,35.0,35.0,2,1.0,normal,420.0,420.0,420.0,420.0,0.0,forecast_cache,,0
2026-10-06,12:00,720,420.0,420.0,455.0,560.0,525.0,35.0,35.0,2,1.0,normal,420.0,420.0,420.0,0.0,455.0,forecast_cache,,0
2026-10-06,12:30,750,420.0,420.0,455.0,560.0,525.0,35.0,35.0,2,1.0,normal,0.0,420.0,420.0,455.0,455.0,forecast_cache,,0
2026-10-06,13:00,780,420.0,420.0,455.0,560.0,525.0,35.0,35.0,2,1.0,normal,455.0,0.0,420.0,455.0,455.0,forecast_cache,,0
2026-10-06,13:30,810,420.0,420.0,455.0,560.0,525.0,35.0,35.0,2,1.0,normal,455.0,455.0,0.0,455.0,560.0,forecast_cache,,0
2026-10-06,14:00,840,420.0,420.0,455.0,560.0,525.0,35.0,35.0,2,1.0,normal,455.0,455.0,455.0,560.0,560.0,forecast_cache,,0
2026-10-06,14:30,870,420.0,420.0,455.0,560.0,525.0,35.0,35.0,2,1.0,normal,560.0,455.0,455.0,560.0,560.0,forecast_cache,,0
2026-10-06,15:00,900,420.0,420.0,455.0,560.0,525.0,35.0,35.0,2,1.0,normal,560.0,560.0,455.0,560.0,560.0,forecast_cache,,0
2026-10-06,15:30,930,420.0,420.0,455.0,560.0,525.0,35.0,35.0,2,1.0,normal,560.0,560.0,560.0,560.0,525.0,forecast_cache,,0
2026-10-06,16:00,960,420.0,420.0,455.0,560.0,525.0,35.0,35.0,2,1.0,normal,560.0,560.0,560.0,525.0,525.0,forecast_cache,,0
2026-10-06,16:30,990,420.0,420.0,455.0,560.0,525.0,35.0,35.0,2,1.0,normal,525.0,560.0,560.0,525.0,525.0,forecast_cache,,0
2026-10-06,17:00,1020,420.0,420.0,455.0,560.0,525.0,35.0,35.0,2,1.0,normal,525.0,525.0,560.0,525.0,35.0,forecast_cache,,0
2026-10-06,17:30,1050,420.0,420.0,455.0,560.0,525.0,35.0,35.0,2,1.0,normal,525.0,525.0,525.0,35.0,35.0,forecast_cache,,0
2026-10-06,18:00,1080,420.0,420.0,455.0,560.0,525.0,35.0,35.0,2,1.0,normal,35.0,525.0,525.0,35.0,35.0,forecast_cache,,0
2026-10-06,18:30,1110,420.0,420.0,455.0,560.0,525.0,35.0,35.0,2,1.0,normal,35.0,35.0,525.0,35.0,0.0,forecast_cache,,0
2026-10-06,19:00,1140,420.0,420.0,455.0,560.0,525.0,35.0,35.0,2,1.0,normal,35.0,35.0,35.0,0.0,35.0,forecast_cache,,0
2026-10-06,19:30,1170,420.0,420.0,455.0,560.0,525.0,35.0,35.0,2,1.0,normal,0.0,35.0,35.0,35.0,35.0,forecast_cache,,0
2026-10-06,20:00,1200,420.0,420.0,455.0,560.0,525.0,35.0,35.0,2,1.0,normal,35.0,0.0,35.0,35.0,35.0,forecast_cache,,0
2026-10-06,20:30,1230,420.0,420.0,455.0,560.0,525.0,35.0,35.0,2,1.0,normal,35.0,35.0,0.0,35.0,0.0,forecast_cache,,0
2026-10-06,21:00,1260,420.0,420.0,455.0,560.0,525.0,35.0,35.0,2,1.0,normal,35.0,35.0,35.0,0.0,0.0,forecast_cache,,0
2026-10-06,21:30,1290,420.0,420.0,455.0,560.0,525.0,35.0,35.0,2,1.0,normal,0.0,35.0,35.0,0.0,0.0,forecast_cache,,0
2026-10-07,07:00,420,420.0,420.0,385.0,420.0,315.0,0.0,0.0,3,1.0,normal,0.0,0.0,0.0,0.0,0.0,forecast_cache,,0
2026-10-07,07:30,450,420.0,420.0,385.0,420.0,315.0,0.0,0.0,3,1.0,normal,0.0,0.0,0.0,0.0,0.0,forecast_cache,,0
2026-10-07,08:00,480,420.0,420.0,385.0,420.0,315.0,0.0,0.0,3,1.0,normal,0.0,0.0,0.0,0.0,0.0,forecast_cache,,0
2026-10-07,08:30,510,420.0,420.0,385.0,420.0,315.0,0.0,0.0,3,1.0,normal,0.0,0.0,0.0,0.0,420.0,forecast_cache,,0
2026-10-07,09:00,540,420.0,420.0,385.0,420.0,315.0,0.0,0.0,3,1.0,normal,0.0,0.0,0.0,420.0,420.0,forecast_cache,,0
2026-10-07,09:30,570,420.0,420.0,385.0,420.0,315.0,0.0,0.0,3,1.0,normal,420.0,0.0,0.0,420.0,420.0,forecast_cache,,0
2026-10-07,10:00,600,420.0,420.0,385.0,420.0,315.0,0.0,0.0,3,1.0,normal,420.0,420.0,0.0,420.0,420.0,forecast_cache,,0
2026-10-07,10:30,630,420.0,420.0,385.0,420.0,315.0,0.0,0.0,3,1.0,normal,420.0,420.0,420.0,420.0,420.0,forecast_cache,,0
2026-10-07,11:00,660,420.0,420.0,385.0,420.0,315.0,0.0,0.0,3,1.0,normal,420.0,420.0,420.0,420.0,420.0,forecast_cache,,0
2026-10-07,11:30,690,420.0,420.0,385.0,420.0,315.0,0.0,0.0,3,1.0,normal,420.0,420.0,420.0,420.0,0.0,forecast_cache,,0
2026-10-07,12:00,720,420.0,420.0,385.0,420.0,315.0,0.0,0.0,3,1.0,normal,420.0,420.0,420.0,0.0,385.0,forecast_cache,,0
2026-10-07,12:30,750,420.0,420.0,385.0,420.0,315.0,0.0,0.0,3,1.0,normal,0.0,420.0,420.0,385.0,385.0,forecast_cache,,0
2026-10-07,13:00,780,420.0,420.0,385.0,420.0,315.0,0.0,0.0,3,1.0,normal,385.0,0.0,420.0,385.0,385.0,forecast_cache,,0
2026-10-07,13:30,810,420.0,420.0,385.0,420.0,315.0,0.0,0.0,3,1.0,normal,385.0,385.0,0.0,385.0,420.0,forecast_cache,,0
2026-10-07,14:00,840,420.0,420.0,385.0,420.0,315.0,0.0,0.0,3,1.0,normal,385.0,385.0,385.0,420.0,420.0,forecast_cache,,0
2026-10-07,14:30,870,420.0,420.0,385.0,420.0,315.0,0.0,0.0,3,1.0,normal,420.0,385.0,385.0,420.0,420.0,forecast_cache,,0
2026-10-07,15:00,900,420.0,420.0,385.0,420.0,315.0,0.0,0.0,3,1.0,normal,420.0,420.0,385.0,420.0,420.0,forecast_cache,,0
2026-10-07,15:30,930,420.0,420.0,385.0,420.0,315.0,0.0,0.0,3,1.0,normal,420.0,420.0,420.0,420.0,315.0,forecast_cache,,0
2026-10-07,16:00,960,420.0,420.0,385.0,420.0,315.0,0.0,0.0,3,1.0,normal,420.0,420.0,420.0,315.0,315.0,forecast_cache,,0
2026-10-07,16:30,990,420.0,420.0,385.0,420.0,315.0,0.0,0.0,3,1.0,normal,315.0,420.0,420.0,315.0,315.0,forecast_cache,,0
2026-10-07,17:00,1020,420.0,420.0,385.0,420.0,315.0,0.0,0.0,3,1.0,normal,315.0,315.0,420.0,315.0,0.0,forecast_cache,,0
2026-10-07,17:30,1050,420.0,420.0,385.0,420.0,315.0,0.0,0.0,3,1.0,normal,315.0,315.0,315.0,0.0,0.0,forecast_cache,,0
2026-10-07,18:00,1080,420.0,420.0,385.0,420.0,315.0,0.0,0.0,3,1.0,normal,0.0,315.0,315.0,0.0,0.0,forecast_cache,,0
2026-10-07,18:30,1110,420.0,420.0,385.0,420.0,315.0,0.0,0.0,3,1.0,normal,0.0,0.0,315.0,0.0,0.0,forecast_cache,,0
2026-10-07,19:00,1140,420.0,420.0,385.0,420.0,315.0,0.0,0.0,3,1.0,normal,0.0,0.0,0.0,0.0,0.0,forecast_cache,,0
2026-10-07,19:30,1170,420.0,420.0,385.0,420.0,315.0,0.0,0.0,3,1.0,normal,0.0,0.0,0.0,0.0,0.0,forecast_cache,,0
2026-10-07,20:00,1200,420.0,420.0,385.0,420.0,315.0,0.0,0.0,3,1.0,normal,0.0,0.0,0.0,0.0,0.0,forecast_cache,,0
2026-10-07,20:30,1230,420.0,420.0,385.0,420.0,315.0,0.0,0.0,3,1.0,normal,0.0,0.0,0.0,0.0,0.0,forecast_cache,,0
2026-10-07,21:00,1260,420.0,420.0,385.0,420.0,315.0,0.0,0.0,3,1.0,normal,0.0,0.0,0.0,0.0,0.0,forecast_cache,,0
2026-10-07,21:30,1290,420.0,420.0,385.0,420.0,315.0,0.0,0.0,3,1.0,normal,0.0,0.0,0.0,0.0,0.0,forecast_cache,,0
2026-10-08,07:00,420,385.0,455.0,490.0,560.0,490.0,70.0,0.0,4,2.0,normal,0.0,0.0,0.0,0.0,0.0,forecast_cache,,0
2026-10-08,07:30,450,385.0,455.0,490.0,560.0,490.0,70.0,0.0,4,2.0,normal,0.0,0.0,0.0,0.0,0.0,forecast_cache,,0
2026-10-08,08:00,480,385.0,455.0,490.0,560.0,490.0,70.0,0.0,4,2.0,normal,0.0,0.0,0.0,0.0,0.0,forecast_cache,,0
2026-10-08,08:30,510,385.0,455.0,490.0,560.0,490.0,70.0,0.0,4,2.0,normal,0.0,0.0,0.0,0.0,385.0,forecast_cache,,0
2026-10-08,09:00,540,385.0,455.0,490.0,560.0,490.0,70.0,0.0,4,2.0,normal,0.0,0.0,0.0,385.0,385.0,forecast_cache,,0
2026-10-08,09:30,570,385.0,455.0,490.0,560.0,490.0,70.0,0.0,4,2.0,normal,385.0,0.0,0.0,385.0,385.0,forecast_cache,,0
2026-10-08,10:00,600,385.0,455.0,490.0,560.0,490.0,70.0,0.0,4,2.0,normal,385.0,385.0,0.0,385.0,455.0,forecast_cache,,0
2026-10-08,10:30,630,385.0,455.0,490.0,560.0,490.0,70.0,0.0,4,2.0,normal,385.0,385.0,385.0,455.0,455.0,forecast_cache,,0
2026-10-08,11:00,660,385.0,455.0,490.0,560.0,490.0,70.0,0.0,4,2.0,normal,455.0,385.0,385.0,455.0,455.0,forecast_cache,,0
2026-10-08,11:30,690,385.0,455.0,490.0,560.0,490.0,70.0,0.0,4,2.0,normal,455.0,455.0,385.0,455.0,0.0,forecast_cache,,0
2026-10-08,12:00,720,385.0,455.0,490.0,560.0,490.0,70.0,0.0,4,2.0,normal,455.0,455.0,455.0,0.0,490.0,forecast_cache,,0
2026-10-08,12:30,750,385.0,455.0,490.0,560.0,490.0,70.0,0.0,4,2.0,normal,0.0,455.0,455.0,490.0,490.0,forecast_cache,,0
2026-10-08,13:00,780,385.0,455.0,490.0,560.0,490.0,70.0,0.0,4,2.0,normal,490.0,0.0,455.0,490.0,490.0,forecast_cache,,0
2026-10-08,13:30,810,385.0,455.0,490.0,560.0,490.0,70.0,0.0,4,2.0,normal,490.0,490.0,0.0,490.0,560.0,forecast_cache,,0
2026-10-08,14:00,840,385.0,455.0,490.0,560.0,490.0,70.0,0.0,4,2.0,normal,490.0,490.0,490.0,560.0,560.0,forecast_cache,,0
2026-10-08,14:30,870,385.0,455.0,490.0,560.0,490.0,70.0,0.0,4,2.0,normal,560.0,490.0,490.0,560.0,560.0,forecast_cache,,0
2026-10-08,15:00,900,385.0,455.0,490.0,560.0,490.0,70.0,0.0,4,2.0,normal,560.0,560.0,490.0,560.0,560.0,forecast_cache,,0
2026-10-08,15:30,930,385.0,455.0,490.0,560.0,490.0,70.0,0.0,4,2.0,normal,560.0,560.0,560.0,560.0,490.0,forecast_cache,,0
2026-10-08,16:00,960,385.0,455.0,490.0,560.0,490.0,70.0,0.0,4,2.0,normal,560.0,560.0,560.0,490.0,490.0,forecast_cache,,0
2026-10-08,16:30,990,385.0,455.0,490.0,560.0,490.0,70.0,0.0,4,2.0,normal,490.0,560.0,560.0,490.0,490.0,forecast_cache,,0
2026-10-08,17:00,1020,385.0,455.0,490.0,560.0,490.0,70.0,0.0,4,2.0,normal,490.0,490.0,560.0,490.0,70.0,forecast_cache,,0
2026-10-08,17:30,1050,385.0,455.0,490.0,560.0,490.0,70.0,0.0,4,2.0,normal,490.0,490.0,490.0,70.0,70.0,forecast_cache,,0
2026-10-08,18:00,1080,385.0,455.0,490.0,560.0,490.0,70.0,0.0,4,2.0,normal,70.0,490.0,490.0,70.0,70.0,forecast_cache,,0
2026-10-08,18:30,1110,385.0,455.0,490.0,560.0,490.0,70.0,0.0,4,2.0,normal,70.0,70.0,490.0,70.0,0.0,forecast_cache,,0
2026-10-08,19:00,1140,385.0,455.0,490.0,560.0,490.0,70.0,0.0,4,2.0,normal,70.0,70.0,70.0,0.0,0.0,forecast_cache,,0
2026-10-08,19:30,1170,385.0,455.0,490.0,560.0,490.0,70.0,0.0,4,2.0,normal,0.0,70.0,70.0,0.0,0.0,forecast_cache,,0
2026-10-08,20:00,1200,385.0,455.0,490.0,560.0,490.0,70.0,0.0,4,2.0,normal,0.0,0.0,70.0,0.0,0.0,forecast_cache,,0
2026-10-08,20:30,1230,385.0,455.0,490.0,560.0,490.0,70.0,0.0,4,2.0,normal,0.0,0.0,0.0,0.0,0.0,forecast_cache,,0
2026-10-08,21:00,1260,385.0,455.0,490.0,560.0,490.0,70.0,0.0,4,2.0,normal,0.0,0.0,0.0,0.0,0.0,forecast_cache,,0
2026-10-08,21:30,1290,385.0,455.0,490.0,560.0,490.0,70.0,0.0,4,2.0,normal,0.0,0.0,0.0,0.0,0.0,forecast_cache,,0
2026-10-09,07:00,420,420.0,420.0,455.0,560.0,385.0,105.0,35.0,5,2.0,normal,0.0,0.0,0.0,0.0,0.0,forecast_cache,,0
2026-10-09,07:30,450,420.0,420.0,455.0,560.0,385.0,105.0,35.0,5,2.0,normal,0.0,0.0,0.0,0.0,0.0,forecast_cache,,0
2026-10-09,08:00,480,420.0,420.0,455.0,560.0,385.0,105.0,35.0,5,2.0,normal,0.0,0.0,0.0,0.0,0.0,forecast_cache,,0
2026-10-09,08:30,510,420.0,420.0,455.0,560.0,385.0,105.0,35.0,5,2.0,normal,0.0,0.0,0.0,0.0,420.0,forecast_cache,,0
2026-10-09,09:00,540,420.0,420.0,455.0,560.0,385.0,105.0,35.0,5,2.0,normal,0.0,0.0,0.0,420.0,420.0,forecast_cache,,0
2026-10-09,09:30,570,420.0,420.0,455.0,560.0,385.0,105.0,35.0,5,2.0,normal,420.0,0.0,0.0,420.0,420.0,forecast_cache,,0
2026-10-09,10:00,600,420.0,420.0,455.0,560.0,385.0,105.0,35.0,5,2.0,normal,420.0,420.0,0.0,420.0,420.0,forecast_cache,,0
2026-10-09,10:30,630,420.0,420.0,455.0,560.0,385.0,105.0,35.0,5,2.0,normal,420.0,420.0,420.0,420.0,420.0,forecast_cache,,0
2026-10-09,11:00,660,420.0,420.0,455.0,560.0,385.0,105.0,35.0,5,2.0,normal,420.0,420.0,420.0,420.0,420.0,forecast_cache,,0
2026-10-09,11:30,690,420.0,420.0,455.0,560.0,385.0,105.0,35.0,5,2.0,normal,420.0,420.0,420.0,420.0,0.0,forecast_cache,,0
2026-10-09,12:00,720,420.0,420.0,455.0,560.0,385.0,105.0,35.0,5,2.0,normal,420.0,420.0,420.0,0.0,455.0,forecast_cache,,0
2026-10-09,12:30,750,420.0,420.0,455.0,560.0,385.0,105.0,35.0,5,2.0,normal,0.0,420.0,420.0,455.0,455.0,forecast_cache,,0
2026-10-09,13:00,780,420.0,420.0,455.0,560.0,385.0,105.0,35.0,5,2.0,normal,455.0,0.0,420.0,455.0,455.0,forecast_cache,,0
2026-10-09,13:30,810,420.0,420.0,455.0,560.0,385.0,105.0,35.0,5,2.0,normal,455.0,455.0,0.0,455.0,560.0,forecast_cache,,0
2026-10-09,14:00,840,420.0,420.0,455.0,560.0,385.0,105.0,35.0,5,2.0,normal,455.0,455.0,455.0,560.0,560.0,forecast_cache,,0
2026-10-09,14:30,870,420.0,420.0,455.0,560.0,385.0,105.0,35.0,5,2.0,normal,560.0,455.0,455.0,560.0,560.0,forecast_cache,,0
2026-10-09,15:00,900,420.0,420.0,455.0,560.0,385.0,105.0,35.0,5,2.0,normal,560.0,560.0,455.0,560.0,560.0,forecast_cache,,0
2026-10-09,15:30,930,420.0,420.0,455.0,560.0,385.0,105.0,35.0,5,2.0,normal,560.0,560.0,560.0,560.0,385.0,forecast_cache,,0
2026-10-09,16:00,960,420.0,420.0,455.0,560.0,385.0,105.0,35.0,5,2.0,normal,560.0,560.0,560.0,385.0,385.0,forecast_cache,,0
2026-10-09,16:30,990,420.0,420.0,455.0,560.0,385.0,105.0,35.0,5,2.0,normal,385.0,560.0,560.0,385.0,385.0,forecast_cache,,0
2026-10-09,17:00,1020,420.0,420.0,455.0,560.0,385.0,105.0,35.0,5,2.0,normal,385.0,385.0,560.0,385.0,105.0,forecast_cache,,0
2026-10-09,17:30,1050,420.0,420.0,455.0,560.0,385.0,105.0,35.0,5,2.0,normal,385.0,385.0,385.0,105.0,105.0,forecast_cache,,0
2026-10-09,18:00,1080,420.0,420.0,455.0,560.0,385.0,105.0,35.0,5,2.0,normal,105.0,385.0,385.0,105.0,105.0,forecast_cache,,0
2026-10-09,18:30,1110,420.0,420.0,455.0,560.0,385.0,105.0,35.0,5,2.0,normal,105.0,105.0,385.0,105.0,0.0,forecast_cache,,0
2026-10-09,19:00,1140,420.0,420.0,455.0,560.0,385.0,105.0,35.0,5,2.0,normal,105.0,105.0,105.0,0.0,35.0,forecast_cache,,0
2026-10-09,19:30,1170,420.0,420.0,455.0,560.0,385.0,105.0,35.0,5,2.0,normal,0.0,105.0,105.0,35.0,35.0,forecast_cache,,0
2026-10-09,20:00,1200,420.0,420.0,455.0,560.0,385.0,105.0,35.0,5,2.0,normal,35.0,0.0,105.0,35.0,35.0,forecast_cache,,0
2026-10-09,20:30,1230,420.0,420.0,455.0,560.0,385.0,105.0,35.0,5,2.0,normal,35.0,35.0,0.0,35.0,0.0,forecast_cache,,0
2026-10-09,21:00,1260,420.0,420.0,455.0,560.0,385.0,105.0,35.0,5,2.0,normal,35.0,35.0,35.0,0.0,0.0,forecast_cache,,0
2026-10-09,21:30,1290,420.0,420.0,455.0,560.0,385.0,105.0,35.0,5,2.0,normal,0.0,35.0,35.0,0.0,0.0,forecast_cache,,0
2026-10-10,07:00,420,0.0,0.0,0.0,0.0,0.0,0.0,0.0,6,,closed,0.0,0.0,0.0,0.0,0.0,forecast_cache,,0
2026-10-10,07:30,450,0.0,0.0,0.0,0.0,0.0,0.0,0.0,6,,closed,0.0,0.0,0.0,0.0,0.0,forecast_cache,,0
2026-10-10,08:00,480,0.0,0.0,0.0,0.0,0.0,0.0,0.0,6,,closed,0.0,0.0,0.0,0.0,0.0,forecast_cache,,0
2026-10-10,08:30,510,0.0,0.0,0.0,0.0,0.0,0.0,0.0,6,,closed,0.0,0.0,0.0,0.0,0.0,forecast_cache,,0
2026-10-10,09:00,540,0.0,0.0,0.0,0.0,0.0,0.0,0.0,6,,closed,0.0,0.0,0.0,0.0,0.0,forecast_cache,,0
2026-10-10,09:30,570,0.0,0.0,0.0,0.0,0.0,0.0,0.0,6,,closed,0.0,0.0,0.0,0.0,0.0,forecast_cache,,0
2026-10-10,10:00,600,0.0,0.0,0.0,0.0,0.0,0.0,0.0,6,,closed,0.0,0.0,0.0,0.0,0.0,forecast_cache,,0
2026-10-10,10:30,630,0.0,0.0,0.0,0.0,0.0,0.0,0.0,6,,closed,0.0,0.0,0.0,0.0,0.0,forecast_cache,,0
2026-10-10,11:00,660,0.0,0.0,0.0,0.0,0.0,0.0,0.0,6,,closed,0.0,0.0,0.0,0.0,0.0,forecast_cache,,0
2026-10-10,11:30,690,0.0,0.0,0.0,0.0,0.0,0.0,0.0,6,,closed,0.0,0.0,0.0,0.0,0.0,forecast_cache,,0
2026-10-10,12:00,720,0.0,0.0,0.0,0.0,0.0,0.0,0.0,6,,closed,0.0,0.0,0.0,0.0,0.0,forecast_cache,,0
2026-10-10,12:30,750,0.0,0.0,0.0,0.0,0.0,0.0,0.0,6,,closed,0.0,0.0,0.0,0.0,0.0,forecast_cache,,0
2026-10-10,13:00,780,0.0,0.0,0.0,0.0,0.0,0.0,0.0,6,,closed,0.0,0.0,0.0,0.0,0.0,forecast_cache,,0
2026-10-10,13:30,810,0.0,0.0,0.0,0.0,0.0,0.0,0.0,6,,closed,0.0,0.0,0.0,0.0,0.0,forecast_cache,,0
2026-10-10,14:00,840,0.0,0.0,0.0,0.0,0.0,0.0,0.0,6,,closed,0.0,0.0,0.0,0.0,0.0,forecast_cache,,0
2026-10-10,14:30,870,0.0,0.0,0.0,0.0,0.0,0.0,0.0,6,,closed,0.0,0.0,0.0,0.0,0.0,forecast_cache,,0
2026-10-10,15:00,900,0.0,0.0,0.0,0.0,0.0,0.0,0.0,6,,closed,0.0,0.0,0.0,0.0,0.0,forecast_cache,,0
2026-10-10,15:30,930,0.0,0.0,0.0,0.0,0.0,0.0,0.0,6,,closed,0.0,0.0,0.0,0.0,0.0,forecast_cache,,0
2026-10-10,16:00,960,0.0,0.0,0.0,0.0,0.0,0.0,0.0,6,,closed,0.0,0.0,0.0,0.0,0.0,forecast_cache,,0
2026-10-10,16:30,990,0.0,0.0,0.0,0.0,0.0,0.0,0.0,6,,closed,0.0,0.0,0.0,0.0,0.0,forecast_cache,,0
2026-10-10,17:00,1020,0.0,0.0,0.0,0.0,0.0,0.0,0.0,6,,closed,0.0,0.0,0.0,0.0,0.0,forecast_cache,,0
2026-10-10,17:30,1050,0.0,0.0,0.0,0.0,0.0,0.0,0.0,6,,closed,0.0,0.0,0.0,0.0,0.0,forecast_cache,,0
2026-10-10,18:00,1080,0.0,0.0,0.0,0.0,0.0,0.0,0.0,6,,closed,0.0,0.0,0.0,0.0,0.0,forecast_cache,,0
2026-10-10,18:30,1110,0.0,0.0,0.0,0.0,0.0,0.0,0.0,6,,closed,0.0,0.0,0.0,0.0,0.0,forecast_cache,,0
2026-10-10,19:00,1140,0.0,0.0,0.0,0.0,0.0,0.0,0.0,6,,closed,0.0,0.0,0.0,0.0,0.0,forecast_cache,,0
2026-10-10,19:30,1170,0.0,0.0,0.0,0.0,0.0,0.0,0.0,6,,closed,0.0,0.0,0.0,0.0,0.0,forecast_cache,,0
2026-10-10,20:00,1200,0.0,0.0,0.0,0.0,0.0,0.0,0.0,6,,closed,0.0,0.0,0.0,0.0,0.0,forecast_cache,,0
2026-10-10,20:30,1230,0.0,0.0,0.0,0.0,0.0,0.0,0.0,6,,closed,0.0,0.0,0.0,0.0,0.0,forecast_cache,,0
2026-10-10,21:00,1260,0.0,0.0,0.0,0.0,0.0,0.0,0.0,6,,closed,0.0,0.0,0.0,0.0,0.0,forecast_cache,,0
2026-10-10,21:30,1290,0.0,0.0,0.0,0.0,0.0,0.0,0.0,6,,closed,0.0,0.0,0.0,0.0,0.0,forecast_cache,,0
2026-10-11,07:00,420,0.0,0.0,0.0,0.0,0.0,0.0,0.0,7,,closed,0.0,0.0,0.0,0.0,0.0,forecast_cache,,0
2026-10-11,07:30,450,0.0,0.0,0.0,0.0,0.0,0.0,0.0,7,,closed,0.0,0.0,0.0,0.0,0.0,forecast_cache,,0
2026-10-11,08:00,480,0.0,0.0,0.0,0.0,0.0,0.0,0.0,7,,closed,0.0,0.0,0.0,0.0,0.0,forecast_cache,,0
2026-10-11,08:30,510,0.0,0.0,0.0,0.0,0.0,0.0,0.0,7,,closed,0.0,0.0,0.0,0.0,0.0,forecast_cache,,0
2026-10-11,09:00,540,0.0,0.0,0.0,0.0,0.0,0.0,0.0,7,,closed,0.0,0.0,0.0,0.0,0.0,forecast_cache,,0
2026-10-11,09:30,570,0.0,0.0,0.0,0.0,0.0,0.0,0.0,7,,closed,0.0,0.0,0.0,0.0,0.0,forecast_cache,,0
2026-10-11,10:00,600,0.0,0.0,0.0,0.0,0.0,0.0,0.0,7,,closed,0.0,0.0,0.0,0.0,0.0,forecast_cache,,0
2026-10-11,10:30,630,0.0,0.0,0.0,0.0,0.0,0.0,0.0,7,,closed,0.0,0.0,0.0,0.0,0.0,forecast_cache,,0
2026-10-11,11:00,660,0.0,0.0,0.0,0.0,0.0,0.0,0.0,7,,closed,0.0,0.0,0.0,0.0,0.0,forecast_cache,,0
2026-10-11,11:30,690,0.0,0.0,0.0,0.0,0.0,0.0,0.0,7,,closed,0.0,0.0,0.0,0.0,0.0,forecast_cache,,0
2026-10-11,12:00,720,0.0,0.0,0.0,0.0,0.0,0.0,0.0,7,,closed,0.0,0.0,0.0,0.0,0.0,forecast_cache,,0
2026-10-11,12:30,750,0.0,0.0,0.0,0.0,0.0,0.0,0.0,7,,closed,0.0,0.0,0.0,0.0,0.0,forecast_cache,,0
2026-10-11,13:00,780,0.0,0.0,0.0,0.0,0.0,0.0,0.0,7,,closed,0.0,0.0,0.0,0.0,0.0,forecast_cache,,0
2026-10-11,13:30,810,0.0,0.0,0.0,0.0,0.0,0.0,0.0,7,,closed,0.0,0.0,0.0,0.0,0.0,forecast_cache,,0
2026-10-11,14:00,840,0.0,0.0,0.0,0.0,0.0,0.0,0.0,7,,closed,0.0,0.0,0.0,0.0,0.0,forecast_cache,,0
2026-10-11,14:30,870,0.0,0.0,0.0,0.0,0.0,0.0,0.0,7,,closed,0.0,0.0,0.0,0.0,0.0,forecast_cache,,0
2026-10-11,15:00,900,0.0,0.0,0.0,0.0,0.0,0.0,0.0,7,,closed,0.0,0.0,0.0,0.0,0.0,forecast_cache,,0
2026-10-11,15:30,930,0.0,0.0,0.0,0.0,0.0,0.0,0.0,7,,closed,0.0,0.0,0.0,0.0,0.0,forecast_cache,,0
2026-10-11,16:00,960,0.0,0.0,0.0,0.0,0.0,0.0,0.0,7,,closed,0.0,0.0,0.0,0.0,0.0,forecast_cache,,0
2026-10-11,16:30,990,0.0,0.0,0.0,0.0,0.0,0.0,0.0,7,,closed,0.0,0.0,0.0,0.0,0.0,forecast_cache,,0
2026-10-11,17:00,1020,0.0,0.0,0.0,0.0,0.0,0.0,0.0,7,,closed,0.0,0.0,0.0,0.0,0.0,forecast_cache,,0
2026-10-11,17:30,1050,0.0,0.0,0.0,0.0,0.0,0.0,0.0,7,,closed,0.0,0.0,0.0,0.0,0.0,forecast_cache,,0
2026-10-11,18:00,1080,0.0,0.0,0.0,0.0,0.0,0.0,0.0,7,,closed,0.0,0.0,0.0,0.0,0.0,forecast_cache,,0
2026-10-11,18:30,1110,0.0,0.0,0.0,0.0,0.0,0.0,0.0,7,,closed,0.0,0.0,0.0,0.0,0.0,forecast_cache,,0
2026-10-11,19:00,1140,0.0,0.0,0.0,0.0,0.0,0.0,0.0,7,,closed,0.0,0.0,0.0,0.0,0.0,forecast_cache,,0
2026-10-11,19:30,1170,0.0,0.0,0.0,0.0,0.0,0.0,0.0,7,,closed,0.0,0.0,0.0,0.0,0.0,forecast_cache,,0
2026-10-11,20:00,1200,0.0,0.0,0.0,0.0,0.0,0.0,0.0,7,,closed,0.0,0.0,0.0,0.0,0.0,forecast_cache,,0
2026-10-11,20:30,1230,0.0,0.0,0.0,0.0,0.0,0.0,0.0,7,,closed,0.0,0.0,0.0,0.0,0.0,forecast_cache,,0
2026-10-11,21:00,1260,0.0,0.0,0.0,0.0,0.0,0.0,0.0,7,,closed,0.0,0.0,0.0,0.0,0.0,forecast_cache,,0
2026-10-11,21:30,1290,0.0,0.0,0.0,0.0,0.0,0.0,0.0,7,,closed,0.0,0.0,0.0,0.0,0.0,forecast_cache,,0
2026-10-12,07:00,420,420.0,455.0,490.0,490.0,595.0,175.0,0.0,1,2.0,normal,0.0,0.0,0.0,0.0,0.0,forecast_cache,,0
2026-10-12,07:30,450,420.0,455.0,490.0,490.0,595.0,175.0,0.0,1,2.0,normal,0.0,0.0,0.0,0.0,0.0,forecast_cache,,0
2026-10-12,08:00,480,420.0,455.0,490.0,490.0,595.0,175.0,0.0,1,2.0,normal,0.0,0.0,0.0,0.0,0.0,forecast_cache,,0
2026-10-12,08:30,510,420.0,455.0,490.0,490.0,595.0,175.0,0.0,1,2.0,normal,0.0,0.0,0.0,0.0,420.0,forecast_cache,,0
2026-10-12,09:00,540,420.0,455.0,490.0,490.0,595.0,175.0,0.0,1,2.0,normal,0.0,0.0,0.0,420.0,420.0,forecast_cache,,0
2026-10-12,09:30,570,420.0,455.0,490.0,490.0,595.0,175.0,0.0,1,2.0,normal,420.0,0.0,0.0,420.0,420.0,forecast_cache,,0
2026-10-12,10:00,600,420.0,455.0,490.0,490.0,595.0,175.0,0.0,1,2.0,normal,420.0,420.0,0.0,420.0,455.0,forecast_cache,,0
2026-10-12,10:30,630,420.0,455.0,490.0,490.0,595.0,175.0,0.0,1,2.0,normal,420.0,420.0,420.0,455.0,455.0,forecast_cache,,0
2026-10-12,11:00,660,420.0,455.0,490.0,490.0,595.0,175.0,0.0,1,2.0,normal,455.0,420.0,420.0,455.0,455.0,forecast_cache,,0
2026-10-12,11:30,690,420.0,455.0,490.0,490.0,595.0,175.0,0.0,1,2.0,normal,455.0,455.0,420.0,455.0,0.0,forecast_cache,,0
2026-10-12,12:00,720,420.0,455.0,490.0,490.0,595.0,175.0,0.0,1,2.0,normal,455.0,455.0,455.0,0.0,490.0,forecast_cache,,0
2026-10-12,12:30,750,420.0,455.0,490.0,490.0,595.0,175.0,0.0,1,2.0,normal,0.0,455.0,455.0,490.0,490.0,forecast_cache,,0
2026-10-12,13:00,780,420.0,455.0,490.0,490.0,595.0,175.0,0.0,1,2.0,normal,490.0,0.0,455.0,490.0,490.0,forecast_cache,,0
2026-10-12,13:30,810,420.0,455.0,490.0,490.0,595.0,175.0,0.0,1,2.0,normal,490.0,490.0,0.0,490.0,490.0,forecast_cache,,0
2026-10-12,14:00,840,420.0,455.0,490.0,490.0,595.0,175.0,0.0,1,2.0,normal,490.0,490.0,490.0,490.0,490.0,forecast_cache,,0
2026-10-12,14:30,870,420.0,455.0,490.0,490.0,595.0,175.0,0.0,1,2.0,normal,490.0,490.0,490.0,490.0,490.0,forecast_cache,,0
2026-10-12,15:00,900,420.0,455.0,490.0,490.0,595.0,175.0,0.0,1,2.0,normal,490.0,490.0,490.0,490.0,490.0,forecast_cache,,0
2026-10-12,15:30,930,420.0,455.0,490.0,490.0,595.0,175.0,0.0,1,2.0,normal,490.0,490.0,490.0,490.0,595.0,forecast_cache,,0
2026-10-12,16:00,960,420.0,455.0,490.0,490.0,595.0,175.0,0.0,1,2.0,normal,490.0,490.0,490.0,595.0,595.0,forecast_cache,,0
2026-10-12,16:30,990,420.0,455.0,490.0,490.0,595.0,175.0,0.0,1,2.0,normal,595.0,490.0,490.0,595.0,595.0,forecast_cache,,0
2026-10-12,17:00,1020,420.0,455.0,490.0,490.0,595.0,175.0,0.0,1,2.0,normal,595.0,595.0,490.0,595.0,175.0,forecast_cache,,0
2026-10-12,17:30,1050,420.0,455.0,490.0,490.0,595.0,175.0,0.0,1,2.0,normal,595.0,595.0,595.0,175.0,175.0,forecast_cache,,0
2026-10-12,18:00,1080,420.0,455.0,490.0,490.0,595.0,175.0,0.0,1,2.0,normal,175.0,595.0,595.0,175.0,175.0,forecast_cache,,0
2026-10-12,18:30,1110,420.0,455.0,490.0,490.0,595.0,175.0,0.0,1,2.0,normal,175.0,175.0,595.0,175.0,0.0,forecast_cache,,0
2026-10-12,19:00,1140,420.0,455.0,490.0,490.0,595.0,175.0,0.0,1,2.0,normal,175.0,175.0,175.0,0.0,0.0,forecast_cache,,0
2026-10-12,19:30,1170,420.0,455.0,490.0,490.0,595.0,175.0,0.0,1,2.0,normal,0.0,175.0,175.0,0.0,0.0,forecast_cache,,0
2026-10-12,20:00,1200,420.0,455.0,490.0,490.0,595.0,175.0,0.0,1,2.0,normal,0.0,0.0,175.0,0.0,0.0,forecast_cache,,0
2026-10-12,20:30,1230,420.0,455.0,490.0,490.0,595.0,175.0,0.0,1,2.0,normal,0.0,0.0,0.0,0.0,0.0,forecast_cache,,0
2026-10-12,21:00,1260,420.0,455.0,490.0,490.0,595.0,175.0,0.0,1,2.0,normal,0.0,0.0,0.0,0.0,0.0,forecast_cache,,0
2026-10-12,21:30,1290,420.0,455.0,490.0,490.0,595.0,175.0,0.0,1,2.0,normal,0.0,0.0,0.0,0.0,0.0,forecast_cache,,0
2026-10-13,07:00,420,420.0,420.0,455.0,560.0,525.0,35.0,35.0,2,2.0,normal,0.0,0.0,0.0,0.0,0.0,forecast_cache,,0
2026-10-13,07:30,450,420.0,420.0,455.0,560.0,525.0,35.0,35.0,2,2.0,normal,0.0,0.0,0.0,0.0,0.0,forecast_cache,,0
2026-10-13,08:00,480,420.0,420.0,455.0,560.0,525.0,35.0,35.0,2,2.0,normal,0.0,0.0,0.0,0.0,0.0,forecast_cache,,0
2026-10-13,08:30,510,420.0,420.0,455.0,560.0,525.0,35.0,35.0,2,2.0,normal,0.0,0.0,0.0,0.0,420.0,forecast_cache,,0
2026-10-13,09:00,540,420.0,420.0,455.0,560.0,525.0,35.0,35.0,2,2.0,normal,0.0,0.0,0.0,420.0,420.0,forecast_cache,,0
2026-10-13,09:30,570,420.0,420.0,455.0,560.0,525.0,35.0,35.0,2,2.0,normal,420.0,0.0,0.0,420.0,420.0,forecast_cache,,0
2026-10-13,10:00,600,420.0,420.0,455.0,560.0,525.0,35.0,35.0,2,2.0,normal,420.0,420.0,0.0,420.0,420.0,forecast_cache,,0
2026-10-13,10:30,630,420.0,420.0,455.0,560.0,525.0,35.0,35.0,2,2.0,normal,420.0,420.0,420.0,420.0,420.0,forecast_cache,,0
2026-10-13,11:00,660,420.0,420.0,455.0,560.0,525.0,35.0,35.0,2,2.0,normal,420.0,420.0,420.0,420.0,420.0,forecast_cache,,0
2026-10-13,11:30,690,420.0,420.0,455.0,560.0,525.0,35.0,35.0,2,2.0,normal,420.0,420.0,420.0,420.0,0.0,forecast_cache,,0
2026-10-13,12:00,720,420.0,420.0,455.0,560.0,525.0,35.0,35.0,2,2.0,normal,420.0,420.0,420.0,0.0,455.0,forecast_cache,,0
2026-10-13,12:30,750,420.0,420.0,455.0,560.0,525.0,35.0,35.0,2,2.0,normal,0.0,420.0,420.0,455.0,455.0,forecast_cache,,0
2026-10-13,13:00,780,420.0,420.0,455.0,560.0,525.0,35.0,35.0,2,2.0,normal,455.0,0.0,420.0,455.0,455.0,forecast_cache,,0
2026-10-13,13:30,810,420.0,420.0,455.0,560.0,525.0,35.0,35.0,2,2.0,normal,455.0,455.0,0.0,455.0,560.0,forecast_cache,,0
2026-10-13,14:00,840,420.0,420.0,455.0,560.0,525.0,35.0,35.0,2,2.0,normal,455.0,455.0,455.0,560.0,560.0,forecast_cache,,0
2026-10-13,14:30,870,420.0,420.0,455.0,560.0,525.0,35.0,35.0,2,2.0,normal,560.0,455.0,455.0,560.0,560.0,forecast_cache,,0
2026-10-13,15:00,900,420.0,420.0,455.0,560.0,525.0,35.0,35.0,2,2.0,normal,560.0,560.0,455.0,560.0,560.0,forecast_cache,,0
2026-10-13,15:30,930,420.0,420.0,455.0,560.0,525.0,35.0,35.0,2,2.0,normal,560.0,560.0,560.0,560.0,525.0,forecast_cache,,0
2026-10-13,16:00,960,420.0,420.0,455.0,560.0,525.0,35.0,35.0,2,2.0,normal,560.0,560.0,560.0,525.0,525.0,forecast_cache,,0
2026-10-13,16:30,990,420.0,420.0,455.0,560.0,525.0,35.0,35.0,2,2.0,normal,525.0,560.0,560.0,525.0,525.0,forecast_cache,,0
2026-10-13,17:00,1020,420.0,420.0,455.0,560.0,525.0,35.0,35.0,2,2.0,normal,525.0,525.0,560.0,525.0,35.0,forecast_cache,,0
2026-10-13,17:30,1050,420.0,420.0,455.0,560.0,525.0,35.0,35.0,2,2.0,normal,525.0,525.0,525.0,35.0,35.0,forecast_cache,,0
2026-10-13,18:00,1080,420.0,420.0,455.0,560.0,525.0,35.0,35.0,2,2.0,normal,35.0,525.0,525.0,35.0,35.0,forecast_cache,,0
2026-10-13,18:30,1110,420.0,420.0,455.0,560.0,525.0,35.0,35.0,2,2.0,normal,35.0,35.0,525.0,35.0,0.0,forecast_cache,,0
2026-10-13,19:00,1140,420.0,420.0,455.0,560.0,525.0,35.0,35.0,2,2.0,normal,35.0,35.0,35.0,0.0,35.0,forecast_cache,,0
2026-10-13,19:30,1170,420.0,420.0,455.0,560.0,525.0,35.0,35.0,2,2.0,normal,0.0,35.0,35.0,35.0,35.0,forecast_cache,,0
2026-10-13,20:00,1200,420.0,420.0,455.0,560.0,525.0,35.0,35.0,2,2.0,normal,35.0,0.0,35.0,35.0,35.0,forecast_cache,,0
2026-10-13,20:30,1230,420.0,420.0,455.0,560.0,525.0,35.0,35.0,2,2.0,normal,35.0,35.0,0.0,35.0,0.0,forecast_cache,,0
2026-10-13,21:00,1260,420.0,420.0,455.0,560.0,525.0,35.0,35.0,2,2.0,normal,35.0,35.0,35.0,0.0,0.0,forecast_cache,,0
2026-10-13,21:30,1290,420.0,420.0,455.0,560.0,525.0,35.0,35.0,2,2.0,normal,0.0,35.0,35.0,0.0,0.0,forecast_cache,,0
2026-10-14,07:00,420,420.0,420.0,385.0,420.0,315.0,0.0,0.0,3,2.0,normal,0.0,0.0,0.0,0.0,0.0,forecast_cache,,0
2026-10-14,07:30,450,420.0,420.0,385.0,420.0,315.0,0.0,0.0,3,2.0,normal,0.0,0.0,0.0,0.0,0.0,forecast_cache,,0
2026-10-14,08:00,480,420.0,420.0,385.0,420.0,315.0,0.0,0.0,3,2.0,normal,0.0,0.0,0.0,0.0,0.0,forecast_cache,,0
2026-10-14,08:30,510,420.0,420.0,385.0,420.0,315.0,0.0,0.0,3,2.0,normal,0.0,0.0,0.0,0.0,420.0,forecast_cache,,0
2026-10-14,09:00,540,420.0,420.0,385.0,420.0,315.0,0.0,0.0,3,2.0,normal,0.0,0.0,0.0,420.0,420.0,forecast_cache,,0
2026-10-14,09:30,570,420.0,420.0,385.0,420.0,315.0,0.0,0.0,3,2.0,normal,420.0,0.0,0.0,420.0,420.0,forecast_cache,,0
2026-10-14,10:00,600,420.0,420.0,385.0,420.0,315.0,0.0,0.0,3,2.0,normal,420.0,420.0,0.0,420.0,420.0,forecast_cache,,0
2026-10-14,10:30,630,420.0,420.0,385.0,420.0,315.0,0.0,0.0,3,2.0,normal,420.0,420.0,420.0,420.0,420.0,forecast_cache,,0
2026-10-14,11:00,660,420.0,420.0,385.0,420.0,315.0,0.0,0.0,3,2.0,normal,420.0,420.0,420.0,420.0,420.0,forecast_cache,,0
2026-10-14,11:30,690,420.0,420.0,385.0,420.0,315.0,0.0,0.0,3,2.0,normal,420.0,420.0,420.0,420.0,0.0,forecast_cache,,0
2026-10-14,12:00,720,420.0,420.0,385.0,420.0,315.0,0.0,0.0,3,2.0,normal,420.0,420.0,420.0,0.0,385.0,forecast_cache,,0
2026-10-14,12:30,750,420.0,420.0,385.0,420.0,315.0,0.0,0.0,3,2.0,normal,0.0,420.0,420.0,385.0,385.0,forecast_cache,,0
2026-10-14,13:00,780,420.0,420.0,385.0,420.0,315.0,0.0,0.0,3,2.0,normal,385.0,0.0,420.0,385.0,385.0,forecast_cache,,0
2026-10-14,13:30,810,420.0,420.0,385.0,420.0,315.0,0.0,0.0,3,2.0,normal,385.0,385.0,0.0,385.0,420.0,forecast_cache,,0
2026-10-14,14:00,840,420.0,420.0,385.0,420.0,315.0,0.0,0.0,3,2.0,normal,385.0,385.0,385.0,420.0,420.0,forecast_cache,,0
2026-10-14,14:30,870,420.0,420.0,385.0,420.0,315.0,0.0,0.0,3,2.0,normal,420.0,385.0,385.0,420.0,420.0,forecast_cache,,0
2026-10-14,15:00,900,420.0,420.0,385.0,420.0,315.0,0.0,0.0,3,2.0,normal,420.0,420.0,385.0,420.0,420.0,forecast_cache,,0
2026-10-14,15:30,930,420.0,420.0,385.0,420.0,315.0,0.0,0.0,3,2.0,normal,420.0,420.0,420.0,420.0,315.0,forecast_cache,,0
2026-10-14,16:00,960,420.0,420.0,385.0,420.0,315.0,0.0,0.0,3,2.0,normal,420.0,420.0,420.0,315.0,315.0,forecast_cache,,0
2026-10-14,16:30,990,420.0,420.0,385.0,420.0,315.0,0.0,0.0,3,2.0,normal,315.0,420.0,420.0,315.0,315.0,forecast_cache,,0
2026-10-14,17:00,1020,420.0,420.0,385.0,420.0,315.0,0.0,0.0,3,2.0,normal,315.0,315.0,420.0,315.0,0.0,forecast_cache,,0
2026-10-14,17:30,1050,420.0,420.0,385.0,420.0,315.0,0.0,0.0,3,2.0,normal,315.0,315.0,315.0,0.0,0.0,forecast_cache,,0
2026-10-14,18:00,1080,420.0,420.0,385.0,420.0,315.0,0.0,0.0,3,2.0,normal,0.0,315.0,315.0,0.0,0.0,forecast_cache,,0
2026-10-14,18:30,1110,420.0,420.0,385.0,420.0,315.0,0.0,0.0,3,2.0,normal,0.0,0.0,315.0,0.0,0.0,forecast_cache,,0
2026-10-14,19:00,1140,420.0,420.0,385.0,420.0,315.0,0.0,0.0,3,2.0,normal,0.0,0.0,0.0,0.0,0.0,forecast_cache,,0
2026-10-14,19:30,1170,420.0,420.0,385.0,420.0,315.0,0.0,0.0,3,2.0,normal,0.0,0.0,0.0,0.0,0.0,forecast_cache,,0
2026-10-14,20:00,1200,420.0,420.0,385.0,420.0,315.0,0.0,0.0,3,2.0,normal,0.0,0.0,0.0,0.0,0.0,forecast_cache,,0
2026-10-14,20:30,1230,420.0,420.0,385.0,420.0,315.0,0.0,0.0,3,2.0,normal,0.0,0.0,0.0,0.0,0.0,forecast_cache,,0
2026-10-14,21:00,1260,420.0,420.0,385.0,420.0,315.0,0.0,0.0,3,2.0,normal,0.0,0.0,0.0,0.0,0.0,forecast_cache,,0
2026-10-14,21:30,1290,420.0,420.0,385.0,420.0,315.0,0.0,0.0,3,2.0,normal,0.0,0.0,0.0,0.0,0.0,forecast_cache,,0
2026-10-15,07:00,420,385.0,455.0,490.0,560.0,490.0,70.0,0.0,4,3.0,normal,0.0,0.0,0.0,0.0,0.0,forecast_cache,,0
2026-10-15,07:30,450,385.0,455.0,490.0,560.0,490.0,70.0,0.0,4,3.0,normal,0.0,0.0,0.0,0.0,0.0,forecast_cache,,0
2026-10-15,08:00,480,385.0,455.0,490.0,560.0,490.0,70.0,0.0,4,3.0,normal,0.0,0.0,0.0,0.0,0.0,forecast_cache,,0
2026-10-15,08:30,510,385.0,455.0,490.0,560.0,490.0,70.0,0.0,4,3.0,normal,0.0,0.0,0.0,0.0,385.0,forecast_cache,,0
2026-10-15,09:00,540,385.0,455.0,490.0,560.0,490.0,70.0,0.0,4,3.0,normal,0.0,0.0,0.0,385.0,385.0,forecast_cache,,0
2026-10-15,09:30,570,385.0,455.0,490.0,560.0,490.0,70.0,0.0,4,3.0,normal,385.0,0.0,0.0,385.0,385.0,forecast_cache,,0
2026-10-15,10:00,600,385.0,455.0,490.0,560.0,490.0,70.0,0.0,4,3.0,normal,385.0,385.0,0.0,385.0,455.0,forecast_cache,,0
2026-10-15,10:30,630,385.0,455.0,490.0,560.0,490.0,70.0,0.0,4,3.0,normal,385.0,385.0,385.0,455.0,455.0,forecast_cache,,0
2026-10-15,11:00,660,385.0,455.0,490.0,560.0,490.0,70.0,0.0,4,3.0,normal,455.0,385.0,385.0,455.0,455.0,forecast_cache,,0
2026-10-15,11:30,690,385.0,455.0,490.0,560.0,490.0,70.0,0.0,4,3.0,normal,455.0,455.0,385.0,455.0,0.0,forecast_cache,,0
2026-10-15,12:00,720,385.0,455.0,490.0,560.0,490.0,70.0,0.0,4,3.0,normal,455.0,455.0,455.0,0.0,490.0,forecast_cache,,0
2026-10-15,12:30,750,385.0,455.0,490.0,560.0,490.0,70.0,0.0,4,3.0,normal,0.0,455.0,455.0,490.0,490.0,forecast_cache,,0
2026-10-15,13:00,780,385.0,455.0,490.0,560.0,490.0,70.0,0.0,4,3.0,normal,490.0,0.0,455.0,490.0,490.0,forecast_cache,,0
2026-10-15,13:30,810,385.0,455.0,490.0,560.0,490.0,70.0,0.0,4,3.0,normal,490.0,490.0,0.0,490.0,560.0,forecast_cache,,0
2026-10-15,14:00,840,385.0,455.0,490.0,560.0,490.0,70.0,0.0,4,3.0,normal,490.0,490.0,490.0,560.0,560.0,forecast_cache,,0
2026-10-15,14:30,870,385.0,455.0,490.0,560.0,490.0,70.0,0.0,4,3.0,normal,560.0,490.0,490.0,560.0,560.0,forecast_cache,,0
2026-10-15,15:00,900,385.0,455.0,490.0,560.0,490.0,70.0,0.0,4,3.0,normal,560.0,560.0,490.0,560.0,560.0,forecast_cache,,0
2026-10-15,15:30,930,385.0,455.0,490.0,560.0,490.0,70.0,0.0,4,3.0,normal,560.0,560.0,560.0,560.0,490.0,forecast_cache,,0
2026-10-15,16:00,960,385.0,455.0,490.0,560.0,490.0,70.0,0.0,4,3.0,normal,560.0,560.0,560.0,490.0,490.0,forecast_cache,,0
2026-10-15,16:30,990,385.0,455.0,490.0,560.0,490.0,70.0,0.0,4,3.0,normal,490.0,560.0,560.0,490.0,490.0,forecast_cache,,0
2026-10-15,17:00,1020,385.0,455.0,490.0,560.0,490.0,70.0,0.0,4,3.0,normal,490.0,490.0,560.0,490.0,70.0,forecast_cache,,0
2026-10-15,17:30,1050,385.0,455.0,490.0,560.0,490.0,70.0,0.0,4,3.0,normal,490.0,490.0,490.0,70.0,70.0,forecast_cache,,0
2026-10-15,18:00,1080,385.0,455.0,490.0,560.0,490.0,70.0,0.0,4,3.0,normal,70.0,490.0,490.0,70.0,70.0,forecast_cache,,0
2026-10-15,18:30,1110,385.0,455.0,490.0,560.0,490.0,70.0,0.0,4,3.0,normal,70.0,70.0,490.0,70.0,0.0,forecast_cache,,0
2026-10-15,19:00,1140,385.0,455.0,490.0,560.0,490.0,70.0,0.0,4,3.0,normal,70.0,70.0,70.0,0.0,0.0,forecast_cache,,0
2026-10-15,19:30,1170,385.0,455.0,490.0,560.0,490.0,70.0,0.0,4,3.0,normal,0.0,70.0,70.0,0.0,0.0,forecast_cache,,0
2026-10-15,20:00,1200,385.0,455.0,490.0,560.0,490.0,70.0,0.0,4,3.0,normal,0.0,0.0,70.0,0.0,0.0,forecast_cache,,0
2026-10-15,20:30,1230,385.0,455.0,490.0,560.0,490.0,70.0,0.0,4,3.0,normal,0.0,0.0,0.0,0.0,0.0,forecast_cache,,0
2026-10-15,21:00,1260,385.0,455.0,490.0,560.0,490.0,70.0,0.0,4,3.0,normal,0.0,0.0,0.0,0.0,0.0,forecast_cache,,0
2026-10-15,21:30,1290,385.0,455.0,490.0,560.0,490.0,70.0,0.0,4,3.0,normal,0.0,0.0,0.0,0.0,0.0,forecast_cache,,0
2026-10-16,07:00,420,420.0,420.0,455.0,560.0,385.0,105.0,35.0,5,3.0,normal,0.0,0.0,0.0,0.0,0.0,forecast_cache,,0
2026-10-16,07:30,450,420.0,420.0,455.0,560.0,385.0,105.0,35.0,5,3.0,normal,0.0,0.0,0.0,0.0,0.0,forecast_cache,,0
2026-10-16,08:00,480,420.0,420.0,455.0,560.0,385.0,105.0,35.0,5,3.0,normal,0.0,0.0,0.0,0.0,0.0,forecast_cache,,0
2026-10-16,08:30,510,420.0,420.0,455.0,560.0,385.0,105.0,35.0,5,3.0,normal,0.0,0.0,0.0,0.0,420.0,forecast_cache,,0
2026-10-16,09:00,540,420.0,420.0,455.0,560.0,385.0,105.0,35.0,5,3.0,normal,0.0,0.0,0.0,420.0,420.0,forecast_cache,,0
2026-10-16,09:30,570,420.0,420.0,455.0,560.0,385.0,105.0,35.0,5,3.0,normal,420.0,0.0,0.0,420.0,420.0,forecast_cache,,0
2026-10-16,10:00,600,420.0,420.0,455.0,560.0,385.0,105.0,35.0,5,3.0,normal,420.0,420.0,0.0,420.0,420.0,forecast_cache,,0
2026-10-16,10:30,630,420.0,420.0,455.0,560.0,385.0,105.0,35.0,5,3.0,normal,420.0,420.0,420.0,420.0,420.0,forecast_cache,,0
2026-10-16,11:00,660,420.0,420.0,455.0,560.0,385.0,105.0,35.0,5,3.0,normal,420.0,420.0,420.0,420.0,420.0,forecast_cache,,0
2026-10-16,11:30,690,420.0,420.0,455.0,560.0,385.0,105.0,35.0,5,3.0,normal,420.0,420.0,420.0,420.0,0.0,forecast_cache,,0
2026-10-16,12:00,720,420.0,420.0,455.0,560.0,385.0,105.0,35.0,5,3.0,normal,420.0,420.0,420.0,0.0,455.0,forecast_cache,,0
2026-10-16,12:30,750,420.0,420.0,455.0,560.0,385.0,105.0,35.0,5,3.0,normal,0.0,420.0,420.0,455.0,455.0,forecast_cache,,0
2026-10-16,13:00,780,420.0,420.0,455.0,560.0,385.0,105.0,35.0,5,3.0,normal,455.0,0.0,420.0,455.0,455.0,forecast_cache,,0
2026-10-16,13:30,810,420.0,420.0,455.0,560.0,385.0,105.0,35.0,5,3.0,normal,455.0,455.0,0.0,455.0,560.0,forecast_cache,,0
2026-10-16,14:00,840,420.0,420.0,455.0,560.0,385.0,105.0,35.0,5,3.0,normal,455.0,455.0,455.0,560.0,560.0,forecast_cache,,0
2026-10-16,14:30,870,420.0,420.0,455.0,560.0,385.0,105.0,35.0,5,3.0,normal,560.0,455.0,455.0,560.0,560.0,forecast_cache,,0
2026-10-16,15:00,900,420.0,420.0,455.0,560.0,385.0,105.0,35.0,5,3.0,normal,560.0,560.0,455.0,560.0,560.0,forecast_cache,,0
2026-10-16,15:30,930,420.0,420.0,455.0,560.0,385.0,105.0,35.0,5,3.0,normal,560.0,560.0,560.0,560.0,385.0,forecast_cache,,0
2026-10-16,16:00,960,420.0,420.0,455.0,560.0,385.0,105.0,35.0,5,3.0,normal,560.0,560.0,560.0,385.0,385.0,forecast_cache,,0
2026-10-16,16:30,990,420.0,420.0,455.0,560.0,385.0,105.0,35.0,5,3.0,normal,385.0,560.0,560.0,385.0,385.0,forecast_cache,,0
2026-10-16,17:00,1020,420.0,420.0,455.0,560.0,385.0,105.0,35.0,5,3.0,normal,385.0,385.0,560.0,385.0,105.0,forecast_cache,,0
2026-10-16,17:30,1050,420.0,420.0,455.0,560.0,385.0,105.0,35.0,5,3.0,normal,385.0,385.0,385.0,105.0,105.0,forecast_cache,,0
2026-10-16,18:00,1080,420.0,420.0,455.0,560.0,385.0,105.0,35.0,5,3.0,normal,105.0,385.0,385.0,105.0,105.0,forecast_cache,,0
2026-10-16,18:30,1110,420.0,420.0,455.0,560.0,385.0,105.0,35.0,5,3.0,normal,105.0,105.0,385.0,105.0,0.0,forecast_cache,,0
2026-10-16,19:00,1140,420.0,420.0,455.0,560.0,385.0,105.0,35.0,5,3.0,normal,105.0,105.0,105.0,0.0,35.0,forecast_cache,,0
2026-10-16,19:30,1170,420.0,420.0,455.0,560.0,385.0,105.0,35.0,5,3.0,normal,0.0,105.0,105.0,35.0,35.0,forecast_cache,,0
2026-10-16,20:00,1200,420.0,420.0,455.0,560.0,385.0,105.0,35.0,5,3.0,normal,35.0,0.0,105.0,35.0,35.0,forecast_cache,,0
2026-10-16,20:30,1230,420.0,420.0,455.0,560.0,385.0,105.0,35.0,5,3.0,normal,35.0,35.0,0.0,35.0,0.0,forecast_cache,,0
2026-10-16,21:00,1260,420.0,420.0,455.0,560.0,385.0,105.0,35.0,5,3.0,normal,35.0,35.0,35.0,0.0,0.0,forecast_cache,,0
2026-10-16,21:30,1290,420.0,420.0,455.0,560.0,385.0,105.0,35.0,5,3.0,normal,0.0,35.0,35.0,0.0,0.0,forecast_cache,,0
2026-10-17,07:00,420,0.0,0.0,0.0,0.0,0.0,0.0,0.0,6,,closed,0.0,0.0,0.0,0.0,0.0,forecast_cache,,0
2026-10-17,07:30,450,0.0,0.0,0.0,0.0,0.0,0.0,0.0,6,,closed,0.0,0.0,0.0,0.0,0.0,forecast_cache,,0
2026-10-17,08:00,480,0.0,0.0,0.0,0.0,0.0,0.0,0.0,6,,closed,0.0,0.0,0.0,0.0,0.0,forecast_cache,,0
2026-10-17,08:30,510,0.0,0.0,0.0,0.0,0.0,0.0,0.0,6,,closed,0.0,0.0,0.0,0.0,0.0,forecast_cache,,0
2026-10-17,09:00,540,0.0,0.0,0.0,0.0,0.0,0.0,0.0,6,,closed,0.0,0.0,0.0,0.0,0.0,forecast_cache,,0
2026-10-17,09:30,570,0.0,0.0,0.0,0.0,0.0,0.0,0.0,6,,closed,0.0,0.0,0.0,0.0,0.0,forecast_cache,,0
2026-10-17,10:00,600,0.0,0.0,0.0,0.0,0.0,0.0,0.0,6,,closed,0.0,0.0,0.0,0.0,0.0,forecast_cache,,0
2026-10-17,10:30,630,0.0,0.0,0.0,0.0,0.0,0.0,0.0,6,,closed,0.0,0.0,0.0,0.0,0.0,forecast_cache,,0
2026-10-17,11:00,660,0.0,0.0,0.0,0.0,0.0,0.0,0.0,6,,closed,0.0,0.0,0.0,0.0,0.0,forecast_cache,,0
2026-10-17,11:30,690,0.0,0.0,0.0,0.0,0.0,0.0,0.0,6,,closed,0.0,0.0,0.0,0.0,0.0,forecast_cache,,0
2026-10-17,12:00,720,0.0,0.0,0.0,0.0,0.0,0.0,0.0,6,,closed,0.0,0.0,0.0,0.0,0.0,forecast_cache,,0
2026-10-17,12:30,750,0.0,0.0,0.0,0.0,0.0,0.0,0.0,6,,closed,0.0,0.0,0.0,0.0,0.0,forecast_cache,,0
2026-10-17,13:00,780,0.0,0.0,0.0,0.0,0.0,0.0,0.0,6,,closed,0.0,0.0,0.0,0.0,0.0,forecast_cache,,0
2026-10-17,13:30,810,0.0,0.0,0.0,0.0,0.0,0.0,0.0,6,,closed,0.0,0.0,0.0,0.0,0.0,forecast_cache,,0
2026-10-17,14:00,840,0.0,0.0,0.0,0.0,0.0,0.0,0.0,6,,closed,0.0,0.0,0.0,0.0,0.0,forecast_cache,,0
2026-10-17,14:30,870,0.0,0.0,0.0,0.0,0.0,0.0,0.0,6,,closed,0.0,0.0,0.0,0.0,0.0,forecast_cache,,0
2026-10-17,15:00,900,0.0,0.0,0.0,0.0,0.0,0.0,0.0,6,,closed,0.0,0.0,0.0,0.0,0.0,forecast_cache,,0
2026-10-17,15:30,930,0.0,0.0,0.0,0.0,0.0,0.0,0.0,6,,closed,0.0,0.0,0.0,0.0,0.0,forecast_cache,,0
2026-10-17,16:00,960,0.0,0.0,0.0,0.0,0.0,0.0,0.0,6,,closed,0.0,0.0,0.0,0.0,0.0,forecast_cache,,0
2026-10-17,16:30,990,0.0,0.0,0.0,0.0,0.0,0.0,0.0,6,,closed,0.0,0.0,0.0,0.0,0.0,forecast_cache,,0
2026-10-17,17:00,1020,0.0,0.0,0.0,0.0,0.0,0.0,0.0,6,,closed,0.0,0.0,0.0,0.0,0.0,forecast_cache,,0
2026-10-17,17:30,1050,0.0,0.0,0.0,0.0,0.0,0.0,0.0,6,,closed,0.0,0.0,0.0,0.0,0.0,forecast_cache,,0
2026-10-17,18:00,1080,0.0,0.0,0.0,0.0,0.0,0.0,0.0,6,,closed,0.0,0.0,0.0,0.0,0.0,forecast_cache,,0
2026-10-17,18:30,1110,0.0,0.0,0.0,0.0,0.0,0.0,0.0,6,,closed,0.0,0.0,0.0,0.0,0.0,forecast_cache,,0
2026-10-17,19:00,1140,0.0,0.0,0.0,0.0,0.0,0.0,0.0,6,,closed,0.0,0.0,0.0,0.0,0.0,forecast_cache,,0
2026-10-17,19:30,1170,0.0,0.0,0.0,0.0,0.0,0.0,0.0,6,,closed,0.0,0.0,0.0,0.0,0.0,forecast_cache,,0
2026-10-17,20:00,1200,0.0,0.0,0.0,0.0,0.0,0.0,0.0,6,,closed,0.0,0.0,0.0,0.0,0.0,forecast_cache,,0
2026-10-17,20:30,1230,0.0,0.0,0.0,0.0,0.0,0.0,0.0,6,,closed,0.0,0.0,0.0,0.0,0.0,forecast_cache,,0
2026-10-17,21:00,1260,0.0,0.0,0.0,0.0,0.0,0.0,0.0,6,,closed,0.0,0.0,0.0,0.0,0.0,forecast_cache,,0
2026-10-17,21:30,1290,0.0,0.0,0.0,0.0,0.0,0.0,0.0,6,,closed,0.0,0.0,0.0,0.0,0.0,forecast_cache,,0
2026-10-18,07:00,420,0.0,0.0,0.0,0.0,0.0,0.0,0.0,7,,closed,0.0,0.0,0.0,0.0,0.0,forecast_cache,,0
2026-10-18,07:30,450,0.0,0.0,0.0,0.0,0.0,0.0,0.0,7,,closed,0.0,0.0,0.0,0.0,0.0,forecast_cache,,0
2026-10-18,08:00,480,0.0,0.0,0.0,0.0,0.0,0.0,0.0,7,,closed,0.0,0.0,0.0,0.0,0.0,forecast_cache,,0
2026-10-18,08:30,510,0.0,0.0,0.0,0.0,0.0,0.0,0.0,7,,closed,0.0,0.0,0.0,0.0,0.0,forecast_cache,,0
2026-10-18,09:00,540,0.0,0.0,0.0,0.0,0.0,0.0,0.0,7,,closed,0.0,0.0,0.0,0.0,0.0,forecast_cache,,0
2026-10-18,09:30,570,0.0,0.0,0.0,0.0,0.0,0.0,0.0,7,,closed,0.0,0.0,0.0,0.0,0.0,forecast_cache,,0
2026-10-18,10:00,600,0.0,0.0,0.0,0.0,0.0,0.0,0.0,7,,closed,0.0,0.0,0.0,0.0,0.0,forecast_cache,,0
2026-10-18,10:30,630,0.0,0.0,0.0,0.0,0.0,0.0,0.0,7,,closed,0.0,0.0,0.0,0.0,0.0,forecast_cache,,0
2026-10-18,11:00,660,0.0,0.0,0.0,0.0,0.0,0.0,0.0,7,,closed,0.0,0.0,0.0,0.0,0.0,forecast_cache,,0
2026-10-18,11:30,690,0.0,0.0,0.0,0.0,0.0,0.0,0.0,7,,closed,0.0,0.0,0.0,0.0,0.0,forecast_cache,,0
2026-10-18,12:00,720,0.0,0.0,0.0,0.0,0.0,0.0,0.0,7,,closed,0.0,0.0,0.0,0.0,0.0,forecast_cache,,0
2026-10-18,12:30,750,0.0,0.0,0.0,0.0,0.0,0.0,0.0,7,,closed,0.0,0.0,0.0,0.0,0.0,forecast_cache,,0
2026-10-18,13:00,780,0.0,0.0,0.0,0.0,0.0,0.0,0.0,7,,closed,0.0,0.0,0.0,0.0,0.0,forecast_cache,,0
2026-10-18,13:30,810,0.0,0.0,0.0,0.0,0.0,0.0,0.0,7,,closed,0.0,0.0,0.0,0.0,0.0,forecast_cache,,0
2026-10-18,14:00,840,0.0,0.0,0.0,0.0,0.0,0.0,0.0,7,,closed,0.0,0.0,0.0,0.0,0.0,forecast_cache,,0
2026-10-18,14:30,870,0.0,0.0,0.0,0.0,0.0,0.0,0.0,7,,closed,0.0,0.0,0.0,0.0,0.0,forecast_cache,,0
2026-10-18,15:00,900,0.0,0.0,0.0,0.0,0.0,0.0,0.0,7,,closed,0.0,0.0,0.0,0.0,0.0,forecast_cache,,0
2026-10-18,15:30,930,0.0,0.0,0.0,0.0,0.0,0.0,0.0,7,,closed,0.0,0.0,0.0,0.0,0.0,forecast_cache,,0
2026-10-18,16:00,960,0.0,0.0,0.0,0.0,0.0,0.0,0.0,7,,closed,0.0,0.0,0.0,0.0,0.0,forecast_cache,,0
2026-10-18,16:30,990,0.0,0.0,0.0,0.0,0.0,0.0,0.0,7,,closed,0.0,0.0,0.0,0.0,0.0,forecast_cache,,0
2026-10-18,17:00,1020,0.0,0.0,0.0,0.0,0.0,0.0,0.0,7,,closed,0.0,0.0,0.0,0.0,0.0,forecast_cache,,0
2026-10-18,17:30,1050,0.0,0.0,0.0,0.0,0.0,0.0,0.0,7,,closed,0.0,0.0,0.0,0.0,0.0,forecast_cache,,0
2026-10-18,18:00,1080,0.0,0.0,0.0,0.0,0.0,0.0,0.0,7,,closed,0.0,0.0,0.0,0.0,0.0,forecast_cache,,0
2026-10-18,18:30,1110,0.0,0.0,0.0,0.0,0.0,0.0,0.0,7,,closed,0.0,0.0,0.0,0.0,0.0,forecast_cache,,0
2026-10-18,19:00,1140,0.0,0.0,0.0,0.0,0.0,0.0,0.0,7,,closed,0.0,0.0,0.0,0.0,0.0,forecast_cache,,0
2026-10-18,19:30,1170,0.0,0.0,0.0,0.0,0.0,0.0,0.0,7,,closed,0.0,0.0,0.0,0.0,0.0,forecast_cache,,0
2026-10-18,20:00,1200,0.0,0.0,0.0,0.0,0.0,0.0,0.0,7,,closed,0.0,0.0,0.0,0.0,0.0,forecast_cache,,0
2026-10-18,20:30,1230,0.0,0.0,0.0,0.0,0.0,0.0,0.0,7,,closed,0.0,0.0,0.0,0.0,0.0,forecast_cache,,0
2026-10-18,21:00,1260,0.0,0.0,0.0,0.0,0.0,0.0,0.0,7,,closed,0.0,0.0,0.0,0.0,0.0,forecast_cache,,0
2026-10-18,21:30,1290,0.0,0.0,0.0,0.0,0.0,0.0,0.0,7,,closed,0.0,0.0,0.0,0.0,0.0,forecast_cache,,0
2026-10-19,07:00,420,420.0,455.0,490.0,490.0,595.0,175.0,0.0,1,3.0,normal,0.0,0.0,0.0,0.0,0.0,forecast_cache,,0
2026-10-19,07:30,450,420.0,455.0,490.0,490.0,595.0,175.0,0.0,1,3.0,normal,0.0,0.0,0.0,0.0,0.0,forecast_cache,,0
2026-10-19,08:00,480,420.0,455.0,490.0,490.0,595.0,175.0,0.0,1,3.0,normal,0.0,0.0,0.0,0.0,0.0,forecast_cache,,0
2026-10-19,08:30,510,420.0,455.0,490.0,490.0,595.0,175.0,0.0,1,3.0,normal,0.0,0.0,0.0,0.0,420.0,forecast_cache,,0
2026-10-19,09:00,540,420.0,455.0,490.0,490.0,595.0,175.0,0.0,1,3.0,normal,0.0,0.0,0.0,420.0,420.0,forecast_cache,,0
2026-10-19,09:30,570,420.0,455.0,490.0,490.0,595.0,175.0,0.0,1,3.0,normal,420.0,0.0,0.0,420.0,420.0,forecast_cache,,0
2026-10-19,10:00,600,420.0,455.0,490.0,490.0,595.0,175.0,0.0,1,3.0,normal,420.0,420.0,0.0,420.0,455.0,forecast_cache,,0
2026-10-19,10:30,630,420.0,455.0,490.0,490.0,595.0,175.0,0.0,1,3.0,normal,420.0,420.0,420.0,455.0,455.0,forecast_cache,,0
2026-10-19,11:00,660,420.0,455.0,490.0,490.0,595.0,175.0,0.0,1,3.0,normal,455.0,420.0,420.0,455.0,455.0,forecast_cache,,0
2026-10-19,11:30,690,420.0,455.0,490.0,490.0,595.0,175.0,0.0,1,3.0,normal,455.0,455.0,420.0,455.0,0.0,forecast_cache,,0
2026-10-19,12:00,720,420.0,455.0,490.0,490.0,595.0,175.0,0.0,1,3.0,normal,455.0,455.0,455.0,0.0,490.0,forecast_cache,,0
2026-10-19,12:30,750,420.0,455.0,490.0,490.0,595.0,175.0,0.0,1,3.0,normal,0.0,455.0,455.0,490.0,490.0,forecast_cache,,0
2026-10-19,13:00,780,420.0,455.0,490.0,490.0,595.0,175.0,0.0,1,3.0,normal,490.0,0.0,455.0,490.0,490.0,forecast_cache,,0
2026-10-19,13:30,810,420.0,455.0,490.0,490.0,595.0,175.0,0.0,1,3.0,normal,490.0,490.0,0.0,490.0,490.0,forecast_cache,,0
2026-10-19,14:00,840,420.0,455.0,490.0,490.0,595.0,175.0,0.0,1,3.0,normal,490.0,490.0,490.0,490.0,490.0,forecast_cache,,0
2026-10-19,14:30,870,420.0,455.0,490.0,490.0,595.0,175.0,0.0,1,3.0,normal,490.0,490.0,490.0,490.0,490.0,forecast_cache,,0
2026-10-19,15:00,900,420.0,455.0,490.0,490.0,595.0,175.0,0.0,1,3.0,normal,490.0,490.0,490.0,490.0,490.0,forecast_cache,,0
2026-10-19,15:30,930,420.0,455.0,490.0,490.0,595.0,175.0,0.0,1,3.0,normal,490.0,490.0,490.0,490.0,595.0,forecast_cache,,0
2026-10-19,16:00,960,420.0,455.0,490.0,490.0,595.0,175.0,0.0,1,3.0,normal,490.0,490.0,490.0,595.0,595.0,forecast_cache,,0
2026-10-19,16:30,990,420.0,455.0,490.0,490.0,595.0,175.0,0.0,1,3.0,normal,595.0,490.0,490.0,595.0,595.0,forecast_cache,,0
2026-10-19,17:00,1020,420.0,455.0,490.0,490.0,595.0,175.0,0.0,1,3.0,normal,595.0,595.0,490.0,595.0,175.0,forecast_cache,,0
2026-10-19,17:30,1050,420.0,455.0,490.0,490.0,595.0,175.0,0.0,1,3.0,normal,595.0,595.0,595.0,175.0,175.0,forecast_cache,,0
2026-10-19,18:00,1080,420.0,455.0,490.0,490.0,595.0,175.0,0.0,1,3.0,normal,175.0,595.0,595.0,175.0,175.0,forecast_cache,,0
2026-10-19,18:30,1110,420.0,455.0,490.0,490.0,595.0,175.0,0.0,1,3.0,normal,175.0,175.0,595.0,175.0,0.0,forecast_cache,,0
2026-10-19,19:00,1140,420.0,455.0,490.0,490.0,595.0,175.0,0.0,1,3.0,normal,175.0,175.0,175.0,0.0,0.0,forecast_cache,,0
2026-10-19,19:30,1170,420.0,455.0,490.0,490.0,595.0,175.0,0.0,1,3.0,normal,0.0,175.0,175.0,0.0,0.0,forecast_cache,,0
2026-10-19,20:00,1200,420.0,455.0,490.0,490.0,595.0,175.0,0.0,1,3.0,normal,0.0,0.0,175.0,0.0,0.0,forecast_cache,,0
2026-10-19,20:30,1230,420.0,455.0,490.0,490.0,595.0,175.0,0.0,1,3.0,normal,0.0,0.0,0.0,0.0,0.0,forecast_cache,,0
2026-10-19,21:00,1260,420.0,455.0,490.0,490.0,595.0,175.0,0.0,1,3.0,normal,0.0,0.0,0.0,0.0,0.0,forecast_cache,,0
2026-10-19,21:30,1290,420.0,455.0,490.0,490.0,595.0,175.0,0.0,1,3.0,normal,0.0,0.0,0.0,0.0,0.0,forecast_cache,,0
2026-10-20,07:00,420,420.0,420.0,455.0,560.0,525.0,35.0,35.0,2,3.0,normal,0.0,0.0,0.0,0.0,0.0,forecast_cache,,0
2026-10-20,07:30,450,420.0,420.0,455.0,560.0,525.0,35.0,35.0,2,3.0,normal,0.0,0.0,0.0,0.0,0.0,forecast_cache,,0
2026-10-20,08:00,480,420.0,420.0,455.0,560.0,525.0,35.0,35.0,2,3.0,normal,0.0,0.0,0.0,0.0,0.0,forecast_cache,,0
2026-10-20,08:30,510,420.0,420.0,455.0,560.0,525.0,35.0,35.0,2,3.0,normal,0.0,0.0,0.0,0.0,420.0,forecast_cache,,0
2026-10-20,09:00,540,420.0,420.0,455.0,560.0,525.0,35.0,35.0,2,3.0,normal,0.0,0.0,0.0,420.0,420.0,forecast_cache,,0
2026-10-20,09:30,570,420.0,420.0,455.0,560.0,525.0,35.0,35.0,2,3.0,normal,420.0,0.0,0.0,420.0,420.0,forecast_cache,,0
2026-10-20,10:00,600,420.0,420.0,455.0,560.0,525.0,35.0,35.0,2,3.0,normal,420.0,420.0,0.0,420.0,420.0,forecast_cache,,0
2026-10-20,10:30,630,420.0,420.0,455.0,560.0,525.0,35.0,35.0,2,3.0,normal,420.0,420.0,420.0,420.0,420.0,forecast_cache,,0
2026-10-20,11:00,660,420.0,420.0,455.0,560.0,525.0,35.0,35.0,2,3.0,normal,420.0,420.0,420.0,420.0,420.0,forecast_cache,,0
2026-10-20,11:30,690,420.0,420.0,455.0,560.0,525.0,35.0,35.0,2,3.0,normal,420.0,420.0,420.0,420.0,0.0,forecast_cache,,0
2026-10-20,12:00,720,420.0,420.0,455.0,560.0,525.0,35.0,35.0,2,3.0,normal,420.0,420.0,420.0,0.0,455.0,forecast_cache,,0
2026-10-20,12:30,750,420.0,420.0,455.0,560.0,525.0,35.0,35.0,2,3.0,normal,0.0,420.0,420.0,455.0,455.0,forecast_cache,,0
2026-10-20,13:00,780,420.0,420.0,455.0,560.0,525.0,35.0,35.0,2,3.0,normal,455.0,0.0,420.0,455.0,455.0,forecast_cache,,0
2026-10-20,13:30,810,420.0,420.0,455.0,560.0,525.0,35.0,35.0,2,3.0,normal,455.0,455.0,0.0,455.0,560.0,forecast_cache,,0
2026-10-20,14:00,840,420.0,420.0,455.0,560.0,525.0,35.0,35.0,2,3.0,normal,455.0,455.0,455.0,560.0,560.0,forecast_cache,,0
2026-10-20,14:30,870,420.0,420.0,455.0,560.0,525.0,35.0,35.0,2,3.0,normal,560.0,455.0,455.0,560.0,560.0,forecast_cache,,0
2026-10-20,15:00,900,420.0,420.0,455.0,560.0,525.0,35.0,35.0,2,3.0,normal,560.0,560.0,455.0,560.0,560.0,forecast_cache,,0
2026-10-20,15:30,930,420.0,420.0,455.0,560.0,525.0,35.0,35.0,2,3.0,normal,560.0,560.0,560.0,560.0,525.0,forecast_cache,,0
2026-10-20,16:00,960,420.0,420.0,455.0,560.0,525.0,35.0,35.0,2,3.0,normal,560.0,560.0,560.0,525.0,525.0,forecast_cache,,0
2026-10-20,16:30,990,420.0,420.0,455.0,560.0,525.0,35.0,35.0,2,3.0,normal,525.0,560.0,560.0,525.0,525.0,forecast_cache,,0
2026-10-20,17:00,1020,420.0,420.0,455.0,560.0,525.0,35.0,35.0,2,3.0,normal,525.0,525.0,560.0,525.0,35.0,forecast_cache,,0
2026-10-20,17:30,1050,420.0,420.0,455.0,560.0,525.0,35.0,35.0,2,3.0,normal,525.0,525.0,525.0,35.0,35.0,forecast_cache,,0
2026-10-20,18:00,1080,420.0,420.0,455.0,560.0,525.0,35.0,35.0,2,3.0,normal,35.0,525.0,525.0,35.0,35.0,forecast_cache,,0
2026-10-20,18:30,1110,420.0,420.0,455.0,560.0,525.0,35.0,35.0,2,3.0,normal,35.0,35.0,525.0,35.0,0.0,forecast_cache,,0
2026-10-20,19:00,1140,420.0,420.0,455.0,560.0,525.0,35.0,35.0,2,3.0,normal,35.0,35.0,35.0,0.0,35.0,forecast_cache,,0
2026-10-20,19:30,1170,420.0,420.0,455.0,560.0,525.0,35.0,35.0,2,3.0,normal,0.0,35.0,35.0,35.0,35.0,forecast_cache,,0
2026-10-20,20:00,1200,420.0,420.0,455.0,560.0,525.0,35.0,35.0,2,3.0,normal,35.0,0.0,35.0,35.0,35.0,forecast_cache,,0
2026-10-20,20:30,1230,420.0,420.0,455.0,560.0,525.0,35.0,35.0,2,3.0,normal,35.0,35.0,0.0,35.0,0.0,forecast_cache,,0
2026-10-20,21:00,1260,420.0,420.0,455.0,560.0,525.0,35.0,35.0,2,3.0,normal,35.0,35.0,35.0,0.0,0.0,forecast_cache,,0
2026-10-20,21:30,1290,420.0,420.0,455.0,560.0,525.0,35.0,35.0,2,3.0,normal,0.0,35.0,35.0,0.0,0.0,forecast_cache,,0
2026-10-21,07:00,420,420.0,420.0,385.0,420.0,315.0,0.0,0.0,3,3.0,normal,0.0,0.0,0.0,0.0,0.0,forecast_cache,,0
2026-10-21,07:30,450,420.0,420.0,385.0,420.0,315.0,0.0,0.0,3,3.0,normal,0.0,0.0,0.0,0.0,0.0,forecast_cache,,0
2026-10-21,08:00,480,420.0,420.0,385.0,420.0,315.0,0.0,0.0,3,3.0,normal,0.0,0.0,0.0,0.0,0.0,forecast_cache,,0
2026-10-21,08:30,510,420.0,420.0,385.0,420.0,315.0,0.0,0.0,3,3.0,normal,0.0,0.0,0.0,0.0,420.0,forecast_cache,,0
2026-10-21,09:00,540,420.0,420.0,385.0,420.0,315.0,0.0,0.0,3,3.0,normal,0.0,0.0,0.0,420.0,420.0,forecast_cache,,0
2026-10-21,09:30,570,420.0,420.0,385.0,420.0,315.0,0.0,0.0,3,3.0,normal,420.0,0.0,0.0,420.0,420.0,forecast_cache,,0
2026-10-21,10:00,600,420.0,420.0,385.0,420.0,315.0,0.0,0.0,3,3.0,normal,420.0,420.0,0.0,420.0,420.0,forecast_cache,,0
2026-10-21,10:30,630,420.0,420.0,385.0,420.0,315.0,0.0,0.0,3,3.0,normal,420.0,420.0,420.0,420.0,420.0,forecast_cache,,0
2026-10-21,11:00,660,420.0,420.0,385.0,420.0,315.0,0.0,0.0,3,3.0,normal,420.0,420.0,420.0,420.0,420.0,forecast_cache,,0
2026-10-21,11:30,690,420.0,420.0,385.0,420.0,315.0,0.0,0.0,3,3.0,normal,420.0,420.0,420.0,420.0,0.0,forecast_cache,,0
2026-10-21,12:00,720,420.0,420.0,385.0,420.0,315.0,0.0,0.0,3,3.0,normal,420.0,420.0,420.0,0.0,385.0,forecast_cache,,0
2026-10-21,12:30,750,420.0,420.0,385.0,420.0,315.0,0.0,0.0,3,3.0,normal,0.0,420.0,420.0,385.0,385.0,forecast_cache,,0
2026-10-21,13:00,780,420.0,420.0,385.0,420.0,315.0,0.0,0.0,3,3.0,normal,385.0,0.0,420.0,385.0,385.0,forecast_cache,,0
2026-10-21,13:30,810,420.0,420.0,385.0,420.0,315.0,0.0,0.0,3,3.0,normal,385.0,385.0,0.0,385.0,420.0,forecast_cache,,0
2026-10-21,14:00,840,420.0,420.0,385.0,420.0,315.0,0.0,0.0,3,3.0,normal,385.0,385.0,385.0,420.0,420.0,forecast_cache,,0
2026-10-21,14:30,870,420.0,420.0,385.0,420.0,315.0,0.0,0.0,3,3.0,normal,420.0,385.0,385.0,420.0,420.0,forecast_cache,,0
2026-10-21,15:00,900,420.0,420.0,385.0,420.0,315.0,0.0,0.0,3,3.0,normal,420.0,420.0,385.0,420.0,420.0,forecast_cache,,0
2026-10-21,15:30,930,420.0,420.0,385.0,420.0,315.0,0.0,0.0,3,3.0,normal,420.0,420.0,420.0,420.0,315.0,forecast_cache,,0
2026-10-21,16:00,960,420.0,420.0,385.0,420.0,315.0,0.0,0.0,3,3.0,normal,420.0,420.0,420.0,315.0,315.0,forecast_cache,,0
2026-10-21,16:30,990,420.0,420.0,385.0,420.0,315.0,0.0,0.0,3,3.0,normal,315.0,420.0,420.0,315.0,315.0,forecast_cache,,0
2026-10-21,17:00,1020,420.0,420.0,385.0,420.0,315.0,0.0,0.0,3,3.0,normal,315.0,315.0,420.0,315.0,0.0,forecast_cache,,0
2026-10-21,17:30,1050,420.0,420.0,385.0,420.0,315.0,0.0,0.0,3,3.0,normal,315.0,315.0,315.0,0.0,0.0,forecast_cache,,0
2026-10-21,18:00,1080,420.0,420.0,385.0,420.0,315.0,0.0,0.0,3,3.0,normal,0.0,315.0,315.0,0.0,0.0,forecast_cache,,0
2026-10-21,18:30,1110,420.0,420.0,385.0,420.0,315.0,0.0,0.0,3,3.0,normal,0.0,0.0,315.0,0.0,0.0,forecast_cache,,0
2026-10-21,19:00,1140,420.0,420.0,385.0,420.0,315.0,0.0,0.0,3,3.0,normal,0.0,0.0,0.0,0.0,0.0,forecast_cache,,0
2026-10-21,19:30,1170,420.0,420.0,385.0,420.0,315.0,0.0,0.0,3,3.0,normal,0.0,0.0,0.0,0.0,0.0,forecast_cache,,0
2026-10-21,20:00,1200,420.0,420.0,385.0,420.0,315.0,0.0,0.0,3,3.0,normal,0.0,0.0,0.0,0.0,0.0,forecast_cache,,0
2026-10-21,20:30,1230,420.0,420.0,385.0,420.0,315.0,0.0,0.0,3,3.0,normal,0.0,0.0,0.0,0.0,0.0,forecast_cache,,0
2026-10-21,21:00,1260,420.0,420.0,385.0,420.0,315.0,0.0,0.0,3,3.0,normal,0.0,0.0,0.0,0.0,0.0,forecast_cache,,0
2026-10-21,21:30,1290,420.0,420.0,385.0,420.0,315.0,0.0,0.0,3,3.0,normal,0.0,0.0,0.0,0.0,0.0,forecast_cache,,0
2026-10-22,07:00,420,385.0,455.0,490.0,560.0,490.0,70.0,0.0,4,4.0,normal,0.0,0.0,0.0,0.0,0.0,forecast_cache,,0
2026-10-22,07:30,450,385.0,455.0,490.0,560.0,490.0,70.0,0.0,4,4.0,normal,0.0,0.0,0.0,0.0,0.0,forecast_cache,,0
2026-10-22,08:00,480,385.0,455.0,490.0,560.0,490.0,70.0,0.0,4,4.0,normal,0.0,0.0,0.0,0.0,0.0,forecast_cache,,0
2026-10-22,08:30,510,385.0,455.0,490.0,560.0,490.0,70.0,0.0,4,4.0,normal,0.0,0.0,0.0,0.0,385.0,forecast_cache,,0
2026-10-22,09:00,540,385.0,455.0,490.0,560.0,490.0,70.0,0.0,4,4.0,normal,0.0,0.0,0.0,385.0,385.0,forecast_cache,,0
2026-10-22,09:30,570,385.0,455.0,490.0,560.0,490.0,70.0,0.0,4,4.0,normal,385.0,0.0,0.0,385.0,385.0,forecast_cache,,0
2026-10-22,10:00,600,385.0,455.0,490.0,560.0,490.0,70.0,0.0,4,4.0,normal,385.0,385.0,0.0,385.0,455.0,forecast_cache,,0
2026-10-22,10:30,630,385.0,455.0,490.0,560.0,490.0,70.0,0.0,4,4.0,normal,385.0,385.0,385.0,455.0,455.0,forecast_cache,,0
2026-10-22,11:00,660,385.0,455.0,490.0,560.0,490.0,70.0,0.0,4,4.0,normal,455.0,385.0,385.0,455.0,455.0,forecast_cache,,0
2026-10-22,11:30,690,385.0,455.0,490.0,560.0,490.0,70.0,0.0,4,4.0,normal,455.0,455.0,385.0,455.0,0.0,forecast_cache,,0
2026-10-22,12:00,720,385.0,455.0,490.0,560.0,490.0,70.0,0.0,4,4.0,normal,455.0,455.0,455.0,0.0,490.0,forecast_cache,,0
2026-10-22,12:30,750,385.0,455.0,490.0,560.0,490.0,70.0,0.0,4,4.0,normal,0.0,455.0,455.0,490.0,490.0,forecast_cache,,0
2026-10-22,13:00,780,385.0,455.0,490.0,560.0,490.0,70.0,0.0,4,4.0,normal,490.0,0.0,455.0,490.0,490.0,forecast_cache,,0
2026-10-22,13:30,810,385.0,455.0,490.0,560.0,490.0,70.0,0.0,4,4.0,normal,490.0,490.0,0.0,490.0,560.0,forecast_cache,,0
2026-10-22,14:00,840,385.0,455.0,490.0,560.0,490.0,70.0,0.0,4,4.0,normal,490.0,490.0,490.0,560.0,560.0,forecast_cache,,0
2026-10-22,14:30,870,385.0,455.0,490.0,560.0,490.0,70.0,0.0,4,4.0,normal,560.0,490.0,490.0,560.0,560.0,forecast_cache,,0
2026-10-22,15:00,900,385.0,455.0,490.0,560.0,490.0,70.0,0.0,4,4.0,normal,560.0,560.0,490.0,560.0,560.0,forecast_cache,,0
2026-10-22,15:30,930,385.0,455.0,490.0,560.0,490.0,70.0,0.0,4,4.0,normal,560.0,560.0,560.0,560.0,490.0,forecast_cache,,0
2026-10-22,16:00,960,385.0,455.0,490.0,560.0,490.0,70.0,0.0,4,4.0,normal,560.0,560.0,560.0,490.0,490.0,forecast_cache,,0
2026-10-22,16:30,990,385.0,455.0,490.0,560.0,490.0,70.0,0.0,4,4.0,normal,490.0,560.0,560.0,490.0,490.0,forecast_cache,,0
2026-10-22,17:00,1020,385.0,455.0,490.0,560.0,490.0,70.0,0.0,4,4.0,normal,490.0,490.0,560.0,490.0,70.0,forecast_cache,,0
2026-10-22,17:30,1050,385.0,455.0,490.0,560.0,490.0,70.0,0.0,4,4.0,normal,490.0,490.0,490.0,70.0,70.0,forecast_cache,,0
2026-10-22,18:00,1080,385.0,455.0,490.0,560.0,490.0,70.0,0.0,4,4.0,normal,70.0,490.0,490.0,70.0,70.0,forecast_cache,,0
2026-10-22,18:30,1110,385.0,455.0,490.0,560.0,490.0,70.0,0.0,4,4.0,normal,70.0,70.0,490.0,70.0,0.0,forecast_cache,,0
2026-10-22,19:00,1140,385.0,455.0,490.0,560.0,490.0,70.0,0.0,4,4.0,normal,70.0,70.0,70.0,0.0,0.0,forecast_cache,,0
2026-10-22,19:30,1170,385.0,455.0,490.0,560.0,490.0,70.0,0.0,4,4.0,normal,0.0,70.0,70.0,0.0,0.0,forecast_cache,,0
2026-10-22,20:00,1200,385.0,455.0,490.0,560.0,490.0,70.0,0.0,4,4.0,normal,0.0,0.0,70.0,0.0,0.0,forecast_cache,,0
2026-10-22,20:30,1230,385.0,455.0,490.0,560.0,490.0,70.0,0.0,4,4.0,normal,0.0,0.0,0.0,0.0,0.0,forecast_cache,,0
2026-10-22,21:00,1260,385.0,455.0,490.0,560.0,490.0,70.0,0.0,4,4.0,normal,0.0,0.0,0.0,0.0,0.0,forecast_cache,,0
2026-10-22,21:30,1290,385.0,455.0,490.0,560.0,490.0,70.0,0.0,4,4.0,normal,0.0,0.0,0.0,0.0,0.0,forecast_cache,,0
2026-10-23,07:00,420,420.0,420.0,455.0,560.0,385.0,105.0,35.0,5,4.0,normal,0.0,0.0,0.0,0.0,0.0,forecast_cache,,0
2026-10-23,07:30,450,420.0,420.0,455.0,560.0,385.0,105.0,35.0,5,4.0,normal,0.0,0.0,0.0,0.0,0.0,forecast_cache,,0
2026-10-23,08:00,480,420.0,420.0,455.0,560.0,385.0,105.0,35.0,5,4.0,normal,0.0,0.0,0.0,0.0,0.0,forecast_cache,,0
2026-10-23,08:30,510,420.0,420.0,455.0,560.0,385.0,105.0,35.0,5,4.0,normal,0.0,0.0,0.0,0.0,420.0,forecast_cache,,0
2026-10-23,09:00,540,420.0,420.0,455.0,560.0,385.0,105.0,35.0,5,4.0,normal,0.0,0.0,0.0,420.0,420.0,forecast_cache,,0
2026-10-23,09:30,570,420.0,420.0,455.0,560.0,385.0,105.0,35.0,5,4.0,normal,420.0,0.0,0.0,420.0,420.0,forecast_cache,,0
2026-10-23,10:00,600,420.0,420.0,455.0,560.0,385.0,105.0,35.0,5,4.0,normal,420.0,420.0,0.0,420.0,420.0,forecast_cache,,0
2026-10-23,10:30,630,420.0,420.0,455.0,560.0,385.0,105.0,35.0,5,4.0,normal,420.0,420.0,420.0,420.0,420.0,forecast_cache,,0
2026-10-23,11:00,660,420.0,420.0,455.0,560.0,385.0,105.0,35.0,5,4.0,normal,420.0,420.0,420.0,420.0,420.0,forecast_cache,,0
2026-10-23,11:30,690,420.0,420.0,455.0,560.0,385.0,105.0,35.0,5,4.0,normal,420.0,420.0,420.0,420.0,0.0,forecast_cache,,0
2026-10-23,12:00,720,420.0,420.0,455.0,560.0,385.0,105.0,35.0,5,4.0,normal,420.0,420.0,420.0,0.0,455.0,forecast_cache,,0
2026-10-23,12:30,750,420.0,420.0,455.0,560.0,385.0,105.0,35.0,5,4.0,normal,0.0,420.0,420.0,455.0,455.0,forecast_cache,,0
2026-10-23,13:00,780,420.0,420.0,455.0,560.0,385.0,105.0,35.0,5,4.0,normal,455.0,0.0,420.0,455.0,455.0,forecast_cache,,0
2026-10-23,13:30,810,420.0,420.0,455.0,560.0,385.0,105.0,35.0,5,4.0,normal,455.0,455.0,0.0,455.0,560.0,forecast_cache,,0
2026-10-23,14:00,840,420.0,420.0,455.0,560.0,385.0,105.0,35.0,5,4.0,normal,455.0,455.0,455.0,560.0,560.0,forecast_cache,,0
2026-10-23,14:30,870,420.0,420.0,455.0,560.0,385.0,105.0,35.0,5,4.0,normal,560.0,455.0,455.0,560.0,560.0,forecast_cache,,0
2026-10-23,15:00,900,420.0,420.0,455.0,560.0,385.0,105.0,35.0,5,4.0,normal,560.0,560.0,455.0,560.0,560.0,forecast_cache,,0
2026-10-23,15:30,930,420.0,420.0,455.0,560.0,385.0,105.0,35.0,5,4.0,normal,560.0,560.0,560.0,560.0,385.0,forecast_cache,,0
2026-10-23,16:00,960,420.0,420.0,455.0,560.0,385.0,105.0,35.0,5,4.0,normal,560.0,560.0,560.0,385.0,385.0,forecast_cache,,0
2026-10-23,16:30,990,420.0,420.0,455.0,560.0,385.0,105.0,35.0,5,4.0,normal,385.0,560.0,560.0,385.0,385.0,forecast_cache,,0
2026-10-23,17:00,1020,420.0,420.0,455.0,560.0,385.0,105.0,35.0,5,4.0,normal,385.0,385.0,560.0,385.0,105.0,forecast_cache,,0
2026-10-23,17:30,1050,420.0,420.0,455.0,560.0,385.0,105.0,35.0,5,4.0,normal,385.0,385.0,385.0,105.0,105.0,forecast_cache,,0
2026-10-23,18:00,1080,420.0,420.0,455.0,560.0,385.0,105.0,35.0,5,4.0,normal,105.0,385.0,385.0,105.0,105.0,forecast_cache,,0
2026-10-23,18:30,1110,420.0,420.0,455.0,560.0,385.0,105.0,35.0,5,4.0,normal,105.0,105.0,385.0,105.0,0.0,forecast_cache,,0
2026-10-23,19:00,1140,420.0,420.0,455.0,560.0,385.0,105.0,35.0,5,4.0,normal,105.0,105.0,105.0,0.0,35.0,forecast_cache,,0
2026-10-23,19:30,1170,420.0,420.0,455.0,560.0,385.0,105.0,35.0,5,4.0,normal,0.0,105.0,105.0,35.0,35.0,forecast_cache,,0
2026-10-23,20:00,1200,420.0,420.0,455.0,560.0,385.0,105.0,35.0,5,4.0,normal,35.0,0.0,105.0,35.0,35.0,forecast_cache,,0
2026-10-23,20:30,1230,420.0,420.0,455.0,560.0,385.0,105.0,35.0,5,4.0,normal,35.0,35.0,0.0,35.0,0.0,forecast_cache,,0
2026-10-23,21:00,1260,420.0,420.0,455.0,560.0,385.0,105.0,35.0,5,4.0,normal,35.0,35.0,35.0,0.0,0.0,forecast_cache,,0
2026-10-23,21:30,1290,420.0,420.0,455.0,560.0,385.0,105.0,35.0,5,4.0,normal,0.0,35.0,35.0,0.0,0.0,forecast_cache,,0
2026-10-24,07:00,420,0.0,0.0,0.0,0.0,0.0,0.0,0.0,6,,closed,0.0,0.0,0.0,0.0,0.0,forecast_cache,,0
2026-10-24,07:30,450,0.0,0.0,0.0,0.0,0.0,0.0,0.0,6,,closed,0.0,0.0,0.0,0.0,0.0,forecast_cache,,0
2026-10-24,08:00,480,0.0,0.0,0.0,0.0,0.0,0.0,0.0,6,,closed,0.0,0.0,0.0,0.0,0.0,forecast_cache,,0
2026-10-24,08:30,510,0.0,0.0,0.0,0.0,0.0,0.0,0.0,6,,closed,0.0,0.0,0.0,0.0,0.0,forecast_cache,,0
2026-10-24,09:00,540,0.0,0.0,0.0,0.0,0.0,0.0,0.0,6,,closed,0.0,0.0,0.0,0.0,0.0,forecast_cache,,0
2026-10-24,09:30,570,0.0,0.0,0.0,0.0,0.0,0.0,0.0,6,,closed,0.0,0.0,0.0,0.0,0.0,forecast_cache,,0
2026-10-24,10:00,600,0.0,0.0,0.0,0.0,0.0,0.0,0.0,6,,closed,0.0,0.0,0.0,0.0,0.0,forecast_cache,,0
2026-10-24,10:30,630,0.0,0.0,0.0,0.0,0.0,0.0,0.0,6,,closed,0.0,0.0,0.0,0.0,0.0,forecast_cache,,0
2026-10-24,11:00,660,0.0,0.0,0.0,0.0,0.0,0.0,0.0,6,,closed,0.0,0.0,0.0,0.0,0.0,forecast_cache,,0
2026-10-24,11:30,690,0.0,0.0,0.0,0.0,0.0,0.0,0.0,6,,closed,0.0,0.0,0.0,0.0,0.0,forecast_cache,,0
2026-10-24,12:00,720,0.0,0.0,0.0,0.0,0.0,0.0,0.0,6,,closed,0.0,0.0,0.0,0.0,0.0,forecast_cache,,0
2026-10-24,12:30,750,0.0,0.0,0.0,0.0,0.0,0.0,0.0,6,,closed,0.0,0.0,0.0,0.0,0.0,forecast_cache,,0
2026-10-24,13:00,780,0.0,0.0,0.0,0.0,0.0,0.0,0.0,6,,closed,0.0,0.0,0.0,0.0,0.0,forecast_cache,,0
2026-10-24,13:30,810,0.0,0.0,0.0,0.0,0.0,0.0,0.0,6,,closed,0.0,0.0,0.0,0.0,0.0,forecast_cache,,0
2026-10-24,14:00,840,0.0,0.0,0.0,0.0,0.0,0.0,0.0,6,,closed,0.0,0.0,0.0,0.0,0.0,forecast_cache,,0
2026-10-24,14:30,870,0.0,0.0,0.0,0.0,0.0,0.0,0.0,6,,closed,0.0,0.0,0.0,0.0,0.0,forecast_cache,,0
2026-10-24,15:00,900,0.0,0.0,0.0,0.0,0.0,0.0,0.0,6,,closed,0.0,0.0,0.0,0.0,0.0,forecast_cache,,0
2026-10-24,15:30,930,0.0,0.0,0.0,0.0,0.0,0.0,0.0,6,,closed,0.0,0.0,0.0,0.0,0.0,forecast_cache,,0
2026-10-24,16:00,960,0.0,0.0,0.0,0.0,0.0,0.0,0.0,6,,closed,0.0,0.0,0.0,0.0,0.0,forecast_cache,,0
2026-10-24,16:30,990,0.0,0.0,0.0,0.0,0.0,0.0,0.0,6,,closed,0.0,0.0,0.0,0.0,0.0,forecast_cache,,0
2026-10-24,17:00,1020,0.0,0.0,0.0,0.0,0.0,0.0,0.0,6,,closed,0.0,0.0,0.0,0.0,0.0,forecast_cache,,0
2026-10-24,17:30,1050,0.0,0.0,0.0,0.0,0.0,0.0,0.0,6,,closed,0.0,0.0,0.0,0.0,0.0,forecast_cache,,0
2026-10-24,18:00,1080,0.0,0.0,0.0,0.0,0.0,0.0,0.0,6,,closed,0.0,0.0,0.0,0.0,0.0,forecast_cache,,0
2026-10-24,18:30,1110,0.0,0.0,0.0,0.0,0.0,0.0,0.0,6,,closed,0.0,0.0,0.0,0.0,0.0,forecast_cache,,0
2026-10-24,19:00,1140,0.0,0.0,0.0,0.0,0.0,0.0,0.0,6,,closed,0.0,0.0,0.0,0.0,0.0,forecast_cache,,0
2026-10-24,19:30,1170,0.0,0.0,0.0,0.0,0.0,0.0,0.0,6,,closed,0.0,0.0,0.0,0.0,0.0,forecast_cache,,0
2026-10-24,20:00,1200,0.0,0.0,0.0,0.0,0.0,0.0,0.0,6,,closed,0.0,0.0,0.0,0.0,0.0,forecast_cache,,0
2026-10-24,20:30,1230,0.0,0.0,0.0,0.0,0.0,0.0,0.0,6,,closed,0.0,0.0,0.0,0.0,0.0,forecast_cache,,0
2026-10-24,21:00,1260,0.0,0.0,0.0,0.0,0.0,0.0,0.0,6,,closed,0.0,0.0,0.0,0.0,0.0,forecast_cache,,0
2026-10-24,21:30,1290,0.0,0.0,0.0,0.0,0.0,0.0,0.0,6,,closed,0.0,0.0,0.0,0.0,0.0,forecast_cache,,0
2026-10-25,07:00,420,0.0,0.0,0.0,0.0,0.0,0.0,0.0,7,,closed,0.0,0.0,0.0,0.0,0.0,forecast_cache,,0
2026-10-25,07:30,450,0.0,0.0,0.0,0.0,0.0,0.0,0.0,7,,closed,0.0,0.0,0.0,0.0,0.0,forecast_cache,,0
2026-10-25,08:00,480,0.0,0.0,0.0,0.0,0.0,0.0,0.0,7,,closed,0.0,0.0,0.0,0.0,0.0,forecast_cache,,0
2026-10-25,08:30,510,0.0,0.0,0.0,0.0,0.0,0.0,0.0,7,,closed,0.0,0.0,0.0,0.0,0.0,forecast_cache,,0
2026-10-25,09:00,540,0.0,0.0,0.0,0.0,0.0,0.0,0.0,7,,closed,0.0,0.0,0.0,0.0,0.0,forecast_cache,,0
2026-10-25,09:30,570,0.0,0.0,0.0,0.0,0.0,0.0,0.0,7,,closed,0.0,0.0,0.0,0.0,0.0,forecast_cache,,0
2026-10-25,10:00,600,0.0,0.0,0.0,0.0,0.0,0.0,0.0,7,,closed,0.0,0.0,0.0,0.0,0.0,forecast_cache,,0
2026-10-25,10:30,630,0.0,0.0,0.0,0.0,0.0,0.0,0.0,7,,closed,0.0,0.0,0.0,0.0,0.0,forecast_cache,,0
2026-10-25,11:00,660,0.0,0.0,0.0,0.0,0.0,0.0,0.0,7,,closed,0.0,0.0,0.0,0.0,0.0,forecast_cache,,0
2026-10-25,11:30,690,0.0,0.0,0.0,0.0,0.0,0.0,0.0,7,,closed,0.0,0.0,0.0,0.0,0.0,forecast_cache,,0
2026-10-25,12:00,720,0.0,0.0,0.0,0.0,0.0,0.0,0.0,7,,closed,0.0,0.0,0.0,0.0,0.0,forecast_cache,,0
2026-10-25,12:30,750,0.0,0.0,0.0,0.0,0.0,0.0,0.0,7,,closed,0.0,0.0,0.0,0.0,0.0,forecast_cache,,0
2026-10-25,13:00,780,0.0,0.0,0.0,0.0,0.0,0.0,0.0,7,,closed,0.0,0.0,0.0,0.0,0.0,forecast_cache,,0
2026-10-25,13:30,810,0.0,0.0,0.0,0.0,0.0,0.0,0.0,7,,closed,0.0,0.0,0.0,0.0,0.0,forecast_cache,,0
2026-10-25,14:00,840,0.0,0.0,0.0,0.0,0.0,0.0,0.0,7,,closed,0.0,0.0,0.0,0.0,0.0,forecast_cache,,0
2026-10-25,14:30,870,0.0,0.0,0.0,0.0,0.0,0.0,0.0,7,,closed,0.0,0.0,0.0,0.0,0.0,forecast_cache,,0
2026-10-25,15:00,900,0.0,0.0,0.0,0.0,0.0,0.0,0.0,7,,closed,0.0,0.0,0.0,0.0,0.0,forecast_cache,,0
2026-10-25,15:30,930,0.0,0.0,0.0,0.0,0.0,0.0,0.0,7,,closed,0.0,0.0,0.0,0.0,0.0,forecast_cache,,0
2026-10-25,16:00,960,0.0,0.0,0.0,0.0,0.0,0.0,0.0,7,,closed,0.0,0.0,0.0,0.0,0.0,forecast_cache,,0
2026-10-25,16:30,990,0.0,0.0,0.0,0.0,0.0,0.0,0.0,7,,closed,0.0,0.0,0.0,0.0,0.0,forecast_cache,,0
2026-10-25,17:00,1020,0.0,0.0,0.0,0.0,0.0,0.0,0.0,7,,closed,0.0,0.0,0.0,0.0,0.0,forecast_cache,,0
2026-10-25,17:30,1050,0.0,0.0,0.0,0.0,0.0,0.0,0.0,7,,closed,0.0,0.0,0.0,0.0,0.0,forecast_cache,,0
2026-10-25,18:00,1080,0.0,0.0,0.0,0.0,0.0,0.0,0.0,7,,closed,0.0,0.0,0.0,0.0,0.0,forecast_cache,,0
2026-10-25,18:30,1110,0.0,0.0,0.0,0.0,0.0,0.0,0.0,7,,closed,0.0,0.0,0.0,0.0,0.0,forecast_cache,,0
2026-10-25,19:00,1140,0.0,0.0,0.0,0.0,0.0,0.0,0.0,7,,closed,0.0,0.0,0.0,0.0,0.0,forecast_cache,,0
2026-10-25,19:30,1170,0.0,0.0,0.0,0.0,0.0,0.0,0.0,7,,closed,0.0,0.0,0.0,0.0,0.0,forecast_cache,,0
2026-10-25,20:00,1200,0.0,0.0,0.0,0.0,0.0,0.0,0.0,7,,closed,0.0,0.0,0.0,0.0,0.0,forecast_cache,,0
2026-10-25,20:30,1230,0.0,0.0,0.0,0.0,0.0,0.0,0.0,7,,closed,0.0,0.0,0.0,0.0,0.0,forecast_cache,,0
2026-10-25,21:00,1260,0.0,0.0,0.0,0.0,0.0,0.0,0.0,7,,closed,0.0,0.0,0.0,0.0,0.0,forecast_cache,,0
2026-10-25,21:30,1290,0.0,0.0,0.0,0.0,0.0,0.0,0.0,7,,closed,0.0,0.0,0.0,0.0,0.0,forecast_cache,,0
2026-10-26,07:00,420,420.0,455.0,490.0,490.0,595.0,175.0,0.0,1,4.0,normal,0.0,0.0,0.0,0.0,0.0,forecast_cache,,0
2026-10-26,07:30,450,420.0,455.0,490.0,490.0,595.0,175.0,0.0,1,4.0,normal,0.0,0.0,0.0,0.0,0.0,forecast_cache,,0
2026-10-26,08:00,480,420.0,455.0,490.0,490.0,595.0,175.0,0.0,1,4.0,normal,0.0,0.0,0.0,0.0,0.0,forecast_cache,,0
2026-10-26,08:30,510,420.0,455.0,490.0,490.0,595.0,175.0,0.0,1,4.0,normal,0.0,0.0,0.0,0.0,420.0,forecast_cache,,0
2026-10-26,09:00,540,420.0,455.0,490.0,490.0,595.0,175.0,0.0,1,4.0,normal,0.0,0.0,0.0,420.0,420.0,forecast_cache,,0
2026-10-26,09:30,570,420.0,455.0,490.0,490.0,595.0,175.0,0.0,1,4.0,normal,420.0,0.0,0.0,420.0,420.0,forecast_cache,,0
2026-10-26,10:00,600,420.0,455.0,490.0,490.0,595.0,175.0,0.0,1,4.0,normal,420.0,420.0,0.0,420.0,455.0,forecast_cache,,0
2026-10-26,10:30,630,420.0,455.0,490.0,490.0,595.0,175.0,0.0,1,4.0,normal,420.0,420.0,420.0,455.0,455.0,forecast_cache,,0
2026-10-26,11:00,660,420.0,455.0,490.0,490.0,595.0,175.0,0.0,1,4.0,normal,455.0,420.0,420.0,455.0,455.0,forecast_cache,,0
2026-10-26,11:30,690,420.0,455.0,490.0,490.0,595.0,175.0,0.0,1,4.0,normal,455.0,455.0,420.0,455.0,0.0,forecast_cache,,0
2026-10-26,12:00,720,420.0,455.0,490.0,490.0,595.0,175.0,0.0,1,4.0,normal,455.0,455.0,455.0,0.0,490.0,forecast_cache,,0
2026-10-26,12:30,750,420.0,455.0,490.0,490.0,595.0,175.0,0.0,1,4.0,normal,0.0,455.0,455.0,490.0,490.0,forecast_cache,,0
2026-10-26,13:00,780,420.0,455.0,490.0,490.0,595.0,175.0,0.0,1,4.0,normal,490.0,0.0,455.0,490.0,490.0,forecast_cache,,0
2026-10-26,13:30,810,420.0,455.0,490.0,490.0,595.0,175.0,0.0,1,4.0,normal,490.0,490.0,0.0,490.0,490.0,forecast_cache,,0
2026-10-26,14:00,840,420.0,455.0,490.0,490.0,595.0,175.0,0.0,1,4.0,normal,490.0,490.0,490.0,490.0,490.0,forecast_cache,,0
2026-10-26,14:30,870,420.0,455.0,490.0,490.0,595.0,175.0,0.0,1,4.0,normal,490.0,490.0,490.0,490.0,490.0,forecast_cache,,0
2026-10-26,15:00,900,420.0,455.0,490.0,490.0,595.0,175.0,0.0,1,4.0,normal,490.0,490.0,490.0,490.0,490.0,forecast_cache,,0
2026-10-26,15:30,930,420.0,455.0,490.0,490.0,595.0,175.0,0.0,1,4.0,normal,490.0,490.0,490.0,490.0,595.0,forecast_cache,,0
2026-10-26,16:00,960,420.0,455.0,490.0,490.0,595.0,175.0,0.0,1,4.0,normal,490.0,490.0,490.0,595.0,595.0,forecast_cache,,0
2026-10-26,16:30,990,420.0,455.0,490.0,490.0,595.0,175.0,0.0,1,4.0,normal,595.0,490.0,490.0,595.0,595.0,forecast_cache,,0
2026-10-26,17:00,1020,420.0,455.0,490.0,490.0,595.0,175.0,0.0,1,4.0,normal,595.0,595.0,490.0,595.0,175.0,forecast_cache,,0
2026-10-26,17:30,1050,420.0,455.0,490.0,490.0,595.0,175.0,0.0,1,4.0,normal,595.0,595.0,595.0,175.0,175.0,forecast_cache,,0
2026-10-26,18:00,1080,420.0,455.0,490.0,490.0,595.0,175.0,0.0,1,4.0,normal,175.0,595.0,595.0,175.0,175.0,forecast_cache,,0
2026-10-26,18:30,1110,420.0,455.0,490.0,490.0,595.0,175.0,0.0,1,4.0,normal,175.0,175.0,595.0,175.0,0.0,forecast_cache,,0
2026-10-26,19:00,1140,420.0,455.0,490.0,490.0,595.0,175.0,0.0,1,4.0,normal,175.0,175.0,175.0,0.0,0.0,forecast_cache,,0
2026-10-26,19:30,1170,420.0,455.0,490.0,490.0,595.0,175.0,0.0,1,4.0,normal,0.0,175.0,175.0,0.0,0.0,forecast_cache,,0
2026-10-26,20:00,1200,420.0,455.0,490.0,490.0,595.0,175.0,0.0,1,4.0,normal,0.0,0.0,175.0,0.0,0.0,forecast_cache,,0
2026-10-26,20:30,1230,420.0,455.0,490.0,490.0,595.0,175.0,0.0,1,4.0,normal,0.0,0.0,0.0,0.0,0.0,forecast_cache,,0
2026-10-26,21:00,1260,420.0,455.0,490.0,490.0,595.0,175.0,0.0,1,4.0,normal,0.0,0.0,0.0,0.0,0.0,forecast_cache,,0
2026-10-26,21:30,1290,420.0,455.0,490.0,490.0,595.0,175.0,0.0,1,4.0,normal,0.0,0.0,0.0,0.0,0.0,forecast_cache,,0
2026-10-27,07:00,420,420.0,420.0,455.0,560.0,525.0,35.0,35.0,2,4.0,normal,0.0,0.0,0.0,0.0,0.0,forecast_cache,,0
2026-10-27,07:30,450,420.0,420.0,455.0,560.0,525.0,35.0,35.0,2,4.0,normal,0.0,0.0,0.0,0.0,0.0,forecast_cache,,0
2026-10-27,08:00,480,420.0,420.0,455.0,560.0,525.0,35.0,35.0,2,4.0,normal,0.0,0.0,0.0,0.0,0.0,forecast_cache,,0
2026-10-27,08:30,510,420.0,420.0,455.0,560.0,525.0,35.0,35.0,2,4.0,normal,0.0,0.0,0.0,0.0,420.0,forecast_cache,,0
2026-10-27,09:00,540,420.0,420.0,455.0,560.0,525.0,35.0,35.0,2,4.0,normal,0.0,0.0,0.0,420.0,420.0,forecast_cache,,0
2026-10-27,09:30,570,420.0,420.0,455.0,560.0,525.0,35.0,35.0,2,4.0,normal,420.0,0.0,0.0,420.0,420.0,forecast_cache,,0
2026-10-27,10:00,600,420.0,420.0,455.0,560.0,525.0,35.0,35.0,2,4.0,normal,420.0,420.0,0.0,420.0,420.0,forecast_cache,,0
2026-10-27,10:30,630,420.0,420.0,455.0,560.0,525.0,35.0,35.0,2,4.0,normal,420.0,420.0,420.0,420.0,420.0,forecast_cache,,0
2026-10-27,11:00,660,420.0,420.0,455.0,560.0,525.0,35.0,35.0,2,4.0,normal,420.0,420.0,420.0,420.0,420.0,forecast_cache,,0
2026-10-27,11:30,690,420.0,420.0,455.0,560.0,525.0,35.0,35.0,2,4.0,normal,420.0,420.0,420.0,420.0,0.0,forecast_cache,,0
2026-10-27,12:00,720,420.0,420.0,455.0,560.0,525.0,35.0,35.0,2,4.0,normal,420.0,420.0,420.0,0.0,455.0,forecast_cache,,0
2026-10-27,12:30,750,420.0,420.0,455.0,560.0,525.0,35.0,35.0,2,4.0,normal,0.0,420.0,420.0,455.0,455.0,forecast_cache,,0
2026-10-27,13:00,780,420.0,420.0,455.0,560.0,525.0,35.0,35.0,2,4.0,normal,455.0,0.0,420.0,455.0,455.0,forecast_cache,,0
2026-10-27,13:30,810,420.0,420.0,455.0,560.0,525.0,35.0,35.0,2,4.0,normal,455.0,455.0,0.0,455.0,560.0,forecast_cache,,0
2026-10-27,14:00,840,420.0,420.0,455.0,560.0,525.0,35.0,35.0,2,4.0,normal,455.0,455.0,455.0,560.0,560.0,forecast_cache,,0
2026-10-27,14:30,870,420.0,420.0,455.0,560.0,525.0,35.0,35.0,2,4.0,normal,560.0,455.0,455.0,560.0,560.0,forecast_cache,,0
2026-10-27,15:00,900,420.0,420.0,455.0,560.0,525.0,35.0,35.0,2,4.0,normal,560.0,560.0,455.0,560.0,560.0,forecast_cache,,0
2026-10-27,15:30,930,420.0,420.0,455.0,560.0,525.0,35.0,35.0,2,4.0,normal,560.0,560.0,560.0,560.0,525.0,forecast_cache,,0
2026-10-27,16:00,960,420.0,420.0,455.0,560.0,525.0,35.0,35.0,2,4.0,normal,560.0,560.0,560.0,525.0,525.0,forecast_cache,,0
2026-10-27,16:30,990,420.0,420.0,455.0,560.0,525.0,35.0,35.0,2,4.0,normal,525.0,560.0,560.0,525.0,525.0,forecast_cache,,0
2026-10-27,17:00,1020,420.0,420.0,455.0,560.0,525.0,35.0,35.0,2,4.0,normal,525.0,525.0,560.0,525.0,35.0,forecast_cache,,0
2026-10-27,17:30,1050,420.0,420.0,455.0,560.0,525.0,35.0,35.0,2,4.0,normal,525.0,525.0,525.0,35.0,35.0,forecast_cache,,0
2026-10-27,18:00,1080,420.0,420.0,455.0,560.0,525.0,35.0,35.0,2,4.0,normal,35.0,525.0,525.0,35.0,35.0,forecast_cache,,0
2026-10-27,18:30,1110,420.0,420.0,455.0,560.0,525.0,35.0,35.0,2,4.0,normal,35.0,35.0,525.0,35.0,0.0,forecast_cache,,0
2026-10-27,19:00,1140,420.0,420.0,455.0,560.0,525.0,35.0,35.0,2,4.0,normal,35.0,35.0,35.0,0.0,35.0,forecast_cache,,0
2026-10-27,19:30,1170,420.0,420.0,455.0,560.0,525.0,35.0,35.0,2,4.0,normal,0.0,35.0,35.0,35.0,35.0,forecast_cache,,0
2026-10-27,20:00,1200,420.0,420.0,455.0,560.0,525.0,35.0,35.0,2,4.0,normal,35.0,0.0,35.0,35.0,35.0,forecast_cache,,0
2026-10-27,20:30,1230,420.0,420.0,455.0,560.0,525.0,35.0,35.0,2,4.0,normal,35.0,35.0,0.0,35.0,0.0,forecast_cache,,0
2026-10-27,21:00,1260,420.0,420.0,455.0,560.0,525.0,35.0,35.0,2,4.0,normal,35.0,35.0,35.0,0.0,0.0,forecast_cache,,0
2026-10-27,21:30,1290,420.0,420.0,455.0,560.0,525.0,35.0,35.0,2,4.0,normal,0.0,35.0,35.0,0.0,0.0,forecast_cache,,0
2026-10-28,07:00,420,420.0,420.0,385.0,420.0,315.0,0.0,0.0,3,4.0,normal,0.0,0.0,0.0,0.0,0.0,forecast_cache,,0
2026-10-28,07:30,450,420.0,420.0,385.0,420.0,315.0,0.0,0.0,3,4.0,normal,0.0,0.0,0.0,0.0,0.0,forecast_cache,,0
2026-10-28,08:00,480,420.0,420.0,385.0,420.0,315.0,0.0,0.0,3,4.0,normal,0.0,0.0,0.0,0.0,0.0,forecast_cache,,0
2026-10-28,08:30,510,420.0,420.0,385.0,420.0,315.0,0.0,0.0,3,4.0,normal,0.0,0.0,0.0,0.0,420.0,forecast_cache,,0
2026-10-28,09:00,540,420.0,420.0,385.0,420.0,315.0,0.0,0.0,3,4.0,normal,0.0,0.0,0.0,420.0,420.0,forecast_cache,,0
2026-10-28,09:30,570,420.0,420.0,385.0,420.0,315.0,0.0,0.0,3,4.0,normal,420.0,0.0,0.0,420.0,420.0,forecast_cache,,0
2026-10-28,10:00,600,420.0,420.0,385.0,420.0,315.0,0.0,0.0,3,4.0,normal,420.0,420.0,0.0,420.0,420.0,forecast_cache,,0
2026-10-28,10:30,630,420.0,420.0,385.0,420.0,315.0,0.0,0.0,3,4.0,normal,420.0,420.0,420.0,420.0,420.0,forecast_cache,,0
2026-10-28,11:00,660,420.0,420.0,385.0,420.0,315.0,0.0,0.0,3,4.0,normal,420.0,420.0,420.0,420.0,420.0,forecast_cache,,0
2026-10-28,11:30,690,420.0,420.0,385.0,420.0,315.0,0.0,0.0,3,4.0,normal,420.0,420.0,420.0,420.0,0.0,forecast_cache,,0
2026-10-28,12:00,720,420.0,420.0,385.0,420.0,315.0,0.0,0.0,3,4.0,normal,420.0,420.0,420.0,0.0,385.0,forecast_cache,,0
2026-10-28,12:30,750,420.0,420.0,385.0,420.0,315.0,0.0,0.0,3,4.0,normal,0.0,420.0,420.0,385.0,385.0,forecast_cache,,0
2026-10-28,13:00,780,420.0,420.0,385.0,420.0,315.0,0.0,0.0,3,4.0,normal,385.0,0.0,420.0,385.0,385.0,forecast_cache,,0
2026-10-28,13:30,810,420.0,420.0,385.0,420.0,315.0,0.0,0.0,3,4.0,normal,385.0,385.0,0.0,385.0,420.0,forecast_cache,,0
2026-10-28,14:00,840,420.0,420.0,385.0,420.0,315.0,0.0,0.0,3,4.0,normal,385.0,385.0,385.0,420.0,420.0,forecast_cache,,0
2026-10-28,14:30,870,420.0,420.0,385.0,420.0,315.0,0.0,0.0,3,4.0,normal,420.0,385.0,385.0,420.0,420.0,forecast_cache,,0
2026-10-28,15:00,900,420.0,420.0,385.0,420.0,315.0,0.0,0.0,3,4.0,normal,420.0,420.0,385.0,420.0,420.0,forecast_cache,,0
2026-10-28,15:30,930,420.0,420.0,385.0,420.0,315.0,0.0,0.0,3,4.0,normal,420.0,420.0,420.0,420.0,315.0,forecast_cache,,0
2026-10-28,16:00,960,420.0,420.0,385.0,420.0,315.0,0.0,0.0,3,4.0,normal,420.0,420.0,420.0,315.0,315.0,forecast_cache,,0
2026-10-28,16:30,990,420.0,420.0,385.0,420.0,315.0,0.0,0.0,3,4.0,normal,315.0,420.0,420.0,315.0,315.0,forecast_cache,,0
2026-10-28,17:00,1020,420.0,420.0,385.0,420.0,315.0,0.0,0.0,3,4.0,normal,315.0,315.0,420.0,315.0,0.0,forecast_cache,,0
2026-10-28,17:30,1050,420.0,420.0,385.0,420.0,315.0,0.0,0.0,3,4.0,normal,315.0,315.0,315.0,0.0,0.0,forecast_cache,,0
2026-10-28,18:00,1080,420.0,420.0,385.0,420.0,315.0,0.0,0.0,3,4.0,normal,0.0,315.0,315.0,0.0,0.0,forecast_cache,,0
2026-10-28,18:30,1110,420.0,420.0,385.0,420.0,315.0,0.0,0.0,3,4.0,normal,0.0,0.0,315.0,0.0,0.0,forecast_cache,,0
2026-10-28,19:00,1140,420.0,420.0,385.0,420.0,315.0,0.0,0.0,3,4.0,normal,0.0,0.0,0.0,0.0,0.0,forecast_cache,,0
2026-10-28,19:30,1170,420.0,420.0,385.0,420.0,315.0,0.0,0.0,3,4.0,normal,0.0,0.0,0.0,0.0,0.0,forecast_cache,,0
2026-10-28,20:00,1200,420.0,420.0,385.0,420.0,315.0,0.0,0.0,3,4.0,normal,0.0,0.0,0.0,0.0,0.0,forecast_cache,,0
2026-10-28,20:30,1230,420.0,420.0,385.0,420.0,315.0,0.0,0.0,3,4.0,normal,0.0,0.0,0.0,0.0,0.0,forecast_cache,,0
2026-10-28,21:00,1260,420.0,420.0,385.0,420.0,315.0,0.0,0.0,3,4.0,normal,0.0,0.0,0.0,0.0,0.0,forecast_cache,,0
2026-10-28,21:30,1290,420.0,420.0,385.0,420.0,315.0,0.0,0.0,3,4.0,normal,0.0,0.0,0.0,0.0,0.0,forecast_cache,,0
2026-10-29,07:00,420,385.0,455.0,490.0,560.0,490.0,70.0,0.0,4,5.0,normal,0.0,0.0,0.0,0.0,0.0,forecast_cache,,0
2026-10-29,07:30,450,385.0,455.0,490.0,560.0,490.0,70.0,0.0,4,5.0,normal,0.0,0.0,0.0,0.0,0.0,forecast_cache,,0
2026-10-29,08:00,480,385.0,455.0,490.0,560.0,490.0,70.0,0.0,4,5.0,normal,0.0,0.0,0.0,0.0,0.0,forecast_cache,,0
2026-10-29,08:30,510,385.0,455.0,490.0,560.0,490.0,70.0,0.0,4,5.0,normal,0.0,0.0,0.0,0.0,385.0,forecast_cache,,0
2026-10-29,09:00,540,385.0,455.0,490.0,560.0,490.0,70.0,0.0,4,5.0,normal,0.0,0.0,0.0,385.0,385.0,forecast_cache,,0
2026-10-29,09:30,570,385.0,455.0,490.0,560.0,490.0,70.0,0.0,4,5.0,normal,385.0,0.0,0.0,385.0,385.0,forecast_cache,,0
2026-10-29,10:00,600,385.0,455.0,490.0,560.0,490.0,70.0,0.0,4,5.0,normal,385.0,385.0,0.0,385.0,455.0,forecast_cache,,0
2026-10-29,10:30,630,385.0,455.0,490.0,560.0,490.0,70.0,0.0,4,5.0,normal,385.0,385.0,385.0,455.0,455.0,forecast_cache,,0
2026-10-29,11:00,660,385.0,455.0,490.0,560.0,490.0,70.0,0.0,4,5.0,normal,455.0,385.0,385.0,455.0,455.0,forecast_cache,,0
2026-10-29,11:30,690,385.0,455.0,490.0,560.0,490.0,70.0,0.0,4,5.0,normal,455.0,455.0,385.0,455.0,0.0,forecast_cache,,0
2026-10-29,12:00,720,385.0,455.0,490.0,560.0,490.0,70.0,0.0,4,5.0,normal,455.0,455.0,455.0,0.0,490.0,forecast_cache,,0
2026-10-29,12:30,750,385.0,455.0,490.0,560.0,490.0,70.0,0.0,4,5.0,normal,0.0,455.0,455.0,490.0,490.0,forecast_cache,,0
2026-10-29,13:00,780,385.0,455.0,490.0,560.0,490.0,70.0,0.0,4,5.0,normal,490.0,0.0,455.0,490.0,490.0,forecast_cache,,0
2026-10-29,13:30,810,385.0,455.0,490.0,560.0,490.0,70.0,0.0,4,5.0,normal,490.0,490.0,0.0,490.0,560.0,forecast_cache,,0
2026-10-29,14:00,840,385.0,455.0,490.0,560.0,490.0,70.0,0.0,4,5.0,normal,490.0,490.0,490.0,560.0,560.0,forecast_cache,,0
2026-10-29,14:30,870,385.0,455.0,490.0,560.0,490.0,70.0,0.0,4,5.0,normal,560.0,490.0,490.0,560.0,560.0,forecast_cache,,0
2026-10-29,15:00,900,385.0,455.0,490.0,560.0,490.0,70.0,0.0,4,5.0,normal,560.0,560.0,490.0,560.0,560.0,forecast_cache,,0
2026-10-29,15:30,930,385.0,455.0,490.0,560.0,490.0,70.0,0.0,4,5.0,normal,560.0,560.0,560.0,560.0,490.0,forecast_cache,,0
2026-10-29,16:00,960,385.0,455.0,490.0,560.0,490.0,70.0,0.0,4,5.0,normal,560.0,560.0,560.0,490.0,490.0,forecast_cache,,0
2026-10-29,16:30,990,385.0,455.0,490.0,560.0,490.0,70.0,0.0,4,5.0,normal,490.0,560.0,560.0,490.0,490.0,forecast_cache,,0
2026-10-29,17:00,1020,385.0,455.0,490.0,560.0,490.0,70.0,0.0,4,5.0,normal,490.0,490.0,560.0,490.0,70.0,forecast_cache,,0
2026-10-29,17:30,1050,385.0,455.0,490.0,560.0,490.0,70.0,0.0,4,5.0,normal,490.0,490.0,490.0,70.0,70.0,forecast_cache,,0
2026-10-29,18:00,1080,385.0,455.0,490.0,560.0,490.0,70.0,0.0,4,5.0,normal,70.0,490.0,490.0,70.0,70.0,forecast_cache,,0
2026-10-29,18:30,1110,385.0,455.0,490.0,560.0,490.0,70.0,0.0,4,5.0,normal,70.0,70.0,490.0,70.0,0.0,forecast_cache,,0
2026-10-29,19:00,1140,385.0,455.0,490.0,560.0,490.0,70.0,0.0,4,5.0,normal,70.0,70.0,70.0,0.0,0.0,forecast_cache,,0
2026-10-29,19:30,1170,385.0,455.0,490.0,560.0,490.0,70.0,0.0,4,5.0,normal,0.0,70.0,70.0,0.0,0.0,forecast_cache,,0
2026-10-29,20:00,1200,385.0,455.0,490.0,560.0,490.0,70.0,0.0,4,5.0,normal,0.0,0.0,70.0,0.0,0.0,forecast_cache,,0
2026-10-29,20:30,1230,385.0,455.0,490.0,560.0,490.0,70.0,0.0,4,5.0,normal,0.0,0.0,0.0,0.0,0.0,forecast_cache,,0
2026-10-29,21:00,1260,385.0,455.0,490.0,560.0,490.0,70.0,0.0,4,5.0,normal,0.0,0.0,0.0,0.0,0.0,forecast_cache,,0
2026-10-29,21:30,1290,385.0,455.0,490.0,560.0,490.0,70.0,0.0,4,5.0,normal,0.0,0.0,0.0,0.0,0.0,forecast_cache,,0
2026-10-30,07:00,420,420.0,420.0,455.0,560.0,385.0,105.0,35.0,5,5.0,normal,0.0,0.0,0.0,0.0,0.0,forecast_cache,,0
2026-10-30,07:30,450,420.0,420.0,455.0,560.0,385.0,105.0,35.0,5,5.0,normal,0.0,0.0,0.0,0.0,0.0,forecast_cache,,0
2026-10-30,08:00,480,420.0,420.0,455.0,560.0,385.0,105.0,35.0,5,5.0,normal,0.0,0.0,0.0,0.0,0.0,forecast_cache,,0
2026-10-30,08:30,510,420.0,420.0,455.0,560.0,385.0,105.0,35.0,5,5.0,normal,0.0,0.0,0.0,0.0,420.0,forecast_cache,,0
2026-10-30,09:00,540,420.0,420.0,455.0,560.0,385.0,105.0,35.0,5,5.0,normal,0.0,0.0,0.0,420.0,420.0,forecast_cache,,0
2026-10-30,09:30,570,420.0,420.0,455.0,560.0,385.0,105.0,35.0,5,5.0,normal,420.0,0.0,0.0,420.0,420.0,forecast_cache,,0
2026-10-30,10:00,600,420.0,420.0,455.0,560.0,385.0,105.0,35.0,5,5.0,normal,420.0,420.0,0.0,420.0,420.0,forecast_cache,,0
2026-10-30,10:30,630,420.0,420.0,455.0,560.0,385.0,105.0,35.0,5,5.0,normal,420.0,420.0,420.0,420.0,420.0,forecast_cache,,0
2026-10-30,11:00,660,420.0,420.0,455.0,560.0,385.0,105.0,35.0,5,5.0,normal,420.0,420.0,420.0,420.0,420.0,forecast_cache,,0
2026-10-30,11:30,690,420.0,420.0,455.0,560.0,385.0,105.0,35.0,5,5.0,normal,420.0,420.0,420.0,420.0,0.0,forecast_cache,,0
2026-10-30,12:00,720,420.0,420.0,455.0,560.0,385.0,105.0,35.0,5,5.0,normal,420.0,420.0,420.0,0.0,455.0,forecast_cache,,0
2026-10-30,12:30,750,420.0,420.0,455.0,560.0,385.0,105.0,35.0,5,5.0,normal,0.0,420.0,420.0,455.0,455.0,forecast_cache,,0
2026-10-30,13:00,780,420.0,420.0,455.0,560.0,385.0,105.0,35.0,5,5.0,normal,455.0,0.0,420.0,455.0,455.0,forecast_cache,,0
2026-10-30,13:30,810,420.0,420.0,455.0,560.0,385.0,105.0,35.0,5,5.0,normal,455.0,455.0,0.0,455.0,560.0,forecast_cache,,0
2026-10-30,14:00,840,420.0,420.0,455.0,560.0,385.0,105.0,35.0,5,5.0,normal,455.0,455.0,455.0,560.0,560.0,forecast_cache,,0
2026-10-30,14:30,870,420.0,420.0,455.0,560.0,385.0,105.0,35.0,5,5.0,normal,560.0,455.0,455.0,560.0,560.0,forecast_cache,,0
2026-10-30,15:00,900,420.0,420.0,455.0,560.0,385.0,105.0,35.0,5,5.0,normal,560.0,560.0,455.0,560.0,560.0,forecast_cache,,0
2026-10-30,15:30,930,420.0,420.0,455.0,560.0,385.0,105.0,35.0,5,5.0,normal,560.0,560.0,560.0,560.0,385.0,forecast_cache,,0
2026-10-30,16:00,960,420.0,420.0,455.0,560.0,385.0,105.0,35.0,5,5.0,normal,560.0,560.0,560.0,385.0,385.0,forecast_cache,,0
2026-10-30,16:30,990,420.0,420.0,455.0,560.0,385.0,105.0,35.0,5,5.0,normal,385.0,560.0,560.0,385.0,385.0,forecast_cache,,0
2026-10-30,17:00,1020,420.0,420.0,455.0,560.0,385.0,105.0,35.0,5,5.0,normal,385.0,385.0,560.0,385.0,105.0,forecast_cache,,0
2026-10-30,17:30,1050,420.0,420.0,455.0,560.0,385.0,105.0,35.0,5,5.0,normal,385.0,385.0,385.0,105.0,105.0,forecast_cache,,0
2026-10-30,18:00,1080,420.0,420.0,455.0,560.0,385.0,105.0,35.0,5,5.0,normal,105.0,385.0,385.0,105.0,105.0,forecast_cache,,0
2026-10-30,18:30,1110,420.0,420.0,455.0,560.0,385.0,105.0,35.0,5,5.0,normal,105.0,105.0,385.0,105.0,0.0,forecast_cache,,0
2026-10-30,19:00,1140,420.0,420.0,455.0,560.0,385.0,105.0,35.0,5,5.0,normal,105.0,105.0,105.0,0.0,35.0,forecast_cache,,0
2026-10-30,19:30,1170,420.0,420.0,455.0,560.0,385.0,105.0,35.0,5,5.0,normal,0.0,105.0,105.0,35.0,35.0,forecast_cache,,0
2026-10-30,20:00,1200,420.0,420.0,455.0,560.0,385.0,105.0,35.0,5,5.0,normal,35.0,0.0,105.0,35.0,35.0,forecast_cache,,0
2026-10-30,20:30,1230,420.0,420.0,455.0,560.0,385.0,105.0,35.0,5,5.0,normal,35.0,35.0,0.0,35.0,0.0,forecast_cache,,0
2026-10-30,21:00,1260,420.0,420.0,455.0,560.0,385.0,105.0,35.0,5,5.0,normal,35.0,35.0,35.0,0.0,0.0,forecast_cache,,0
2026-10-30,21:30,1290,420.0,420.0,455.0,560.0,385.0,105.0,35.0,5,5.0,normal,0.0,35.0,35.0,0.0,0.0,forecast_cache,,0
2026-10-31,07:00,420,0.0,0.0,0.0,0.0,0.0,0.0,0.0,6,,closed,0.0,0.0,0.0,0.0,0.0,forecast_cache,,0
2026-10-31,07:30,450,0.0,0.0,0.0,0.0,0.0,0.0,0.0,6,,closed,0.0,0.0,0.0,0.0,0.0,forecast_cache,,0
2026-10-31,08:00,480,0.0,0.0,0.0,0.0,0.0,0.0,0.0,6,,closed,0.0,0.0,0.0,0.0,0.0,forecast_cache,,0
2026-10-31,08:30,510,0.0,0.0,0.0,0.0,0.0,0.0,0.0,6,,closed,0.0,0.0,0.0,0.0,0.0,forecast_cache,,0
2026-10-31,09:00,540,0.0,0.0,0.0,0.0,0.0,0.0,0.0,6,,closed,0.0,0.0,0.0,0.0,0.0,forecast_cache,,0
2026-10-31,09:30,570,0.0,0.0,0.0,0.0,0.0,0.0,0.0,6,,closed,0.0,0.0,0.0,0.0,0.0,forecast_cache,,0
2026-10-31,10:00,600,0.0,0.0,0.0,0.0,0.0,0.0,0.0,6,,closed,0.0,0.0,0.0,0.0,0.0,forecast_cache,,0
2026-10-31,10:30,630,0.0,0.0,0.0,0.0,0.0,0.0,0.0,6,,closed,0.0,0.0,0.0,0.0,0.0,forecast_cache,,0
2026-10-31,11:00,660,0.0,0.0,0.0,0.0,0.0,0.0,0.0,6,,closed,0.0,0.0,0.0,0.0,0.0,forecast_cache,,0
2026-10-31,11:30,690,0.0,0.0,0.0,0.0,0.0,0.0,0.0,6,,closed,0.0,0.0,0.0,0.0,0.0,forecast_cache,,0
2026-10-31,12:00,720,0.0,0.0,0.0,0.0,0.0,0.0,0.0,6,,closed,0.0,0.0,0.0,0.0,0.0,forecast_cache,,0
2026-10-31,12:30,750,0.0,0.0,0.0,0.0,0.0,0.0,0.0,6,,closed,0.0,0.0,0.0,0.0,0.0,forecast_cache,,0
2026-10-31,13:00,780,0.0,0.0,0.0,0.0,0.0,0.0,0.0,6,,closed,0.0,0.0,0.0,0.0,0.0,forecast_cache,,0
2026-10-31,13:30,810,0.0,0.0,0.0,0.0,0.0,0.0,0.0,6,,closed,0.0,0.0,0.0,0.0,0.0,forecast_cache,,0
2026-10-31,14:00,840,0.0,0.0,0.0,0.0,0.0,0.0,0.0,6,,closed,0.0,0.0,0.0,0.0,0.0,forecast_cache,,0
2026-10-31,14:30,870,0.0,0.0,0.0,0.0,0.0,0.0,0.0,6,,closed,0.0,0.0,0.0,0.0,0.0,forecast_cache,,0
2026-10-31,15:00,900,0.0,0.0,0.0,0.0,0.0,0.0,0.0,6,,closed,0.0,0.0,0.0,0.0,0.0,forecast_cache,,0
2026-10-31,15:30,930,0.0,0.0,0.0,0.0,0.0,0.0,0.0,6,,closed,0.0,0.0,0.0,0.0,0.0,forecast_cache,,0
2026-10-31,16:00,960,0.0,0.0,0.0,0.0,0.0,0.0,0.0,6,,closed,0.0,0.0,0.0,0.0,0.0,forecast_cache,,0
2026-10-31,16:30,990,0.0,0.0,0.0,0.0,0.0,0.0,0.0,6,,closed,0.0,0.0,0.0,0.0,0.0,forecast_cache,,0
2026-10-31,17:00,1020,0.0,0.0,0.0,0.0,0.0,0.0,0.0,6,,closed,0.0,0.0,0.0,0.0,0.0,forecast_cache,,0
2026-10-31,17:30,1050,0.0,0.0,0.0,0.0,0.0,0.0,0.0,6,,closed,0.0,0.0,0.0,0.0,0.0,forecast_cache,,0
2026-10-31,18:00,1080,0.0,0.0,0.0,0.0,0.0,0.0,0.0,6,,closed,0.0,0.0,0.0,0.0,0.0,forecast_cache,,0
2026-10-31,18:30,1110,0.0,0.0,0.0,0.0,0.0,0.0,0.0,6,,closed,0.0,0.0,0.0,0.0,0.0,forecast_cache,,0
2026-10-31,19:00,1140,0.0,0.0,0.0,0.0,0.0,0.0,0.0,6,,closed,0.0,0.0,0.0,0.0,0.0,forecast_cache,,0
2026-10-31,19:30,1170,0.0,0.0,0.0,0.0,0.0,0.0,0.0,6,,closed,0.0,0.0,0.0,0.0,0.0,forecast_cache,,0
2026-10-31,20:00,1200,0.0,0.0,0.0,0.0,0.0,0.0,0.0,6,,closed,0.0,0.0,0.0,0.0,0.0,forecast_cache,,0
2026-10-31,20:30,1230,0.0,0.0,0.0,0.0,0.0,0.0,0.0,6,,closed,0.0,0.0,0.0,0.0,0.0,forecast_cache,,0
2026-10-31,21:00,1260,0.0,0.0,0.0,0.0,0.0,0.0,0.0,6,,closed,0.0,0.0,0.0,0.0,0.0,forecast_cache,,0
2026-10-31,21:30,1290,0.0,0.0,0.0,0.0,0.0,0.0,0.0,6,,closed,0.0,0.0,0.0,0.0,0.0,forecast_cache,,0
