measured_at,building_key,client_count
2026-07-09T08:25:00.000Z,delta,79
2026-07-09T08:30:00.000Z,delta,79
2026-07-09T08:35:00.000Z,delta,78
2026-07-09T08:40:00.000Z,delta,72
2026-07-09T08:45:00.000Z,delta,72
2026-07-09T08:50:00.000Z,delta,77
2026-07-09T08:55:00.000Z,delta,74
2026-07-09T09:00:00.000Z,delta,73
2026-07-09T09:05:00.000Z,delta,71
2026-07-09T09:10:00.000Z,delta,70
2026-07-09T09:15:00.000Z,delta,69
2026-07-09T09:20:00.000Z,delta,67
2026-07-09T09:25:00.000Z,delta,65
2026-07-09T09:30:00.000Z,delta,64
2026-07-09T09:35:00.000Z,delta,64
2026-07-09T09:40:00.000Z,delta,62
2026-07-09T09:45:00.000Z,delta,59
2026-07-09T09:50:00.000Z,delta,58
2026-07-09T09:55:00.000Z,delta,58
2026-07-09T10:00:00.000Z,delta,53
2026-07-09T10:05:00.000Z,delta,56
2026-07-09T10:10:00.000Z,delta,53
2026-07-09T10:15:00.000Z,delta,53
2026-07-09T10:20:00.000Z,delta,53
2026-07-09T10:25:00.000Z,delta,57
2026-07-09T10:30:00.000Z,delta,56
2026-07-09T10:35:00.000Z,delta,56
2026-07-09T10:40:00.000Z,delta,55
2026-07-09T10:45:00.000Z,delta,54
2026-07-09T10:50:00.000Z,delta,54
2026-07-09T10:55:00.000Z,delta,50
2026-07-09T11:00:00.000Z,delta,51
2026-07-09T11:05:00.000Z,delta,45
2026-07-09T11:10:00.000Z,delta,43
2026-07-09T11:15:00.000Z,delta,43
2026-07-09T11:20:00.000Z,delta,43
2026-07-09T11:25:00.000Z,delta,42
2026-07-09T11:30:00.000Z,delta,42
2026-07-09T11:35:00.000Z,delta,42
2026-07-09T11:40:00.000Z,delta,34
2026-07-09T11:45:00.000Z,delta,34
2026-07-09T11:50:00.000Z,delta,34
2026-07-09T11:55:00.000Z,delta,34
2026-07-09T12:00:00.000Z,delta,34
2026-07-09T12:05:00.000Z,delta,33
2026-07-09T12:10:00.000Z,delta,32
2026-07-09T12:15:00.000Z,delta,32
2026-07-09T12:20:00.000Z,delta,32
2026-07-09T12:25:00.000Z,delta,31
2026-07-09T12:30:00.000Z,delta,31
2026-07-09T12:35:00.000Z,delta,31
2026-07-09T12:40:00.000Z,delta,31
2026-07-09T12:45:00.000Z,delta,31
2026-07-09T12:50:00.000Z,delta,31
2026-07-09T12:55:00.000Z,delta,31
2026-07-09T13:00:00.000Z,delta,31
2026-07-09T13:05:00.000Z,delta,31
2026-07-09T13:10:00.000Z,delta,30
2026-07-09T13:15:00.000Z,delta,29
2026-07-09T13:20:00.000Z,delta,29
2026-07-09T13:25:00.000Z,delta,29
2026-07-09T13:30:00.000Z,delta,29
2026-07-09T13:35:00.000Z,delta,29
2026-07-09T13:40:00.000Z,delta,29
2026-07-09T13:45:00.000Z,delta,29
2026-07-09T13:50:00.000Z,delta,30
2026-07-09T13:55:00.000Z,delta,30
2026-07-09T14:00:00.000Z,delta,30
2026-07-09T14:05:00.000Z,delta,29
2026-07-09T14:10:00.000Z,delta,29
2026-07-09T14:15:00.000Z,delta,29
2026-07-09T14:20:00.000Z,delta,29
2026-07-09T14:25:00.000Z,delta,29
2026-07-09T14:30:00.000Z,delta,29
2026-07-09T14:35:00.000Z,delta,29
2026-07-09T14:40:00.000Z,delta,29
2026-07-09T14:45:00.000Z,delta,29
2026-07-09T14:50:00.000Z,delta,29
2026-07-09T14:55:00.000Z,delta,29
2026-07-09T15:00:00.000Z,delta,29
2026-07-09T15:05:00.000Z,delta,29
2026-07-09T15:10:00.000Z,delta,29
2026-07-09T15:15:00.000Z,delta,29
2026-07-09T15:20:00.000Z,delta,29
2026-07-09T15:25:00.000Z,delta,29
2026-07-09T15:30:00.000Z,delta,29
2026-07-09T15:35:00.000Z,delta,29
2026-07-09T15:40:00.000Z,delta,29
2026-07-09T15:45:00.000Z,delta,29
2026-07-09T15:50:00.000Z,delta,29
2026-07-09T15:55:00.000Z,delta,29
2026-07-09T16:00:00.000Z,delta,29
2026-07-09T16:05:00.000Z,delta,29
2026-07-09T16:10:00.000Z,delta,29
2026-07-09T16:15:00.000Z,delta,29
2026-07-09T16:20:00.000Z,delta,29
2026-07-09T16:25:00.000Z,delta,29
2026-07-09T16:30:00.000Z,delta,29
2026-07-09T16:35:00.000Z,delta,29
2026-07-09T16:40:00.000Z,delta,29
2026-07-09T16:45:00.000Z,delta,29
2026-07-09T16:50:00.000Z,delta,29
2026-07-09T16:55:00.000Z,delta,29
2026-07-09T17:00:00.000Z,delta,29
2026-07-09T17:05:00.000Z,delta,29
2026-07-09T17:10:00.000Z,delta,29
2026-07-09T17:15:00.000Z,delta,29
2026-07-09T17:20:00.000Z,delta,29
2026-07-09T17:25:00.000Z,delta,29
2026-07-09T17:30:00.000Z,delta,29
2026-07-09T17:35:00.000Z,delta,29
2026-07-09T17:40:00.000Z,delta,29
2026-07-09T17:45:00.000Z,delta,29
2026-07-09T17:50:00.000Z,delta,29
2026-07-09T17:55:00.000Z,delta,29
2026-07-09T18:00:00.000Z,delta,29
2026-07-09T18:05:00.000Z,delta,29
2026-07-09T18:10:00.000Z,delta,29
2026-07-09T18:15:00.000Z,delta,29
2026-07-09T18:20:00.000Z,delta,29
2026-07-09T18:25:00.000Z,delta,29
2026-07-09T18:30:00.000Z,delta,29
2026-07-09T18:35:00.000Z,delta,29
2026-07-09T18:40:00.000Z,delta,29
2026-07-09T18:45:00.000Z,delta,29
2026-07-09T18:50:00.000Z,delta,29
2026-07-09T18:55:00.000Z,delta,29
2026-07-09T19:00:00.000Z,delta,29
2026-07-09T19:05:00.000Z,delta,29
2026-07-09T19:10:00.000Z,delta,29
2026-07-09T19:15:00.000Z,delta,29
2026-07-09T19:20:00.000Z,delta,29
2026-07-09T19:25:00.000Z,delta,29
2026-07-09T19:30:00.000Z,delta,29
2026-07-09T19:35:00.000Z,delta,29
2026-07-09T19:40:00.000Z,delta,29
2026-07-09T19:45:00.000Z,delta,29
2026-07-09T19:50:00.000Z,delta,29
2026-07-09T19:55:00.000Z,delta,29
2026-07-09T20:00:00.000Z,delta,29
2026-07-09T20:05:00.000Z,delta,29
2026-07-09T20:10:00.000Z,delta,29
2026-07-09T20:15:00.000Z,delta,29
2026-07-09T20:20:00.000Z,delta,29
2026-07-09T20:25:00.000Z,delta,29
2026-07-09T20:30:00.000Z,delta,29
2026-07-09T20:35:00.000Z,delta,29
2026-07-09T20:40:00.000Z,delta,29
2026-07-09T20:45:00.000Z,delta,29
2026-07-09T20:50:00.000Z,delta,29
2026-07-09T20:55:00.000Z,delta,29
2026-07-09T21:00:00.000Z,delta,29
2026-07-09T21:05:00.000Z,delta,29
2026-07-09T21:10:00.000Z,delta,29
2026-07-09T21:15:00.000Z,delta,29
2026-07-09T21:20:00.000Z,delta,29
2026-07-09T21:25:00.000Z,delta,29
2026-07-09T21:30:00.000Z,delta,29
2026-07-09T21:35:00.000Z,delta,29
2026-07-09T21:40:00.000Z,delta,29
2026-07-09T21:45:00.000Z,delta,29
2026-07-09T21:50:00.000Z,delta,29
2026-07-09T21:55:00.000Z,delta,29
2026-07-09T22:00:00.000Z,delta,29
2026-07-09T22:05:00.000Z,delta,29
2026-07-09T22:10:00.000Z,delta,29
2026-07-09T22:15:00.000Z,delta,29
2026-07-09T22:20:00.000Z,delta,29
2026-07-09T22:25:00.000Z,delta,29
2026-07-09T22:30:00.000Z,delta,29
2026-07-09T22:35:00.000Z,delta,29
2026-07-09T22:40:00.000Z,delta,29
2026-07-09T22:45:00.000Z,delta,29
2026-07-09T22:50:00.000Z,delta,29
2026-07-09T22:55:00.000Z,delta,29
2026-07-09T23:00:00.000Z,delta,29
2026-07-09T23:05:00.000Z,delta,29
2026-07-09T23:10:00.000Z,delta,29
2026-07-09T23:15:00.000Z,delta,29
2026-07-09T23:20:00.000Z,delta,29
2026-07-09T23:25:00.000Z,delta,29
2026-07-09T23:30:00.000Z,delta,29
2026-07-09T23:35:00.000Z,delta,29
2026-07-09T23:40:00.000Z,delta,29
2026-07-09T23:45:00.000Z,delta,29
2026-07-09T23:50:00.000Z,delta,29
2026-07-09T23:55:00.000Z,delta,29
2026-07-10T00:00:00.000Z,delta,30
2026-07-10T00:05:00.000Z,delta,31
2026-07-10T00:10:00.000Z,delta,31
2026-07-10T00:15:00.000Z,delta,30
2026-07-10T00:20:00.000Z,delta,30
2026-07-10T00:25:00.000Z,delta,30
2026-07-10T00:30:00.000Z,delta,29
2026-07-10T00:35:00.000Z,delta,29
2026-07-10T00:40:00.000Z,delta,29
2026-07-10T00:45:00.000Z,delta,29
2026-07-10T00:50:00.000Z,delta,29
2026-07-10T00:55:00.000Z,delta,31
2026-07-10T01:00:00.000Z,delta,32
2026-07-10T01:05:00.000Z,delta,32
2026-07-10T01:10:00.000Z,delta,32
2026-07-10T01:15:00.000Z,delta,32
2026-07-10T01:20:00.000Z,delta,32
2026-07-10T01:25:00.000Z,delta,32
2026-07-10T01:30:00.000Z,delta,32
2026-07-10T01:35:00.000Z,delta,32
2026-07-10T01:40:00.000Z,delta,32
2026-07-10T01:45:00.000Z,delta,32
2026-07-10T01:50:00.000Z,delta,32
2026-07-10T01:55:00.000Z,delta,32
2026-07-10T02:00:00.000Z,delta,32
2026-07-10T02:05:00.000Z,delta,33
2026-07-10T02:10:00.000Z,delta,33
2026-07-10T02:15:00.000Z,delta,33
2026-07-10T02:20:00.000Z,delta,33
2026-07-10T02:25:00.000Z,delta,31
2026-07-10T02:30:00.000Z,delta,31
2026-07-10T02:35:00.000Z,delta,31
2026-07-10T02:40:00.000Z,delta,31
2026-07-10T02:45:00.000Z,delta,31
2026-07-10T02:50:00.000Z,delta,31
2026-07-10T02:55:00.000Z,delta,31
2026-07-10T03:00:00.000Z,delta,31
2026-07-10T03:05:00.000Z,delta,31
2026-07-10T03:10:00.000Z,delta,31
2026-07-10T03:15:00.000Z,delta,31
2026-07-10T03:20:00.000Z,delta,31
2026-07-10T03:25:00.000Z,delta,31
2026-07-10T03:30:00.000Z,delta,31
2026-07-10T03:35:00.000Z,delta,32
2026-07-10T03:40:00.000Z,delta,32
2026-07-10T03:45:00.000Z,delta,32
2026-07-10T03:50:00.000Z,delta,33
2026-07-10T03:55:00.000Z,delta,33
2026-07-10T04:00:00.000Z,delta,35
2026-07-10T04:05:00.000Z,delta,36
2026-07-10T04:10:00.000Z,delta,36
2026-07-10T04:15:00.000Z,delta,35
2026-07-10T04:20:00.000Z,delta,35
2026-07-10T04:25:00.000Z,delta,35
2026-07-10T04:30:00.000Z,delta,34
2026-07-10T04:35:00.000Z,delta,34
2026-07-10T04:40:00.000Z,delta,34
2026-07-10T04:45:00.000Z,delta,34
2026-07-10T04:50:00.000Z,delta,34
2026-07-10T04:55:00.000Z,delta,35
2026-07-10T05:00:00.000Z,delta,35
2026-07-10T05:05:00.000Z,delta,36
2026-07-10T05:10:00.000Z,delta,36
2026-07-10T05:15:00.000Z,delta,36
2026-07-10T05:20:00.000Z,delta,36
2026-07-10T05:25:00.000Z,delta,37
2026-07-10T05:30:00.000Z,delta,37
2026-07-10T05:35:00.000Z,delta,37
2026-07-10T05:40:00.000Z,delta,37
2026-07-10T05:45:00.000Z,delta,37
2026-07-10T05:50:00.000Z,delta,36
2026-07-10T05:55:00.000Z,delta,36
2026-07-10T06:00:00.000Z,delta,35
2026-07-10T06:05:00.000Z,delta,35
2026-07-10T06:10:00.000Z,delta,34
2026-07-10T06:15:00.000Z,delta,34
2026-07-10T06:20:00.000Z,delta,34
2026-07-10T06:25:00.000Z,delta,34
2026-07-10T06:30:00.000Z,delta,34
2026-07-10T06:35:00.000Z,delta,34
2026-07-10T06:40:00.000Z,delta,34
2026-07-10T06:45:00.000Z,delta,34
2026-07-10T06:50:00.000Z,delta,34
2026-07-10T06:55:00.000Z,delta,34
2026-07-10T07:00:00.000Z,delta,34
2026-07-10T07:05:00.000Z,delta,34
2026-07-10T07:10:00.000Z,delta,34
2026-07-10T07:15:00.000Z,delta,35
2026-07-10T07:20:00.000Z,delta,35
2026-07-10T07:25:00.000Z,delta,35
2026-07-10T07:30:00.000Z,delta,35
2026-07-10T07:35:00.000Z,delta,35
2026-07-10T07:40:00.000Z,delta,35
2026-07-10T07:45:00.000Z,delta,34
2026-07-10T07:50:00.000Z,delta,33
2026-07-10T07:55:00.000Z,delta,33
2026-07-10T08:00:00.000Z,delta,34
2026-07-10T08:05:00.000Z,delta,34
2026-07-10T08:10:00.000Z,delta,34
2026-07-10T08:15:00.000Z,delta,34
2026-07-10T08:20:00.000Z,delta,34
2026-07-10T08:25:00.000Z,delta,34
2026-07-10T08:30:00.000Z,delta,34
2026-07-10T08:35:00.000Z,delta,34
2026-07-10T08:40:00.000Z,delta,33
2026-07-10T08:45:00.000Z,delta,33
2026-07-10T08:50:00.000Z,delta,33
2026-07-10T08:55:00.000Z,delta,33
2026-07-10T09:00:00.000Z,delta,33
2026-07-10T09:05:00.000Z,delta,33
2026-07-10T09:10:00.000Z,delta,33
2026-07-10T09:15:00.000Z,delta,33
2026-07-10T09:20:00.000Z,delta,33
2026-07-10T09:25:00.000Z,delta,33
2026-07-10T09:30:00.000Z,delta,33
2026-07-10T09:35:00.000Z,delta,33
2026-07-10T09:40:00.000Z,delta,33
2026-07-10T09:45:00.000Z,delta,33
2026-07-10T09:50:00.000Z,delta,33
2026-07-10T09:55:00.000Z,delta,33
2026-07-10T10:00:00.000Z,delta,33
2026-07-10T10:05:00.000Z,delta,33
2026-07-10T10:10:00.000Z,delta,33
2026-07-10T10:15:00.000Z,delta,33
2026-07-10T10:20:00.000Z,delta,33
2026-07-10T10:25:00.000Z,delta,33
2026-07-10T10:30:00.000Z,delta,33
2026-07-10T10:35:00.000Z,delta,33
2026-07-10T10:40:00.000Z,delta,31
2026-07-10T10:45:00.000Z,delta,31
2026-07-10T10:50:00.000Z,delta,31
2026-07-10T10:55:00.000Z,delta,31
2026-07-10T11:00:00.000Z,delta,31
2026-07-10T11:05:00.000Z,delta,31
2026-07-10T11:10:00.000Z,delta,31
2026-07-10T11:15:00.000Z,delta,30
2026-07-10T11:20:00.000Z,delta,30
2026-07-10T11:25:00.000Z,delta,30
2026-07-10T11:30:00.000Z,delta,30
2026-07-10T11:35:00.000Z,delta,30
2026-07-10T11:40:00.000Z,delta,28
2026-07-10T11:45:00.000Z,delta,28
2026-07-10T11:50:00.000Z,delta,27
2026-07-10T11:55:00.000Z,delta,27
2026-07-10T12:00:00.000Z,delta,27
2026-07-10T12:05:00.000Z,delta,27
2026-07-10T12:10:00.000Z,delta,27
2026-07-10T12:15:00.000Z,delta,27
2026-07-10T12:20:00.000Z,delta,27
2026-07-10T12:25:00.000Z,delta,27
2026-07-10T12:30:00.000Z,delta,27
2026-07-10T12:35:00.000Z,delta,27
2026-07-10T12:40:00.000Z,delta,27
2026-07-10T12:45:00.000Z,delta,27
2026-07-10T12:50:00.000Z,delta,28
2026-07-10T12:55:00.000Z,delta,28
2026-07-10T13:00:00.000Z,delta,28
2026-07-10T13:05:00.000Z,delta,28
2026-07-10T13:10:00.000Z,delta,28
2026-07-10T13:15:00.000Z,delta,28
2026-07-10T13:20:00.000Z,delta,28
2026-07-10T13:25:00.000Z,delta,28
2026-07-10T13:30:00.000Z,delta,28
2026-07-10T13:35:00.000Z,delta,28
2026-07-10T13:40:00.000Z,delta,28
2026-07-10T13:45:00.000Z,delta,28
2026-07-10T13:50:00.000Z,delta,28
2026-07-10T13:55:00.000Z,delta,28
2026-07-10T14:00:00.000Z,delta,28
2026-07-10T14:05:00.000Z,delta,28
2026-07-10T14:10:00.000Z,delta,28
2026-07-10T14:15:00.000Z,delta,28
2026-07-10T14:20:00.000Z,delta,28
2026-07-10T14:25:00.000Z,delta,28
2026-07-10T14:30:00.000Z,delta,28
2026-07-10T14:35:00.000Z,delta,28
2026-07-10T14:40:00.000Z,delta,28
2026-07-10T14:45:00.000Z,delta,28
2026-07-10T14:50:00.000Z,delta,28
2026-07-10T14:55:00.000Z,delta,28
2026-07-10T15:00:00.000Z,delta,28
2026-07-10T15:05:00.000Z,delta,28
2026-07-10T15:10:00.000Z,delta,28
2026-07-10T15:15:00.000Z,delta,28
2026-07-10T15:20:00.000Z,delta,28
2026-07-10T15:25:00.000Z,delta,28
2026-07-10T15:30:00.000Z,delta,28
2026-07-10T15:35:00.000Z,delta,28
2026-07-10T15:40:00.000Z,delta,28
2026-07-10T15:45:00.000Z,delta,28
2026-07-10T15:50:00.000Z,delta,28
2026-07-10T15:55:00.000Z,delta,28
2026-07-10T16:00:00.000Z,delta,28
2026-07-10T16:05:00.000Z,delta,28
2026-07-10T16:10:00.000Z,delta,28
2026-07-10T16:15:00.000Z,delta,28
2026-07-10T16:20:00.000Z,delta,28
2026-07-10T16:25:00.000Z,delta,28
2026-07-10T16:30:00.000Z,delta,28
2026-07-10T16:35:00.000Z,delta,28
2026-07-10T16:40:00.000Z,delta,28
2026-07-10T16:45:00.000Z,delta,28
2026-07-10T16:50:00.000Z,delta,28
2026-07-10T16:55:00.000Z,delta,28
2026-07-10T17:00:00.000Z,delta,28
2026-07-10T17:05:00.000Z,delta,28
2026-07-10T17:10:00.000Z,delta,28
2026-07-10T17:15:00.000Z,delta,28
2026-07-10T17:20:00.000Z,delta,28
2026-07-10T17:25:00.000Z,delta,28
2026-07-10T17:30:00.000Z,delta,28
2026-07-10T17:35:00.000Z,delta,28
2026-07-10T17:40:00.000Z,delta,28
2026-07-10T17:45:00.000Z,delta,28
2026-07-10T17:50:00.000Z,delta,28
2026-07-10T17:55:00.000Z,delta,28
2026-07-10T18:00:00.000Z,delta,28
2026-07-10T18:05:00.000Z,delta,28
2026-07-10T18:10:00.000Z,delta,28
2026-07-10T18:15:00.000Z,delta,28
2026-07-10T18:20:00.000Z,delta,28
2026-07-10T18:25:00.000Z,delta,28
2026-07-10T18:30:00.000Z,delta,28
2026-07-10T18:35:00.000Z,delta,28
2026-07-10T18:40:00.000Z,delta,28
2026-07-10T18:45:00.000Z,delta,28
2026-07-10T18:50:00.000Z,delta,28
2026-07-10T18:55:00.000Z,delta,28
2026-07-10T19:00:00.000Z,delta,28
2026-07-10T19:05:00.000Z,delta,28
2026-07-10T19:10:00.000Z,delta,28
2026-07-10T19:15:00.000Z,delta,28
2026-07-10T19:20:00.000Z,delta,28
2026-07-10T19:25:00.000Z,delta,28
2026-07-10T19:30:00.000Z,delta,28
2026-07-10T19:35:00.000Z,delta,28
2026-07-10T19:40:00.000Z,delta,28
2026-07-10T19:45:00.000Z,delta,28
2026-07-10T19:50:00.000Z,delta,28
2026-07-10T19:55:00.000Z,delta,28
2026-07-10T20:00:00.000Z,delta,28
2026-07-10T20:05:00.000Z,delta,28
2026-07-10T20:10:00.000Z,delta,28
2026-07-10T20:15:00.000Z,delta,28
2026-07-10T20:20:00.000Z,delta,28
2026-07-10T20:25:00.000Z,delta,28
2026-07-10T20:30:00.000Z,delta,28
2026-07-10T20:35:00.000Z,delta,28
2026-07-10T20:40:00.000Z,delta,28
2026-07-10T20:45:00.000Z,delta,28
2026-07-10T20:50:00.000Z,delta,28
2026-07-10T20:55:00.000Z,delta,28
2026-07-10T21:00:00.000Z,delta,28
2026-07-10T21:05:00.000Z,delta,28
2026-07-10T21:10:00.000Z,delta,28
2026-07-10T21:15:00.000Z,delta,28
2026-07-10T21:20:00.000Z,delta,28
2026-07-10T21:25:00.000Z,delta,28
2026-07-10T21:30:00.000Z,delta,28
2026-07-10T21:35:00.000Z,delta,28
2026-07-10T21:40:00.000Z,delta,28
2026-07-10T21:45:00.000Z,delta,28
2026-07-10T21:50:00.000Z,delta,28
2026-07-10T21:55:00.000Z,delta,28
2026-07-10T22:00:00.000Z,delta,28
2026-07-10T22:05:00.000Z,delta,28
2026-07-10T22:10:00.000Z,delta,28
2026-07-10T22:15:00.000Z,delta,28
2026-07-10T22:20:00.000Z,delta,28
2026-07-10T22:25:00.000Z,delta,28
2026-07-10T22:30:00.000Z,delta,28
2026-07-10T22:35:00.000Z,delta,28
2026-07-10T22:40:00.000Z,delta,28
2026-07-10T22:45:00.000Z,delta,28
2026-07-10T22:50:00.000Z,delta,28
2026-07-10T22:55:00.000Z,delta,28
2026-07-10T23:00:00.000Z,delta,28
2026-07-10T23:05:00.000Z,delta,28
2026-07-10T23:10:00.000Z,delta,28
2026-07-10T23:15:00.000Z,delta,28
2026-07-10T23:20:00.000Z,delta,30
2026-07-10T23:25:00.000Z,delta,33
2026-07-10T23:30:00.000Z,delta,35
2026-07-10T23:35:00.000Z,delta,35
2026-07-10T23:40:00.000Z,delta,35
2026-07-10T23:45:00.000Z,delta,35
2026-07-10T23:50:00.000Z,delta,35
2026-07-10T23:55:00.000Z,delta,35
2026-07-11T00:00:00.000Z,delta,35
2026-07-11T00:05:00.000Z,delta,35
2026-07-11T00:10:00.000Z,delta,34
2026-07-11T00:15:00.000Z,delta,34
2026-07-11T00:20:00.000Z,delta,33
2026-07-11T00:25:00.000Z,delta,32
2026-07-11T00:30:00.000Z,delta,31
2026-07-11T00:35:00.000Z,delta,31
2026-07-11T00:40:00.000Z,delta,29
2026-07-11T00:45:00.000Z,delta,29
2026-07-11T00:50:00.000Z,delta,29
2026-07-11T00:55:00.000Z,delta,30
2026-07-11T01:00:00.000Z,delta,30
2026-07-11T01:05:00.000Z,delta,30
2026-07-11T01:10:00.000Z,delta,33
2026-07-11T01:15:00.000Z,delta,33
2026-07-11T01:20:00.000Z,delta,34
2026-07-11T01:25:00.000Z,delta,36
2026-07-11T01:30:00.000Z,delta,36
2026-07-11T01:35:00.000Z,delta,35
2026-07-11T01:40:00.000Z,delta,36
2026-07-11T01:45:00.000Z,delta,37
2026-07-11T01:50:00.000Z,delta,37
2026-07-11T01:55:00.000Z,delta,38
2026-07-11T02:00:00.000Z,delta,36
2026-07-11T02:05:00.000Z,delta,33
2026-07-11T02:10:00.000Z,delta,33
2026-07-11T02:15:00.000Z,delta,33
2026-07-11T02:20:00.000Z,delta,33
2026-07-11T02:25:00.000Z,delta,33
2026-07-11T02:30:00.000Z,delta,33
2026-07-11T02:35:00.000Z,delta,34
2026-07-11T02:40:00.000Z,delta,36
2026-07-11T02:45:00.000Z,delta,38
2026-07-11T02:50:00.000Z,delta,38
2026-07-11T02:55:00.000Z,delta,38
2026-07-11T03:00:00.000Z,delta,38
2026-07-11T03:05:00.000Z,delta,38
2026-07-11T03:10:00.000Z,delta,39
2026-07-11T03:15:00.000Z,delta,39
2026-07-11T03:20:00.000Z,delta,39
2026-07-11T03:25:00.000Z,delta,39
2026-07-11T03:30:00.000Z,delta,39
2026-07-11T03:35:00.000Z,delta,38
2026-07-11T03:40:00.000Z,delta,40
2026-07-11T03:45:00.000Z,delta,39
2026-07-11T03:50:00.000Z,delta,38
2026-07-11T03:55:00.000Z,delta,38
2026-07-11T04:00:00.000Z,delta,37
2026-07-11T04:05:00.000Z,delta,37
2026-07-11T04:10:00.000Z,delta,38
2026-07-11T04:15:00.000Z,delta,39
2026-07-11T04:20:00.000Z,delta,36
2026-07-11T04:25:00.000Z,delta,36
2026-07-11T04:30:00.000Z,delta,36
2026-07-11T04:35:00.000Z,delta,36
2026-07-11T04:40:00.000Z,delta,36
2026-07-11T04:45:00.000Z,delta,37
2026-07-11T04:50:00.000Z,delta,37
2026-07-11T04:55:00.000Z,delta,36
2026-07-11T05:00:00.000Z,delta,36
2026-07-11T05:05:00.000Z,delta,36
2026-07-11T05:15:00.000Z,delta,36
2026-07-12T02:15:00.000Z,delta,9
2026-07-12T02:20:00.000Z,delta,9
2026-07-12T02:25:00.000Z,delta,9
2026-07-12T02:30:00.000Z,delta,9
2026-07-12T02:35:00.000Z,delta,9
2026-07-12T02:40:00.000Z,delta,9
2026-07-12T02:45:00.000Z,delta,9
2026-07-12T02:50:00.000Z,delta,9
2026-07-12T02:55:00.000Z,delta,9
2026-07-12T03:00:00.000Z,delta,9
2026-07-12T03:05:00.000Z,delta,9
2026-07-12T03:10:00.000Z,delta,9
2026-07-12T03:15:00.000Z,delta,9
2026-07-12T03:20:00.000Z,delta,9
2026-07-12T03:25:00.000Z,delta,9
2026-07-12T03:30:00.000Z,delta,9
2026-07-12T03:35:00.000Z,delta,9
2026-07-12T03:40:00.000Z,delta,9
2026-07-12T03:45:00.000Z,delta,9
2026-07-12T03:50:00.000Z,delta,9
2026-07-12T03:55:00.000Z,delta,9
2026-07-12T04:00:00.000Z,delta,9
2026-07-12T04:05:00.000Z,delta,9
2026-07-12T04:10:00.000Z,delta,9
2026-07-12T04:15:00.000Z,delta,9
2026-07-12T04:20:00.000Z,delta,9
2026-07-12T04:25:00.000Z,delta,9
2026-07-12T04:30:00.000Z,delta,9
2026-07-12T04:35:00.000Z,delta,9
2026-07-12T04:40:00.000Z,delta,9
2026-07-12T04:45:00.000Z,delta,9
2026-07-12T04:50:00.000Z,delta,9
2026-07-12T04:55:00.000Z,delta,9
2026-07-12T05:00:00.000Z,delta,9
2026-07-12T05:05:00.000Z,delta,9
2026-07-12T05:10:00.000Z,delta,9
2026-07-12T05:15:00.000Z,delta,9
2026-07-12T05:20:00.000Z,delta,9
2026-07-12T05:25:00.000Z,delta,9
2026-07-12T05:30:00.000Z,delta,9
2026-07-12T05:35:00.000Z,delta,9
2026-07-12T05:40:00.000Z,delta,9
2026-07-12T05:45:00.000Z,delta,9
2026-07-12T05:50:00.000Z,delta,9
2026-07-12T05:55:00.000Z,delta,9
2026-07-12T06:00:00.000Z,delta,9
2026-07-12T06:05:00.000Z,delta,9
2026-07-12T06:10:00.000Z,delta,9
2026-07-12T06:15:00.000Z,delta,9
2026-07-12T06:20:00.000Z,delta,9
2026-07-12T06:25:00.000Z,delta,9
2026-07-12T06:30:00.000Z,delta,9
2026-07-12T06:35:00.000Z,delta,9
2026-07-12T06:40:00.000Z,delta,9
2026-07-12T06:45:00.000Z,delta,9
2026-07-12T06:50:00.000Z,delta,9
2026-07-12T06:55:00.000Z,delta,10
2026-07-12T07:00:00.000Z,delta,10
2026-07-12T07:05:00.000Z,delta,10
2026-07-12T07:10:00.000Z,delta,10
2026-07-12T07:15:00.000Z,delta,10
2026-07-12T07:20:00.000Z,delta,10
2026-07-12T07:25:00.000Z,delta,10
2026-07-12T07:30:00.000Z,delta,10
2026-07-12T07:35:00.000Z,delta,10
2026-07-12T07:40:00.000Z,delta,10
2026-07-12T07:45:00.000Z,delta,10
2026-07-12T07:50:00.000Z,delta,10
2026-07-12T07:55:00.000Z,delta,10
2026-07-12T08:00:00.000Z,delta,10
2026-07-12T08:05:00.000Z,delta,10
2026-07-12T08:10:00.000Z,delta,10
2026-07-12T08:15:00.000Z,delta,10
2026-07-12T08:20:00.000Z,delta,10
2026-07-12T08:25:00.000Z,delta,10
2026-07-12T08:30:00.000Z,delta,10
2026-07-12T08:35:00.000Z,delta,10
2026-07-12T08:40:00.000Z,delta,10
2026-07-12T08:45:00.000Z,delta,10
2026-07-12T08:50:00.000Z,delta,10
2026-07-12T08:55:00.000Z,delta,10
2026-07-12T09:00:00.000Z,delta,10
2026-07-12T09:05:00.000Z,delta,10
2026-07-12T09:10:00.000Z,delta,10
2026-07-12T09:15:00.000Z,delta,10
2026-07-12T09:20:00.000Z,delta,10
2026-07-12T09:25:00.000Z,delta,10
2026-07-12T09:30:00.000Z,delta,10
2026-07-12T09:35:00.000Z,delta,10
2026-07-12T09:40:00.000Z,delta,10
2026-07-12T09:45:00.000Z,delta,10
2026-07-12T09:50:00.000Z,delta,10
2026-07-12T09:55:00.000Z,delta,11
2026-07-12T10:00:00.000Z,delta,11
2026-07-12T10:05:00.000Z,delta,11
2026-07-12T10:10:00.000Z,delta,11
2026-07-12T10:15:00.000Z,delta,11
2026-07-12T10:20:00.000Z,delta,11
2026-07-12T10:25:00.000Z,delta,11
2026-07-12T10:30:00.000Z,delta,9
2026-07-12T10:35:00.000Z,delta,9
2026-07-12T10:40:00.000Z,delta,9
2026-07-12T10:45:00.000Z,delta,9
2026-07-12T10:50:00.000Z,delta,9
2026-07-12T10:55:00.000Z,delta,9
2026-07-12T11:00:00.000Z,delta,9
2026-07-12T11:05:00.000Z,delta,9
2026-07-12T11:10:00.000Z,delta,10
2026-07-12T11:15:00.000Z,delta,10
2026-07-12T11:20:00.000Z,delta,12
2026-07-12T11:25:00.000Z,delta,12
2026-07-12T11:30:00.000Z,delta,12
2026-07-12T11:35:00.000Z,delta,12
2026-07-12T11:40:00.000Z,delta,10
2026-07-12T11:45:00.000Z,delta,10
2026-07-12T11:50:00.000Z,delta,10
2026-07-12T11:55:00.000Z,delta,10
2026-07-12T12:00:00.000Z,delta,10
2026-07-12T12:05:00.000Z,delta,10
2026-07-12T12:10:00.000Z,delta,10
2026-07-12T12:15:00.000Z,delta,10
2026-07-12T12:20:00.000Z,delta,10
2026-07-12T12:25:00.000Z,delta,10
2026-07-12T12:30:00.000Z,delta,10
2026-07-12T12:35:00.000Z,delta,10
2026-07-12T12:40:00.000Z,delta,11
2026-07-12T12:45:00.000Z,delta,11
2026-07-12T12:50:00.000Z,delta,11
2026-07-12T12:55:00.000Z,delta,11
2026-07-12T13:00:00.000Z,delta,10
2026-07-12T13:05:00.000Z,delta,11
2026-07-12T13:10:00.000Z,delta,11
2026-07-12T13:15:00.000Z,delta,11
2026-07-12T13:20:00.000Z,delta,11
2026-07-12T13:25:00.000Z,delta,11
2026-07-12T13:30:00.000Z,delta,11
2026-07-12T13:35:00.000Z,delta,11
2026-07-12T13:40:00.000Z,delta,11
2026-07-12T13:45:00.000Z,delta,10
2026-07-12T13:50:00.000Z,delta,10
2026-07-12T13:55:00.000Z,delta,10
2026-07-12T14:00:00.000Z,delta,10
2026-07-12T14:05:00.000Z,delta,10
2026-07-12T14:10:00.000Z,delta,10
2026-07-12T14:15:00.000Z,delta,10
2026-07-12T14:20:00.000Z,delta,10
2026-07-12T14:25:00.000Z,delta,8
2026-07-12T14:30:00.000Z,delta,8
2026-07-12T14:35:00.000Z,delta,7
2026-07-12T14:40:00.000Z,delta,7
2026-07-12T14:45:00.000Z,delta,7
2026-07-12T14:50:00.000Z,delta,7
2026-07-12T14:55:00.000Z,delta,7
2026-07-12T15:00:00.000Z,delta,7
2026-07-12T15:05:00.000Z,delta,8
2026-07-12T15:10:00.000Z,delta,8
2026-07-12T15:15:00.000Z,delta,8
2026-07-12T15:20:00.000Z,delta,8
2026-07-12T15:25:00.000Z,delta,8
2026-07-12T15:30:00.000Z,delta,7
2026-07-12T15:35:00.000Z,delta,7
2026-07-12T15:40:00.000Z,delta,8
2026-07-12T15:45:00.000Z,delta,8
2026-07-12T15:50:00.000Z,delta,8
2026-07-12T15:55:00.000Z,delta,8
2026-07-12T16:00:00.000Z,delta,8
2026-07-12T16:05:00.000Z,delta,9
2026-07-12T16:10:00.000Z,delta,9
2026-07-12T16:15:00.000Z,delta,9
2026-07-12T16:20:00.000Z,delta,9
2026-07-12T16:25:00.000Z,delta,9
2026-07-12T16:30:00.000Z,delta,8
2026-07-12T16:35:00.000Z,delta,9
2026-07-12T16:40:00.000Z,delta,9
2026-07-12T16:45:00.000Z,delta,9
2026-07-12T16:50:00.000Z,delta,9
2026-07-12T16:55:00.000Z,delta,9
2026-07-12T17:00:00.000Z,delta,9
2026-07-12T17:05:00.000Z,delta,9
2026-07-12T17:10:00.000Z,delta,9
2026-07-12T17:15:00.000Z,delta,9
2026-07-12T17:20:00.000Z,delta,9
2026-07-12T17:25:00.000Z,delta,9
2026-07-12T17:30:00.000Z,delta,9
2026-07-12T17:35:00.000Z,delta,9
2026-07-12T17:40:00.000Z,delta,9
2026-07-12T17:45:00.000Z,delta,9
2026-07-12T17:50:00.000Z,delta,9
2026-07-12T17:55:00.000Z,delta,9
2026-07-12T18:00:00.000Z,delta,9
2026-07-12T18:05:00.000Z,delta,9
2026-07-12T18:10:00.000Z,delta,9
2026-07-12T18:15:00.000Z,delta,9
2026-07-12T18:20:00.000Z,delta,9
2026-07-12T18:25:00.000Z,delta,9
2026-07-12T18:30:00.000Z,delta,9
2026-07-12T18:35:00.000Z,delta,9
2026-07-12T18:40:00.000Z,delta,9
2026-07-12T18:45:00.000Z,delta,9
2026-07-12T18:50:00.000Z,delta,9
2026-07-12T18:55:00.000Z,delta,9
2026-07-12T19:00:00.000Z,delta,9
2026-07-12T19:05:00.000Z,delta,9
2026-07-12T19:10:00.000Z,delta,9
2026-07-12T19:15:00.000Z,delta,9
2026-07-12T19:20:00.000Z,delta,9
2026-07-12T19:25:00.000Z,delta,9
2026-07-12T19:30:00.000Z,delta,9
2026-07-12T19:35:00.000Z,delta,9
2026-07-12T19:40:00.000Z,delta,9
2026-07-12T19:45:00.000Z,delta,9
2026-07-12T19:50:00.000Z,delta,9
2026-07-12T19:55:00.000Z,delta,9
2026-07-12T20:00:00.000Z,delta,9
2026-07-12T20:05:00.000Z,delta,9
2026-07-12T20:10:00.000Z,delta,9
2026-07-12T20:15:00.000Z,delta,9
2026-07-12T20:20:00.000Z,delta,9
2026-07-12T20:25:00.000Z,delta,9
2026-07-12T20:30:00.000Z,delta,9
2026-07-12T20:35:00.000Z,delta,9
2026-07-12T20:40:00.000Z,delta,9
2026-07-12T20:45:00.000Z,delta,9
2026-07-12T20:50:00.000Z,delta,9
2026-07-12T20:55:00.000Z,delta,9
2026-07-12T21:00:00.000Z,delta,9
2026-07-12T21:05:00.000Z,delta,9
2026-07-12T21:10:00.000Z,delta,9
2026-07-12T21:15:00.000Z,delta,9
2026-07-12T21:20:00.000Z,delta,9
2026-07-12T21:25:00.000Z,delta,9
2026-07-12T21:30:00.000Z,delta,9
2026-07-12T21:35:00.000Z,delta,9
2026-07-12T21:40:00.000Z,delta,9
2026-07-12T21:45:00.000Z,delta,9
2026-07-12T21:50:00.000Z,delta,9
2026-07-12T21:55:00.000Z,delta,9
2026-07-12T22:00:00.000Z,delta,9
2026-07-12T22:05:00.000Z,delta,9
2026-07-12T22:10:00.000Z,delta,9
2026-07-12T22:15:00.000Z,delta,9
2026-07-12T22:20:00.000Z,delta,9
2026-07-12T22:25:00.000Z,delta,9
2026-07-12T22:30:00.000Z,delta,9
2026-07-12T22:35:00.000Z,delta,9
2026-07-12T22:40:00.000Z,delta,9
2026-07-12T22:45:00.000Z,delta,9
2026-07-12T22:50:00.000Z,delta,9
2026-07-12T22:55:00.000Z,delta,11
2026-07-12T23:00:00.000Z,delta,11
2026-07-12T23:05:00.000Z,delta,11
2026-07-12T23:10:00.000Z,delta,11
2026-07-12T23:15:00.000Z,delta,10
2026-07-12T23:20:00.000Z,delta,8
2026-07-12T23:25:00.000Z,delta,7
2026-07-12T23:30:00.000Z,delta,7
2026-07-12T23:35:00.000Z,delta,7
2026-07-12T23:40:00.000Z,delta,7
2026-07-12T23:45:00.000Z,delta,10
2026-07-12T23:50:00.000Z,delta,11
2026-07-12T23:55:00.000Z,delta,11
2026-07-13T00:00:00.000Z,delta,11
2026-07-13T00:05:00.000Z,delta,11
2026-07-13T00:10:00.000Z,delta,11
2026-07-13T00:15:00.000Z,delta,13
2026-07-13T00:20:00.000Z,delta,11
2026-07-13T00:25:00.000Z,delta,13
2026-07-13T00:30:00.000Z,delta,13
2026-07-13T00:35:00.000Z,delta,14
2026-07-13T00:40:00.000Z,delta,14
2026-07-13T00:45:00.000Z,delta,14
2026-07-13T00:50:00.000Z,delta,17
2026-07-13T00:55:00.000Z,delta,18
2026-07-13T01:00:00.000Z,delta,16
2026-07-13T01:05:00.000Z,delta,19
2026-07-13T01:10:00.000Z,delta,19
2026-07-13T01:15:00.000Z,delta,19
2026-07-13T01:20:00.000Z,delta,22
2026-07-13T01:25:00.000Z,delta,22
2026-07-13T01:30:00.000Z,delta,22
2026-07-13T01:35:00.000Z,delta,24
2026-07-13T01:40:00.000Z,delta,27
2026-07-13T01:45:00.000Z,delta,29
2026-07-13T01:50:00.000Z,delta,29
2026-07-13T01:55:00.000Z,delta,29
2026-07-13T02:00:00.000Z,delta,32
2026-07-13T02:05:00.000Z,delta,32
2026-07-13T02:10:00.000Z,delta,32
2026-07-13T02:15:00.000Z,delta,33
2026-07-13T02:20:00.000Z,delta,33
2026-07-13T02:25:00.000Z,delta,33
2026-07-13T02:30:00.000Z,delta,34
2026-07-13T02:35:00.000Z,delta,36
2026-07-13T02:40:00.000Z,delta,35
2026-07-13T02:45:00.000Z,delta,34
2026-07-13T02:50:00.000Z,delta,35
2026-07-13T02:55:00.000Z,delta,35
2026-07-13T03:00:00.000Z,delta,35
2026-07-13T03:05:00.000Z,delta,35
2026-07-13T03:10:00.000Z,delta,36
2026-07-13T03:15:00.000Z,delta,36
2026-07-13T03:20:00.000Z,delta,36
2026-07-13T03:25:00.000Z,delta,34
2026-07-13T03:30:00.000Z,delta,34
2026-07-13T03:35:00.000Z,delta,34
2026-07-13T03:40:00.000Z,delta,35
2026-07-13T03:45:00.000Z,delta,35
2026-07-13T03:50:00.000Z,delta,32
2026-07-13T03:55:00.000Z,delta,37
2026-07-13T04:00:00.000Z,delta,38
2026-07-13T04:05:00.000Z,delta,43
2026-07-13T04:10:00.000Z,delta,43
2026-07-13T04:15:00.000Z,delta,42
2026-07-13T04:20:00.000Z,delta,37
2026-07-13T04:25:00.000Z,delta,35
2026-07-13T04:30:00.000Z,delta,34
2026-07-13T04:35:00.000Z,delta,27
2026-07-13T04:40:00.000Z,delta,25
2026-07-13T04:45:00.000Z,delta,25
2026-07-13T04:50:00.000Z,delta,25
2026-07-13T04:55:00.000Z,delta,25
2026-07-13T05:00:00.000Z,delta,24
2026-07-13T05:05:00.000Z,delta,23
2026-07-13T05:10:00.000Z,delta,24
2026-07-13T05:15:00.000Z,delta,25
2026-07-13T05:20:00.000Z,delta,25
2026-07-13T05:25:00.000Z,delta,27
2026-07-13T05:30:00.000Z,delta,28
2026-07-13T05:35:00.000Z,delta,32
2026-07-13T05:40:00.000Z,delta,44
2026-07-13T05:45:00.000Z,delta,45
2026-07-13T05:50:00.000Z,delta,45
2026-07-13T05:55:00.000Z,delta,46
2026-07-13T06:00:00.000Z,delta,41
2026-07-13T06:05:00.000Z,delta,39
2026-07-13T06:10:00.000Z,delta,38
2026-07-13T06:15:00.000Z,delta,28
2026-07-13T06:20:00.000Z,delta,25
2026-07-13T06:25:00.000Z,delta,24
2026-07-13T06:30:00.000Z,delta,24
2026-07-13T06:35:00.000Z,delta,23
2026-07-13T06:40:00.000Z,delta,23
2026-07-13T06:45:00.000Z,delta,23
2026-07-13T06:50:00.000Z,delta,23
2026-07-13T06:55:00.000Z,delta,24
2026-07-13T07:00:00.000Z,delta,24
2026-07-13T07:05:00.000Z,delta,24
2026-07-13T07:10:00.000Z,delta,24
2026-07-13T07:15:00.000Z,delta,24
2026-07-13T07:20:00.000Z,delta,28
2026-07-13T07:25:00.000Z,delta,33
2026-07-13T07:30:00.000Z,delta,36
2026-07-13T07:35:00.000Z,delta,37
2026-07-13T07:40:00.000Z,delta,39
2026-07-13T07:45:00.000Z,delta,42
2026-07-13T07:50:00.000Z,delta,41
2026-07-13T07:55:00.000Z,delta,43
2026-07-13T08:00:00.000Z,delta,42
2026-07-13T08:05:00.000Z,delta,38
2026-07-13T08:10:00.000Z,delta,36
2026-07-13T08:15:00.000Z,delta,35
2026-07-13T08:20:00.000Z,delta,35
2026-07-13T08:25:00.000Z,delta,35
2026-07-13T08:30:00.000Z,delta,35
2026-07-13T08:35:00.000Z,delta,35
2026-07-13T08:40:00.000Z,delta,36
2026-07-13T08:45:00.000Z,delta,36
2026-07-13T08:50:00.000Z,delta,37
2026-07-13T08:55:00.000Z,delta,38
2026-07-13T09:00:00.000Z,delta,38
2026-07-13T09:05:00.000Z,delta,39
2026-07-13T09:10:00.000Z,delta,44
2026-07-13T09:15:00.000Z,delta,49
2026-07-13T09:20:00.000Z,delta,48
2026-07-13T09:25:00.000Z,delta,47
2026-07-13T09:30:00.000Z,delta,47
2026-07-13T09:35:00.000Z,delta,47
2026-07-13T09:40:00.000Z,delta,46
2026-07-13T09:45:00.000Z,delta,48
2026-07-13T09:50:00.000Z,delta,45
2026-07-13T09:55:00.000Z,delta,47
2026-07-13T10:00:00.000Z,delta,47
2026-07-13T10:05:00.000Z,delta,49
2026-07-13T10:10:00.000Z,delta,49
2026-07-13T10:15:00.000Z,delta,49
2026-07-13T10:20:00.000Z,delta,48
2026-07-13T10:25:00.000Z,delta,48
2026-07-13T10:30:00.000Z,delta,46
2026-07-13T10:35:00.000Z,delta,45
2026-07-13T10:40:00.000Z,delta,45
2026-07-13T10:45:00.000Z,delta,45
2026-07-13T10:50:00.000Z,delta,43
2026-07-13T10:55:00.000Z,delta,49
2026-07-13T11:00:00.000Z,delta,49
2026-07-13T11:05:00.000Z,delta,51
2026-07-13T11:10:00.000Z,delta,50
2026-07-13T11:15:00.000Z,delta,48
2026-07-13T11:20:00.000Z,delta,43
2026-07-13T11:25:00.000Z,delta,43
2026-07-13T11:30:00.000Z,delta,43
2026-07-13T11:35:00.000Z,delta,44
2026-07-13T11:40:00.000Z,delta,39
2026-07-13T11:45:00.000Z,delta,38
2026-07-13T11:50:00.000Z,delta,38
2026-07-13T11:55:00.000Z,delta,35
2026-07-13T12:00:00.000Z,delta,34
2026-07-13T12:05:00.000Z,delta,20
2026-07-13T12:10:00.000Z,delta,18
2026-07-13T12:15:00.000Z,delta,15
2026-07-13T12:20:00.000Z,delta,15
2026-07-13T12:25:00.000Z,delta,15
2026-07-13T12:30:00.000Z,delta,12
2026-07-13T12:35:00.000Z,delta,11
2026-07-13T12:40:00.000Z,delta,11
2026-07-13T12:45:00.000Z,delta,11
2026-07-13T12:50:00.000Z,delta,10
2026-07-13T12:55:00.000Z,delta,9
2026-07-13T13:00:00.000Z,delta,9
2026-07-13T13:05:00.000Z,delta,9
2026-07-13T13:10:00.000Z,delta,9
2026-07-13T13:15:00.000Z,delta,9
2026-07-13T13:20:00.000Z,delta,9
2026-07-13T13:25:00.000Z,delta,12
2026-07-13T13:30:00.000Z,delta,12
2026-07-13T13:35:00.000Z,delta,12
2026-07-13T13:40:00.000Z,delta,12
2026-07-13T13:45:00.000Z,delta,12
2026-07-13T13:50:00.000Z,delta,12
2026-07-13T13:55:00.000Z,delta,12
2026-07-13T14:00:00.000Z,delta,12
2026-07-13T14:05:00.000Z,delta,12
2026-07-13T14:10:00.000Z,delta,12
2026-07-13T14:15:00.000Z,delta,12
2026-07-13T14:20:00.000Z,delta,12
2026-07-13T14:25:00.000Z,delta,12
2026-07-13T14:30:00.000Z,delta,12
2026-07-13T14:35:00.000Z,delta,12
2026-07-13T14:40:00.000Z,delta,12
2026-07-13T14:45:00.000Z,delta,12
2026-07-13T14:50:00.000Z,delta,12
2026-07-13T14:55:00.000Z,delta,12
2026-07-13T15:00:00.000Z,delta,12
2026-07-13T15:05:00.000Z,delta,12
2026-07-13T15:10:00.000Z,delta,12
2026-07-13T15:15:00.000Z,delta,12
2026-07-13T15:20:00.000Z,delta,12
2026-07-13T15:25:00.000Z,delta,12
2026-07-13T15:30:00.000Z,delta,12
2026-07-13T15:35:00.000Z,delta,12
2026-07-13T15:40:00.000Z,delta,12
2026-07-13T15:45:00.000Z,delta,11
2026-07-13T15:50:00.000Z,delta,12
2026-07-13T15:55:00.000Z,delta,11
2026-07-13T16:00:00.000Z,delta,12
2026-07-13T16:05:00.000Z,delta,11
2026-07-13T16:10:00.000Z,delta,11
2026-07-13T16:15:00.000Z,delta,11
2026-07-13T16:20:00.000Z,delta,11
2026-07-13T16:25:00.000Z,delta,11
2026-07-13T16:30:00.000Z,delta,11
2026-07-13T16:35:00.000Z,delta,9
2026-07-13T16:40:00.000Z,delta,9
2026-07-13T16:45:00.000Z,delta,9
2026-07-13T16:50:00.000Z,delta,9
2026-07-13T16:55:00.000Z,delta,9
2026-07-13T17:00:00.000Z,delta,9
2026-07-13T17:05:00.000Z,delta,9
2026-07-13T17:10:00.000Z,delta,9
2026-07-13T17:15:00.000Z,delta,9
2026-07-13T17:20:00.000Z,delta,9
2026-07-13T17:25:00.000Z,delta,9
2026-07-13T17:30:00.000Z,delta,9
2026-07-13T17:35:00.000Z,delta,9
2026-07-13T17:40:00.000Z,delta,9
2026-07-13T17:45:00.000Z,delta,9
2026-07-13T17:50:00.000Z,delta,9
2026-07-13T17:55:00.000Z,delta,9
2026-07-13T18:00:00.000Z,delta,9
2026-07-13T18:05:00.000Z,delta,9
2026-07-13T18:10:00.000Z,delta,9
2026-07-13T18:15:00.000Z,delta,9
2026-07-13T18:20:00.000Z,delta,9
2026-07-13T18:25:00.000Z,delta,9
2026-07-13T18:30:00.000Z,delta,9
2026-07-13T18:35:00.000Z,delta,9
2026-07-13T18:40:00.000Z,delta,9
2026-07-13T18:45:00.000Z,delta,9
2026-07-13T18:50:00.000Z,delta,9
2026-07-13T18:55:00.000Z,delta,9
2026-07-13T19:00:00.000Z,delta,9
2026-07-13T19:05:00.000Z,delta,9
2026-07-13T19:10:00.000Z,delta,9
2026-07-13T19:15:00.000Z,delta,9
2026-07-13T19:20:00.000Z,delta,9
2026-07-13T19:25:00.000Z,delta,9
2026-07-13T19:30:00.000Z,delta,9
2026-07-13T19:35:00.000Z,delta,9
2026-07-13T19:40:00.000Z,delta,9
2026-07-13T19:45:00.000Z,delta,9
2026-07-13T19:50:00.000Z,delta,9
2026-07-13T19:55:00.000Z,delta,10
2026-07-13T20:00:00.000Z,delta,10
2026-07-13T20:05:00.000Z,delta,10
2026-07-13T20:10:00.000Z,delta,10
2026-07-13T20:15:00.000Z,delta,9
2026-07-13T20:20:00.000Z,delta,9
2026-07-13T20:25:00.000Z,delta,9
2026-07-13T20:30:00.000Z,delta,9
2026-07-13T20:35:00.000Z,delta,9
2026-07-13T20:40:00.000Z,delta,9
2026-07-13T20:45:00.000Z,delta,9
2026-07-13T20:50:00.000Z,delta,9
2026-07-13T20:55:00.000Z,delta,9
2026-07-13T21:00:00.000Z,delta,9
2026-07-13T21:05:00.000Z,delta,9
2026-07-13T21:10:00.000Z,delta,9
2026-07-13T21:15:00.000Z,delta,9
2026-07-13T21:20:00.000Z,delta,9
2026-07-13T21:25:00.000Z,delta,9
2026-07-13T21:30:00.000Z,delta,9
2026-07-13T21:35:00.000Z,delta,9
2026-07-13T21:40:00.000Z,delta,9
2026-07-13T21:45:00.000Z,delta,9
2026-07-13T21:50:00.000Z,delta,9
2026-07-13T21:55:00.000Z,delta,9
2026-07-13T22:00:00.000Z,delta,9
2026-07-13T22:05:00.000Z,delta,9
2026-07-13T22:10:00.000Z,delta,9
2026-07-13T22:15:00.000Z,delta,9
2026-07-13T22:20:00.000Z,delta,9
2026-07-13T22:25:00.000Z,delta,9
2026-07-13T22:30:00.000Z,delta,9
2026-07-13T22:35:00.000Z,delta,9
2026-07-13T22:40:00.000Z,delta,9
2026-07-13T22:45:00.000Z,delta,9
2026-07-13T22:50:00.000Z,delta,9
2026-07-13T22:55:00.000Z,delta,9
2026-07-13T23:00:00.000Z,delta,9
2026-07-13T23:05:00.000Z,delta,9
2026-07-13T23:10:00.000Z,delta,9
2026-07-13T23:15:00.000Z,delta,9
2026-07-13T23:20:00.000Z,delta,9
2026-07-13T23:25:00.000Z,delta,9
2026-07-13T23:30:00.000Z,delta,9
2026-07-13T23:35:00.000Z,delta,9
2026-07-13T23:40:00.000Z,delta,9
2026-07-13T23:45:00.000Z,delta,10
2026-07-13T23:50:00.000Z,delta,10
2026-07-13T23:55:00.000Z,delta,10
2026-07-14T00:00:00.000Z,delta,12
2026-07-14T00:05:00.000Z,delta,12
2026-07-14T00:10:00.000Z,delta,14
2026-07-14T00:15:00.000Z,delta,14
2026-07-14T00:20:00.000Z,delta,13
2026-07-14T00:25:00.000Z,delta,13
2026-07-14T00:30:00.000Z,delta,13
2026-07-14T00:35:00.000Z,delta,13
2026-07-14T00:40:00.000Z,delta,14
2026-07-14T00:45:00.000Z,delta,14
2026-07-14T00:50:00.000Z,delta,16
2026-07-14T00:55:00.000Z,delta,17
2026-07-14T01:00:00.000Z,delta,17
2026-07-14T01:05:00.000Z,delta,17
2026-07-14T01:10:00.000Z,delta,17
2026-07-14T01:15:00.000Z,delta,16
2026-07-14T01:20:00.000Z,delta,16
2026-07-14T01:25:00.000Z,delta,16
2026-07-14T01:30:00.000Z,delta,16
2026-07-14T01:35:00.000Z,delta,18
2026-07-14T01:40:00.000Z,delta,18
2026-07-14T01:45:00.000Z,delta,18
2026-07-14T01:50:00.000Z,delta,18
2026-07-14T01:55:00.000Z,delta,18
2026-07-14T02:00:00.000Z,delta,19
2026-07-14T02:05:00.000Z,delta,19
2026-07-14T02:10:00.000Z,delta,18
2026-07-14T02:15:00.000Z,delta,17
2026-07-14T02:20:00.000Z,delta,17
2026-07-14T02:25:00.000Z,delta,19
2026-07-14T02:30:00.000Z,delta,19
2026-07-14T02:35:00.000Z,delta,18
2026-07-14T02:40:00.000Z,delta,17
2026-07-14T02:45:00.000Z,delta,20
2026-07-14T02:50:00.000Z,delta,19
2026-07-14T02:55:00.000Z,delta,18
2026-07-14T03:00:00.000Z,delta,16
2026-07-14T03:05:00.000Z,delta,16
2026-07-14T03:10:00.000Z,delta,16
2026-07-14T03:15:00.000Z,delta,16
2026-07-14T03:20:00.000Z,delta,16
2026-07-14T03:25:00.000Z,delta,17
2026-07-14T03:30:00.000Z,delta,17
2026-07-14T03:35:00.000Z,delta,20
2026-07-14T03:40:00.000Z,delta,22
2026-07-14T03:45:00.000Z,delta,25
2026-07-14T03:50:00.000Z,delta,26
2026-07-14T03:55:00.000Z,delta,27
2026-07-14T04:00:00.000Z,delta,26
2026-07-14T04:05:00.000Z,delta,26
2026-07-14T04:10:00.000Z,delta,26
2026-07-14T04:15:00.000Z,delta,25
2026-07-14T04:20:00.000Z,delta,25
2026-07-14T04:25:00.000Z,delta,25
2026-07-14T04:30:00.000Z,delta,23
2026-07-14T04:35:00.000Z,delta,23
2026-07-14T04:40:00.000Z,delta,22
2026-07-14T04:45:00.000Z,delta,22
2026-07-14T04:50:00.000Z,delta,21
2026-07-14T04:55:00.000Z,delta,21
2026-07-14T05:00:00.000Z,delta,20
2026-07-14T05:05:00.000Z,delta,20
2026-07-14T05:10:00.000Z,delta,20
2026-07-14T05:15:00.000Z,delta,22
2026-07-14T05:20:00.000Z,delta,22
2026-07-14T05:25:00.000Z,delta,21
2026-07-14T05:30:00.000Z,delta,22
2026-07-14T05:35:00.000Z,delta,24
2026-07-14T05:40:00.000Z,delta,26
2026-07-14T05:45:00.000Z,delta,26
2026-07-14T05:50:00.000Z,delta,25
2026-07-14T05:55:00.000Z,delta,25
2026-07-14T06:00:00.000Z,delta,24
2026-07-14T06:05:00.000Z,delta,23
2026-07-14T06:10:00.000Z,delta,25
2026-07-14T06:15:00.000Z,delta,24
2026-07-14T06:20:00.000Z,delta,23
2026-07-14T06:25:00.000Z,delta,23
2026-07-14T06:30:00.000Z,delta,24
2026-07-14T06:35:00.000Z,delta,22
2026-07-14T06:40:00.000Z,delta,22
2026-07-14T06:45:00.000Z,delta,22
2026-07-14T06:50:00.000Z,delta,21
2026-07-14T06:55:00.000Z,delta,21
2026-07-14T07:00:00.000Z,delta,21
2026-07-14T07:05:00.000Z,delta,21
2026-07-14T07:10:00.000Z,delta,19
2026-07-14T07:15:00.000Z,delta,19
2026-07-14T07:20:00.000Z,delta,19
2026-07-14T07:25:00.000Z,delta,21
2026-07-14T07:30:00.000Z,delta,24
2026-07-14T07:35:00.000Z,delta,25
2026-07-14T07:40:00.000Z,delta,25
2026-07-14T07:45:00.000Z,delta,25
2026-07-14T07:50:00.000Z,delta,25
2026-07-14T07:55:00.000Z,delta,25
2026-07-14T08:00:00.000Z,delta,25
2026-07-14T08:05:00.000Z,delta,24
2026-07-14T08:10:00.000Z,delta,23
2026-07-14T08:15:00.000Z,delta,23
2026-07-14T08:20:00.000Z,delta,23
2026-07-14T08:25:00.000Z,delta,23
2026-07-14T08:30:00.000Z,delta,23
2026-07-14T08:35:00.000Z,delta,23
2026-07-14T08:40:00.000Z,delta,23
2026-07-14T08:45:00.000Z,delta,24
2026-07-14T08:50:00.000Z,delta,24
2026-07-14T08:55:00.000Z,delta,25
2026-07-14T09:00:00.000Z,delta,25
2026-07-14T09:05:00.000Z,delta,25
2026-07-14T09:10:00.000Z,delta,26
2026-07-14T09:15:00.000Z,delta,26
2026-07-14T09:20:00.000Z,delta,26
2026-07-14T09:25:00.000Z,delta,26
2026-07-14T09:30:00.000Z,delta,28
2026-07-14T09:35:00.000Z,delta,28
2026-07-14T09:40:00.000Z,delta,27
2026-07-14T09:45:00.000Z,delta,27
2026-07-14T09:50:00.000Z,delta,26
2026-07-14T09:55:00.000Z,delta,25
2026-07-14T10:00:00.000Z,delta,25
2026-07-14T10:05:00.000Z,delta,25
2026-07-14T10:10:00.000Z,delta,25
2026-07-14T10:15:00.000Z,delta,25
2026-07-14T10:20:00.000Z,delta,25
2026-07-14T10:25:00.000Z,delta,25
2026-07-14T10:30:00.000Z,delta,25
2026-07-14T10:35:00.000Z,delta,26
2026-07-14T10:40:00.000Z,delta,26
2026-07-14T10:45:00.000Z,delta,26
2026-07-14T10:50:00.000Z,delta,26
2026-07-14T10:55:00.000Z,delta,26
2026-07-14T11:00:00.000Z,delta,24
2026-07-14T11:05:00.000Z,delta,24
2026-07-14T11:10:00.000Z,delta,24
2026-07-14T11:15:00.000Z,delta,24
2026-07-14T11:20:00.000Z,delta,24
2026-07-14T11:25:00.000Z,delta,25
2026-07-14T11:30:00.000Z,delta,22
2026-07-14T11:35:00.000Z,delta,22
2026-07-14T11:40:00.000Z,delta,21
2026-07-14T11:45:00.000Z,delta,22
2026-07-14T11:50:00.000Z,delta,22
2026-07-14T11:55:00.000Z,delta,22
2026-07-14T12:00:00.000Z,delta,20
2026-07-14T12:05:00.000Z,delta,20
2026-07-14T12:10:00.000Z,delta,18
2026-07-14T12:15:00.000Z,delta,18
2026-07-14T12:20:00.000Z,delta,14
2026-07-14T12:25:00.000Z,delta,16
2026-07-14T12:30:00.000Z,delta,16
2026-07-14T12:35:00.000Z,delta,16
2026-07-14T12:40:00.000Z,delta,16
2026-07-14T12:45:00.000Z,delta,17
2026-07-14T12:50:00.000Z,delta,17
2026-07-14T12:55:00.000Z,delta,17
2026-07-14T13:00:00.000Z,delta,16
2026-07-14T13:05:00.000Z,delta,14
2026-07-14T13:10:00.000Z,delta,14
2026-07-14T13:15:00.000Z,delta,14
2026-07-14T13:20:00.000Z,delta,12
2026-07-14T13:25:00.000Z,delta,12
2026-07-14T13:30:00.000Z,delta,12
2026-07-14T13:35:00.000Z,delta,12
2026-07-14T13:40:00.000Z,delta,12
2026-07-14T13:45:00.000Z,delta,12
2026-07-14T13:50:00.000Z,delta,12
2026-07-14T13:55:00.000Z,delta,12
2026-07-14T14:00:00.000Z,delta,12
2026-07-14T14:05:00.000Z,delta,11
2026-07-14T14:10:00.000Z,delta,11
2026-07-14T14:15:00.000Z,delta,11
2026-07-14T14:20:00.000Z,delta,11
2026-07-14T14:25:00.000Z,delta,11
2026-07-14T14:30:00.000Z,delta,11
2026-07-14T14:35:00.000Z,delta,11
2026-07-14T14:40:00.000Z,delta,11
2026-07-14T14:45:00.000Z,delta,11
2026-07-14T14:50:00.000Z,delta,11
2026-07-14T14:55:00.000Z,delta,11
2026-07-14T15:00:00.000Z,delta,11
2026-07-14T15:05:00.000Z,delta,11
2026-07-14T15:10:00.000Z,delta,11
2026-07-14T15:15:00.000Z,delta,11
2026-07-14T15:20:00.000Z,delta,11
2026-07-14T15:25:00.000Z,delta,10
2026-07-14T15:30:00.000Z,delta,10
2026-07-14T15:35:00.000Z,delta,9
2026-07-14T15:40:00.000Z,delta,9
2026-07-14T15:45:00.000Z,delta,9
2026-07-14T15:50:00.000Z,delta,9
2026-07-14T15:55:00.000Z,delta,9
2026-07-14T16:00:00.000Z,delta,10
2026-07-14T16:05:00.000Z,delta,10
2026-07-14T16:10:00.000Z,delta,10
2026-07-14T16:15:00.000Z,delta,8
2026-07-14T16:20:00.000Z,delta,8
2026-07-14T16:25:00.000Z,delta,8
2026-07-14T16:30:00.000Z,delta,8
2026-07-14T16:35:00.000Z,delta,8
2026-07-14T16:40:00.000Z,delta,8
2026-07-14T16:45:00.000Z,delta,8
2026-07-14T16:50:00.000Z,delta,8
2026-07-14T16:55:00.000Z,delta,8
2026-07-14T17:00:00.000Z,delta,8
2026-07-14T17:05:00.000Z,delta,8
2026-07-14T17:10:00.000Z,delta,8
2026-07-14T17:15:00.000Z,delta,8
2026-07-14T17:20:00.000Z,delta,8
2026-07-14T17:25:00.000Z,delta,8
2026-07-14T17:30:00.000Z,delta,8
2026-07-14T17:35:00.000Z,delta,8
2026-07-14T17:40:00.000Z,delta,8
2026-07-14T17:45:00.000Z,delta,8
2026-07-14T17:50:00.000Z,delta,8
2026-07-14T17:55:00.000Z,delta,8
2026-07-14T18:00:00.000Z,delta,8
2026-07-14T18:05:00.000Z,delta,8
2026-07-14T18:10:00.000Z,delta,8
2026-07-14T18:15:00.000Z,delta,8
2026-07-14T18:20:00.000Z,delta,8
2026-07-14T18:25:00.000Z,delta,8
2026-07-14T18:30:00.000Z,delta,8
2026-07-14T18:35:00.000Z,delta,8
2026-07-14T18:40:00.000Z,delta,8
2026-07-14T18:45:00.000Z,delta,8
2026-07-14T18:50:00.000Z,delta,8
2026-07-14T18:55:00.000Z,delta,8
2026-07-14T19:00:00.000Z,delta,8
2026-07-14T19:05:00.000Z,delta,8
2026-07-14T19:10:00.000Z,delta,8
2026-07-14T19:15:00.000Z,delta,8
2026-07-14T19:20:00.000Z,delta,8
2026-07-14T19:25:00.000Z,delta,8
2026-07-14T19:30:00.000Z,delta,8
2026-07-14T19:35:00.000Z,delta,8
2026-07-14T19:40:00.000Z,delta,8
2026-07-14T19:45:00.000Z,delta,8
2026-07-14T19:50:00.000Z,delta,8
2026-07-14T19:55:00.000Z,delta,8
2026-07-14T20:00:00.000Z,delta,8
2026-07-14T20:05:00.000Z,delta,8
2026-07-14T20:10:00.000Z,delta,8
2026-07-14T20:15:00.000Z,delta,8
2026-07-14T20:20:00.000Z,delta,8
2026-07-14T20:25:00.000Z,delta,8
2026-07-14T20:30:00.000Z,delta,8
2026-07-14T20:35:00.000Z,delta,8
2026-07-14T20:40:00.000Z,delta,8
2026-07-14T20:45:00.000Z,delta,8
2026-07-14T20:50:00.000Z,delta,8
2026-07-14T20:55:00.000Z,delta,8
2026-07-14T21:00:00.000Z,delta,8
2026-07-14T21:05:00.000Z,delta,8
2026-07-14T21:10:00.000Z,delta,8
2026-07-14T21:15:00.000Z,delta,8
2026-07-14T21:20:00.000Z,delta,8
2026-07-14T21:25:00.000Z,delta,8
2026-07-14T21:30:00.000Z,delta,8
2026-07-14T21:35:00.000Z,delta,8
2026-07-14T21:40:00.000Z,delta,8
2026-07-14T21:45:00.000Z,delta,8
2026-07-14T21:50:00.000Z,delta,8
2026-07-14T21:55:00.000Z,delta,8
2026-07-14T22:00:00.000Z,delta,8
2026-07-14T22:05:00.000Z,delta,8
2026-07-14T22:10:00.000Z,delta,8
2026-07-14T22:15:00.000Z,delta,8
2026-07-14T22:20:00.000Z,delta,8
2026-07-14T22:25:00.000Z,delta,8
2026-07-14T22:30:00.000Z,delta,8
2026-07-14T22:35:00.000Z,delta,8
2026-07-14T22:40:00.000Z,delta,8
2026-07-14T22:45:00.000Z,delta,8
2026-07-14T22:50:00.000Z,delta,8
2026-07-14T22:55:00.000Z,delta,8
2026-07-14T23:00:00.000Z,delta,8
2026-07-14T23:05:00.000Z,delta,8
2026-07-14T23:10:00.000Z,delta,8
2026-07-14T23:15:00.000Z,delta,11
2026-07-14T23:20:00.000Z,delta,11
2026-07-14T23:25:00.000Z,delta,11
2026-07-14T23:30:00.000Z,delta,11
2026-07-14T23:35:00.000Z,delta,11
2026-07-14T23:40:00.000Z,delta,11
2026-07-14T23:45:00.000Z,delta,11
2026-07-14T23:50:00.000Z,delta,11
2026-07-14T23:55:00.000Z,delta,11
2026-07-15T00:00:00.000Z,delta,11
2026-07-15T00:05:00.000Z,delta,12
2026-07-15T00:10:00.000Z,delta,14
2026-07-15T00:15:00.000Z,delta,14
2026-07-15T00:20:00.000Z,delta,14
2026-07-15T00:25:00.000Z,delta,14
2026-07-15T00:30:00.000Z,delta,14
2026-07-15T00:35:00.000Z,delta,14
2026-07-15T00:40:00.000Z,delta,15
2026-07-15T00:45:00.000Z,delta,13
2026-07-15T00:50:00.000Z,delta,14
2026-07-15T00:55:00.000Z,delta,14
2026-07-15T01:00:00.000Z,delta,16
2026-07-15T01:05:00.000Z,delta,17
2026-07-15T01:10:00.000Z,delta,17
2026-07-15T01:15:00.000Z,delta,15
2026-07-15T01:20:00.000Z,delta,15
2026-07-15T01:25:00.000Z,delta,15
2026-07-15T01:30:00.000Z,delta,16
2026-07-15T01:35:00.000Z,delta,16
2026-07-15T01:40:00.000Z,delta,16
2026-07-15T01:45:00.000Z,delta,16
2026-07-15T01:50:00.000Z,delta,16
2026-07-15T01:55:00.000Z,delta,17
2026-07-15T02:00:00.000Z,delta,16
2026-07-15T02:05:00.000Z,delta,17
2026-07-15T02:10:00.000Z,delta,17
2026-07-15T02:15:00.000Z,delta,17
2026-07-15T02:20:00.000Z,delta,19
2026-07-15T02:25:00.000Z,delta,20
2026-07-15T02:30:00.000Z,delta,20
2026-07-15T02:35:00.000Z,delta,25
2026-07-15T02:40:00.000Z,delta,24
2026-07-15T02:45:00.000Z,delta,24
2026-07-15T02:50:00.000Z,delta,23
2026-07-15T02:55:00.000Z,delta,23
2026-07-15T03:00:00.000Z,delta,21
2026-07-15T03:05:00.000Z,delta,21
2026-07-15T03:10:00.000Z,delta,19
2026-07-15T03:15:00.000Z,delta,19
2026-07-15T03:20:00.000Z,delta,19
2026-07-15T03:25:00.000Z,delta,19
2026-07-15T03:30:00.000Z,delta,20
2026-07-15T03:35:00.000Z,delta,23
2026-07-15T03:40:00.000Z,delta,24
2026-07-15T03:45:00.000Z,delta,24
2026-07-15T03:50:00.000Z,delta,24
2026-07-15T03:55:00.000Z,delta,25
2026-07-15T04:00:00.000Z,delta,27
2026-07-15T04:05:00.000Z,delta,26
2026-07-15T04:10:00.000Z,delta,26
2026-07-15T04:15:00.000Z,delta,25
2026-07-15T04:20:00.000Z,delta,24
2026-07-15T04:25:00.000Z,delta,23
2026-07-15T04:30:00.000Z,delta,23
2026-07-15T04:35:00.000Z,delta,22
2026-07-15T04:40:00.000Z,delta,22
2026-07-15T04:45:00.000Z,delta,23
2026-07-15T04:50:00.000Z,delta,23
2026-07-15T04:55:00.000Z,delta,23
2026-07-15T05:00:00.000Z,delta,25
2026-07-15T05:05:00.000Z,delta,25
2026-07-15T05:10:00.000Z,delta,25
2026-07-15T05:15:00.000Z,delta,25
2026-07-15T05:20:00.000Z,delta,26
2026-07-15T05:25:00.000Z,delta,26
2026-07-15T05:30:00.000Z,delta,27
2026-07-15T05:35:00.000Z,delta,27
2026-07-15T05:40:00.000Z,delta,26
2026-07-15T05:45:00.000Z,delta,29
2026-07-15T05:50:00.000Z,delta,28
2026-07-15T05:55:00.000Z,delta,28
2026-07-15T06:00:00.000Z,delta,28
2026-07-15T06:05:00.000Z,delta,28
2026-07-15T06:10:00.000Z,delta,28
2026-07-15T06:15:00.000Z,delta,28
2026-07-15T06:20:00.000Z,delta,28
2026-07-15T06:25:00.000Z,delta,27
2026-07-15T06:30:00.000Z,delta,26
2026-07-15T06:35:00.000Z,delta,26
2026-07-15T06:40:00.000Z,delta,25
2026-07-15T06:45:00.000Z,delta,24
2026-07-15T06:50:00.000Z,delta,24
2026-07-15T06:55:00.000Z,delta,24
2026-07-15T07:00:00.000Z,delta,30
2026-07-15T07:05:00.000Z,delta,30
2026-07-15T07:10:00.000Z,delta,31
2026-07-15T07:15:00.000Z,delta,31
2026-07-15T07:20:00.000Z,delta,31
2026-07-15T07:25:00.000Z,delta,31
2026-07-15T07:30:00.000Z,delta,30
2026-07-15T07:35:00.000Z,delta,30
2026-07-15T07:40:00.000Z,delta,30
2026-07-15T07:45:00.000Z,delta,30
2026-07-15T07:50:00.000Z,delta,30
2026-07-15T07:55:00.000Z,delta,30
2026-07-15T08:00:00.000Z,delta,32
2026-07-15T08:05:00.000Z,delta,30
2026-07-15T08:10:00.000Z,delta,29
2026-07-15T08:15:00.000Z,delta,29
2026-07-15T08:20:00.000Z,delta,29
2026-07-15T08:25:00.000Z,delta,29
2026-07-15T08:30:00.000Z,delta,29
2026-07-15T08:35:00.000Z,delta,29
2026-07-15T08:40:00.000Z,delta,29
2026-07-15T08:45:00.000Z,delta,29
2026-07-15T08:50:00.000Z,delta,29
2026-07-15T08:55:00.000Z,delta,29
2026-07-15T09:00:00.000Z,delta,29
2026-07-15T09:05:00.000Z,delta,29
2026-07-15T09:10:00.000Z,delta,30
2026-07-15T09:15:00.000Z,delta,30
2026-07-15T09:20:00.000Z,delta,30
2026-07-15T09:25:00.000Z,delta,30
2026-07-15T09:30:00.000Z,delta,28
2026-07-15T09:35:00.000Z,delta,26
2026-07-15T09:40:00.000Z,delta,26
2026-07-15T09:45:00.000Z,delta,27
2026-07-15T09:50:00.000Z,delta,25
2026-07-15T09:55:00.000Z,delta,25
2026-07-15T10:00:00.000Z,delta,24
2026-07-15T10:05:00.000Z,delta,24
2026-07-15T10:10:00.000Z,delta,23
2026-07-15T10:15:00.000Z,delta,23
2026-07-15T10:20:00.000Z,delta,24
2026-07-15T10:25:00.000Z,delta,22
2026-07-15T10:30:00.000Z,delta,23
2026-07-15T10:35:00.000Z,delta,23
2026-07-15T10:40:00.000Z,delta,22
2026-07-15T10:45:00.000Z,delta,22
2026-07-15T10:50:00.000Z,delta,21
2026-07-15T10:55:00.000Z,delta,21
2026-07-15T11:00:00.000Z,delta,20
2026-07-15T11:05:00.000Z,delta,21
2026-07-15T11:10:00.000Z,delta,22
2026-07-15T11:15:00.000Z,delta,22
2026-07-15T11:20:00.000Z,delta,23
2026-07-15T11:25:00.000Z,delta,22
2026-07-15T11:30:00.000Z,delta,18
2026-07-15T11:35:00.000Z,delta,20
2026-07-15T11:40:00.000Z,delta,20
2026-07-15T11:45:00.000Z,delta,15
2026-07-15T11:50:00.000Z,delta,12
2026-07-15T11:55:00.000Z,delta,12
2026-07-15T12:00:00.000Z,delta,12
2026-07-15T12:05:00.000Z,delta,12
2026-07-15T12:10:00.000Z,delta,14
2026-07-15T12:15:00.000Z,delta,14
2026-07-15T12:20:00.000Z,delta,14
2026-07-15T12:25:00.000Z,delta,13
2026-07-15T12:30:00.000Z,delta,13
2026-07-15T12:35:00.000Z,delta,14
2026-07-15T12:40:00.000Z,delta,14
2026-07-15T12:45:00.000Z,delta,13
2026-07-15T12:50:00.000Z,delta,13
2026-07-15T12:55:00.000Z,delta,13
2026-07-15T13:00:00.000Z,delta,13
2026-07-15T13:05:00.000Z,delta,13
2026-07-15T13:10:00.000Z,delta,13
2026-07-15T13:15:00.000Z,delta,13
2026-07-15T13:20:00.000Z,delta,13
2026-07-15T13:25:00.000Z,delta,14
2026-07-15T13:30:00.000Z,delta,15
2026-07-15T13:35:00.000Z,delta,15
2026-07-15T13:40:00.000Z,delta,15
2026-07-15T13:45:00.000Z,delta,14
2026-07-15T13:50:00.000Z,delta,14
2026-07-15T13:55:00.000Z,delta,14
2026-07-15T14:00:00.000Z,delta,14
2026-07-15T14:05:00.000Z,delta,10
2026-07-15T14:10:00.000Z,delta,10
2026-07-15T14:15:00.000Z,delta,10
2026-07-15T14:20:00.000Z,delta,10
2026-07-15T14:25:00.000Z,delta,10
2026-07-15T14:30:00.000Z,delta,10
2026-07-15T14:35:00.000Z,delta,10
2026-07-15T14:40:00.000Z,delta,11
2026-07-15T14:45:00.000Z,delta,11
2026-07-15T14:50:00.000Z,delta,11
2026-07-15T14:55:00.000Z,delta,10
2026-07-15T15:00:00.000Z,delta,10
2026-07-15T15:05:00.000Z,delta,10
2026-07-15T15:10:00.000Z,delta,10
2026-07-15T15:15:00.000Z,delta,10
2026-07-15T15:20:00.000Z,delta,10
2026-07-15T15:25:00.000Z,delta,10
2026-07-15T15:30:00.000Z,delta,10
2026-07-15T15:35:00.000Z,delta,9
2026-07-15T15:40:00.000Z,delta,10
2026-07-15T15:45:00.000Z,delta,10
2026-07-15T15:50:00.000Z,delta,10
2026-07-15T15:55:00.000Z,delta,10
2026-07-15T16:00:00.000Z,delta,10
2026-07-15T16:05:00.000Z,delta,10
2026-07-15T16:10:00.000Z,delta,10
2026-07-15T16:15:00.000Z,delta,8
2026-07-15T16:20:00.000Z,delta,8
2026-07-15T16:25:00.000Z,delta,8
2026-07-15T16:30:00.000Z,delta,7
2026-07-15T16:35:00.000Z,delta,7
2026-07-15T16:40:00.000Z,delta,7
2026-07-15T16:45:00.000Z,delta,5
2026-07-15T16:50:00.000Z,delta,5
2026-07-15T16:55:00.000Z,delta,5
2026-07-15T17:00:00.000Z,delta,5
2026-07-15T17:05:00.000Z,delta,5
2026-07-15T17:10:00.000Z,delta,5
2026-07-15T17:15:00.000Z,delta,5
2026-07-15T17:20:00.000Z,delta,5
2026-07-15T17:25:00.000Z,delta,5
2026-07-15T17:30:00.000Z,delta,5
2026-07-15T17:35:00.000Z,delta,5
2026-07-15T17:40:00.000Z,delta,5
2026-07-15T17:45:00.000Z,delta,5
2026-07-15T17:50:00.000Z,delta,5
2026-07-15T17:55:00.000Z,delta,5
2026-07-15T18:00:00.000Z,delta,5
2026-07-15T18:05:00.000Z,delta,5
2026-07-15T18:10:00.000Z,delta,5
2026-07-15T18:15:00.000Z,delta,5
2026-07-15T18:20:00.000Z,delta,5
2026-07-15T18:25:00.000Z,delta,5
2026-07-15T18:30:00.000Z,delta,5
2026-07-15T18:35:00.000Z,delta,5
2026-07-15T18:40:00.000Z,delta,5
2026-07-15T18:45:00.000Z,delta,5
2026-07-15T18:50:00.000Z,delta,5
2026-07-15T18:55:00.000Z,delta,5
2026-07-15T19:00:00.000Z,delta,5
2026-07-15T19:05:00.000Z,delta,5
2026-07-15T19:10:00.000Z,delta,5
2026-07-15T19:15:00.000Z,delta,5
2026-07-15T19:20:00.000Z,delta,5
2026-07-15T19:25:00.000Z,delta,5
2026-07-15T19:30:00.000Z,delta,5
2026-07-15T19:35:00.000Z,delta,5
2026-07-15T19:40:00.000Z,delta,5
2026-07-15T19:45:00.000Z,delta,5
2026-07-15T19:50:00.000Z,delta,5
2026-07-15T19:55:00.000Z,delta,5
2026-07-15T20:00:00.000Z,delta,5
2026-07-15T20:05:00.000Z,delta,5
2026-07-15T20:10:00.000Z,delta,5
2026-07-15T20:15:00.000Z,delta,5
2026-07-15T20:20:00.000Z,delta,5
2026-07-15T20:25:00.000Z,delta,6
2026-07-15T20:30:00.000Z,delta,6
2026-07-15T20:35:00.000Z,delta,6
2026-07-15T20:40:00.000Z,delta,5
2026-07-15T20:45:00.000Z,delta,6
2026-07-15T20:50:00.000Z,delta,6
2026-07-15T20:55:00.000Z,delta,6
2026-07-15T21:00:00.000Z,delta,6
2026-07-15T21:05:00.000Z,delta,6
2026-07-15T21:10:00.000Z,delta,6
2026-07-15T21:15:00.000Z,delta,6
2026-07-15T21:20:00.000Z,delta,6
2026-07-15T21:25:00.000Z,delta,6
2026-07-15T21:30:00.000Z,delta,6
2026-07-15T21:35:00.000Z,delta,6
2026-07-15T21:40:00.000Z,delta,6
2026-07-15T21:45:00.000Z,delta,6
2026-07-15T21:50:00.000Z,delta,6
2026-07-15T21:55:00.000Z,delta,6
2026-07-15T22:00:00.000Z,delta,6
2026-07-15T22:05:00.000Z,delta,6
2026-07-15T22:10:00.000Z,delta,6
2026-07-15T22:15:00.000Z,delta,6
2026-07-15T22:20:00.000Z,delta,6
2026-07-15T22:25:00.000Z,delta,6
2026-07-15T22:30:00.000Z,delta,6
2026-07-15T22:35:00.000Z,delta,6
2026-07-15T22:40:00.000Z,delta,6
2026-07-15T22:45:00.000Z,delta,6
2026-07-15T22:50:00.000Z,delta,6
2026-07-15T22:55:00.000Z,delta,6
2026-07-15T23:00:00.000Z,delta,6
2026-07-15T23:05:00.000Z,delta,11
2026-07-15T23:10:00.000Z,delta,11
2026-07-15T23:15:00.000Z,delta,11
2026-07-15T23:20:00.000Z,delta,11
2026-07-15T23:25:00.000Z,delta,11
2026-07-15T23:30:00.000Z,delta,12
2026-07-15T23:35:00.000Z,delta,12
2026-07-15T23:40:00.000Z,delta,11
2026-07-15T23:45:00.000Z,delta,11
2026-07-15T23:50:00.000Z,delta,11
2026-07-15T23:55:00.000Z,delta,11
2026-07-16T00:00:00.000Z,delta,11
2026-07-16T00:05:00.000Z,delta,11
2026-07-16T00:10:00.000Z,delta,11
2026-07-16T00:15:00.000Z,delta,13
2026-07-16T00:20:00.000Z,delta,15
2026-07-16T00:25:00.000Z,delta,15
2026-07-16T00:30:00.000Z,delta,15
2026-07-16T00:35:00.000Z,delta,16
2026-07-16T00:40:00.000Z,delta,18
2026-07-16T00:45:00.000Z,delta,19
2026-07-16T00:50:00.000Z,delta,19
2026-07-16T00:55:00.000Z,delta,20
2026-07-16T01:00:00.000Z,delta,20
2026-07-16T01:05:00.000Z,delta,22
2026-07-16T01:10:00.000Z,delta,23
2026-07-16T01:15:00.000Z,delta,23
2026-07-16T01:20:00.000Z,delta,23
2026-07-16T01:25:00.000Z,delta,23
2026-07-16T01:30:00.000Z,delta,23
2026-07-16T01:35:00.000Z,delta,23
2026-07-16T01:40:00.000Z,delta,24
2026-07-16T01:45:00.000Z,delta,27
2026-07-16T01:50:00.000Z,delta,31
2026-07-16T01:55:00.000Z,delta,31
2026-07-16T02:00:00.000Z,delta,32
2026-07-16T02:05:00.000Z,delta,33
2026-07-16T02:10:00.000Z,delta,33
2026-07-16T02:15:00.000Z,delta,32
2026-07-16T02:20:00.000Z,delta,31
2026-07-16T02:25:00.000Z,delta,30
2026-07-16T02:30:00.000Z,delta,29
2026-07-16T02:35:00.000Z,delta,27
2026-07-16T02:40:00.000Z,delta,25
2026-07-16T02:45:00.000Z,delta,25
2026-07-16T02:50:00.000Z,delta,25
2026-07-16T02:55:00.000Z,delta,26
2026-07-16T03:00:00.000Z,delta,27
2026-07-16T03:05:00.000Z,delta,27
2026-07-16T03:10:00.000Z,delta,27
2026-07-16T03:15:00.000Z,delta,28
2026-07-16T03:20:00.000Z,delta,28
2026-07-16T03:25:00.000Z,delta,28
2026-07-16T03:30:00.000Z,delta,29
2026-07-16T03:35:00.000Z,delta,28
2026-07-16T03:40:00.000Z,delta,30
2026-07-16T03:45:00.000Z,delta,29
2026-07-16T03:50:00.000Z,delta,31
2026-07-16T03:55:00.000Z,delta,31
2026-07-16T04:00:00.000Z,delta,31
2026-07-16T04:05:00.000Z,delta,31
2026-07-16T04:10:00.000Z,delta,32
2026-07-16T04:15:00.000Z,delta,31
2026-07-16T04:20:00.000Z,delta,36
2026-07-16T04:25:00.000Z,delta,34
2026-07-16T04:30:00.000Z,delta,31
2026-07-16T04:35:00.000Z,delta,32
2026-07-16T04:40:00.000Z,delta,31
2026-07-16T04:45:00.000Z,delta,30
2026-07-16T04:50:00.000Z,delta,30
2026-07-16T04:55:00.000Z,delta,27
2026-07-16T05:00:00.000Z,delta,29
2026-07-16T05:05:00.000Z,delta,29
2026-07-16T05:10:00.000Z,delta,30
2026-07-16T05:15:00.000Z,delta,30
2026-07-16T05:20:00.000Z,delta,31
2026-07-16T05:25:00.000Z,delta,33
2026-07-16T05:30:00.000Z,delta,34
2026-07-16T05:35:00.000Z,delta,37
2026-07-16T05:40:00.000Z,delta,41
2026-07-16T05:45:00.000Z,delta,45
2026-07-16T05:50:00.000Z,delta,50
2026-07-16T05:55:00.000Z,delta,58
2026-07-16T06:00:00.000Z,delta,58
2026-07-16T06:05:00.000Z,delta,55
2026-07-16T06:10:00.000Z,delta,53
2026-07-16T06:15:00.000Z,delta,52
2026-07-16T06:20:00.000Z,delta,41
2026-07-16T06:25:00.000Z,delta,33
2026-07-16T06:30:00.000Z,delta,28
2026-07-16T06:35:00.000Z,delta,26
2026-07-16T06:40:00.000Z,delta,25
2026-07-16T06:45:00.000Z,delta,24
2026-07-16T06:50:00.000Z,delta,23
2026-07-16T06:55:00.000Z,delta,25
2026-07-16T07:00:00.000Z,delta,26
2026-07-16T07:05:00.000Z,delta,26
2026-07-16T07:10:00.000Z,delta,27
2026-07-16T07:15:00.000Z,delta,27
2026-07-16T07:20:00.000Z,delta,27
2026-07-16T07:25:00.000Z,delta,27
2026-07-16T07:30:00.000Z,delta,28
2026-07-16T07:35:00.000Z,delta,29
2026-07-16T07:40:00.000Z,delta,29
2026-07-16T07:45:00.000Z,delta,28
2026-07-16T07:50:00.000Z,delta,28
2026-07-16T07:55:00.000Z,delta,28
2026-07-16T08:00:00.000Z,delta,28
2026-07-16T08:05:00.000Z,delta,29
2026-07-16T08:10:00.000Z,delta,29
2026-07-16T08:15:00.000Z,delta,30
2026-07-16T08:20:00.000Z,delta,30
2026-07-16T08:25:00.000Z,delta,30
2026-07-16T08:30:00.000Z,delta,30
2026-07-16T08:35:00.000Z,delta,30
2026-07-16T08:40:00.000Z,delta,34
2026-07-16T08:45:00.000Z,delta,34
2026-07-16T08:50:00.000Z,delta,34
2026-07-16T08:55:00.000Z,delta,34
2026-07-16T09:00:00.000Z,delta,43
2026-07-16T09:05:00.000Z,delta,49
2026-07-16T09:10:00.000Z,delta,58
2026-07-16T09:15:00.000Z,delta,58
2026-07-16T09:20:00.000Z,delta,55
2026-07-16T09:25:00.000Z,delta,55
2026-07-16T09:30:00.000Z,delta,50
2026-07-16T09:35:00.000Z,delta,49
2026-07-16T09:40:00.000Z,delta,47
2026-07-16T09:45:00.000Z,delta,46
2026-07-16T09:50:00.000Z,delta,37
2026-07-16T09:55:00.000Z,delta,37
2026-07-16T10:00:00.000Z,delta,34
2026-07-16T10:05:00.000Z,delta,32
2026-07-16T10:10:00.000Z,delta,33
2026-07-16T10:15:00.000Z,delta,32
2026-07-16T10:20:00.000Z,delta,30
2026-07-16T10:25:00.000Z,delta,30
2026-07-16T10:30:00.000Z,delta,30
2026-07-16T10:35:00.000Z,delta,32
2026-07-16T10:40:00.000Z,delta,32
2026-07-16T10:45:00.000Z,delta,31
2026-07-16T10:50:00.000Z,delta,31
2026-07-16T10:55:00.000Z,delta,31
2026-07-16T11:00:00.000Z,delta,31
2026-07-16T11:05:00.000Z,delta,30
2026-07-16T11:10:00.000Z,delta,27
2026-07-16T11:15:00.000Z,delta,24
2026-07-16T11:20:00.000Z,delta,25
2026-07-16T11:25:00.000Z,delta,22
2026-07-16T11:30:00.000Z,delta,22
2026-07-16T11:35:00.000Z,delta,21
2026-07-16T11:40:00.000Z,delta,18
2026-07-16T11:45:00.000Z,delta,17
2026-07-16T11:50:00.000Z,delta,16
2026-07-16T11:55:00.000Z,delta,15
2026-07-16T12:00:00.000Z,delta,12
2026-07-16T12:05:00.000Z,delta,12
2026-07-16T12:10:00.000Z,delta,11
2026-07-16T12:15:00.000Z,delta,10
2026-07-16T12:20:00.000Z,delta,11
2026-07-16T12:25:00.000Z,delta,9
2026-07-16T12:30:00.000Z,delta,9
2026-07-16T12:35:00.000Z,delta,9
2026-07-16T12:40:00.000Z,delta,8
2026-07-16T12:45:00.000Z,delta,8
2026-07-16T12:50:00.000Z,delta,8
2026-07-16T12:55:00.000Z,delta,7
2026-07-16T13:00:00.000Z,delta,7
2026-07-16T13:05:00.000Z,delta,7
2026-07-16T13:10:00.000Z,delta,8
2026-07-16T13:15:00.000Z,delta,8
2026-07-16T13:20:00.000Z,delta,8
2026-07-16T13:25:00.000Z,delta,8
2026-07-16T13:30:00.000Z,delta,8
2026-07-16T13:35:00.000Z,delta,8
2026-07-16T13:40:00.000Z,delta,8
2026-07-16T13:45:00.000Z,delta,7
2026-07-16T13:50:00.000Z,delta,7
2026-07-16T13:55:00.000Z,delta,7
2026-07-16T14:00:00.000Z,delta,7
2026-07-16T14:05:00.000Z,delta,7
2026-07-16T14:10:00.000Z,delta,7
2026-07-16T14:15:00.000Z,delta,7
2026-07-16T14:20:00.000Z,delta,7
2026-07-16T14:25:00.000Z,delta,8
2026-07-16T14:30:00.000Z,delta,8
2026-07-16T14:35:00.000Z,delta,8
2026-07-16T14:40:00.000Z,delta,8
2026-07-16T14:45:00.000Z,delta,7
2026-07-16T14:50:00.000Z,delta,7
2026-07-16T14:55:00.000Z,delta,7
2026-07-16T15:00:00.000Z,delta,7
2026-07-16T15:05:00.000Z,delta,7
2026-07-16T15:10:00.000Z,delta,7
2026-07-16T15:15:00.000Z,delta,7
2026-07-16T15:20:00.000Z,delta,7
2026-07-16T15:25:00.000Z,delta,7
2026-07-16T15:30:00.000Z,delta,7
2026-07-16T15:35:00.000Z,delta,7
2026-07-16T15:40:00.000Z,delta,7
2026-07-16T15:45:00.000Z,delta,7
2026-07-16T15:50:00.000Z,delta,7
2026-07-16T15:55:00.000Z,delta,7
2026-07-16T16:00:00.000Z,delta,7
2026-07-16T16:05:00.000Z,delta,7
2026-07-16T16:10:00.000Z,delta,8
2026-07-16T16:15:00.000Z,delta,8
2026-07-16T16:20:00.000Z,delta,8
2026-07-16T16:25:00.000Z,delta,8
2026-07-16T16:30:00.000Z,delta,7
2026-07-16T16:35:00.000Z,delta,6
2026-07-16T16:40:00.000Z,delta,6
2026-07-16T16:45:00.000Z,delta,6
2026-07-16T16:50:00.000Z,delta,5
2026-07-16T16:55:00.000Z,delta,4
2026-07-16T17:00:00.000Z,delta,4
2026-07-16T17:05:00.000Z,delta,4
2026-07-16T17:10:00.000Z,delta,4
2026-07-16T17:15:00.000Z,delta,4
2026-07-16T17:20:00.000Z,delta,4
2026-07-16T17:25:00.000Z,delta,4
2026-07-16T17:30:00.000Z,delta,4
2026-07-16T17:35:00.000Z,delta,4
2026-07-16T17:40:00.000Z,delta,4
2026-07-16T17:45:00.000Z,delta,4
2026-07-16T17:50:00.000Z,delta,4
2026-07-16T17:55:00.000Z,delta,4
2026-07-16T18:00:00.000Z,delta,4
2026-07-16T18:05:00.000Z,delta,4
2026-07-16T18:10:00.000Z,delta,4
2026-07-16T18:15:00.000Z,delta,4
2026-07-16T18:20:00.000Z,delta,4
2026-07-16T18:25:00.000Z,delta,4
2026-07-16T18:30:00.000Z,delta,4
2026-07-16T18:35:00.000Z,delta,4
2026-07-16T18:40:00.000Z,delta,4
2026-07-16T18:45:00.000Z,delta,4
2026-07-16T18:50:00.000Z,delta,4
2026-07-16T18:55:00.000Z,delta,4
2026-07-16T19:00:00.000Z,delta,4
2026-07-16T19:05:00.000Z,delta,4
2026-07-16T19:10:00.000Z,delta,4
2026-07-16T19:15:00.000Z,delta,4
2026-07-16T19:20:00.000Z,delta,4
2026-07-16T19:25:00.000Z,delta,4
2026-07-16T19:30:00.000Z,delta,4
2026-07-16T19:35:00.000Z,delta,4
2026-07-16T19:40:00.000Z,delta,4
2026-07-16T19:45:00.000Z,delta,4
2026-07-16T19:50:00.000Z,delta,4
2026-07-16T19:55:00.000Z,delta,4
2026-07-16T20:00:00.000Z,delta,4
2026-07-16T20:05:00.000Z,delta,4
2026-07-16T20:10:00.000Z,delta,4
2026-07-16T20:15:00.000Z,delta,4
2026-07-16T20:20:00.000Z,delta,4
2026-07-16T20:25:00.000Z,delta,4
2026-07-16T20:30:00.000Z,delta,4
2026-07-16T20:35:00.000Z,delta,4
2026-07-16T20:40:00.000Z,delta,4
2026-07-16T20:45:00.000Z,delta,4
2026-07-16T20:50:00.000Z,delta,4
2026-07-16T20:55:00.000Z,delta,4
2026-07-16T21:00:00.000Z,delta,4
2026-07-16T21:05:00.000Z,delta,4
2026-07-16T21:10:00.000Z,delta,4
2026-07-16T21:15:00.000Z,delta,4
2026-07-16T21:20:00.000Z,delta,4
2026-07-16T21:25:00.000Z,delta,4
2026-07-16T21:30:00.000Z,delta,4
2026-07-16T21:35:00.000Z,delta,4
2026-07-16T21:40:00.000Z,delta,4
2026-07-16T21:45:00.000Z,delta,4
2026-07-16T21:50:00.000Z,delta,4
2026-07-16T21:55:00.000Z,delta,4
2026-07-16T22:00:00.000Z,delta,4
2026-07-16T22:05:00.000Z,delta,4
2026-07-16T22:10:00.000Z,delta,4
2026-07-16T22:15:00.000Z,delta,4
2026-07-16T22:20:00.000Z,delta,4
2026-07-16T22:25:00.000Z,delta,4
2026-07-16T22:30:00.000Z,delta,4
2026-07-16T22:35:00.000Z,delta,4
2026-07-16T22:40:00.000Z,delta,4
2026-07-16T22:45:00.000Z,delta,4
2026-07-16T22:50:00.000Z,delta,4
2026-07-16T22:55:00.000Z,delta,4
2026-07-16T23:00:00.000Z,delta,4
2026-07-16T23:05:00.000Z,delta,4
2026-07-16T23:10:00.000Z,delta,4
2026-07-16T23:15:00.000Z,delta,4
2026-07-16T23:20:00.000Z,delta,4
2026-07-16T23:25:00.000Z,delta,4
2026-07-16T23:30:00.000Z,delta,8
2026-07-16T23:35:00.000Z,delta,8
2026-07-16T23:40:00.000Z,delta,8
2026-07-16T23:45:00.000Z,delta,8
2026-07-16T23:50:00.000Z,delta,7
2026-07-16T23:55:00.000Z,delta,7
2026-07-17T00:00:00.000Z,delta,7
2026-07-17T00:05:00.000Z,delta,7
2026-07-17T00:10:00.000Z,delta,7
2026-07-17T00:15:00.000Z,delta,7
2026-07-17T00:20:00.000Z,delta,7
2026-07-17T00:25:00.000Z,delta,7
2026-07-17T00:30:00.000Z,delta,7
2026-07-17T00:35:00.000Z,delta,7
2026-07-17T00:40:00.000Z,delta,7
2026-07-17T00:45:00.000Z,delta,7
2026-07-17T00:50:00.000Z,delta,7
2026-07-17T00:55:00.000Z,delta,9
2026-07-17T01:00:00.000Z,delta,11
2026-07-17T01:05:00.000Z,delta,12
2026-07-17T01:10:00.000Z,delta,12
2026-07-17T01:15:00.000Z,delta,13
2026-07-17T01:20:00.000Z,delta,13
2026-07-17T01:25:00.000Z,delta,13
2026-07-17T01:30:00.000Z,delta,13
2026-07-17T01:35:00.000Z,delta,13
2026-07-17T01:40:00.000Z,delta,13
2026-07-17T01:45:00.000Z,delta,13
2026-07-17T01:50:00.000Z,delta,13
2026-07-17T01:55:00.000Z,delta,13
2026-07-17T02:00:00.000Z,delta,13
2026-07-17T02:05:00.000Z,delta,13
2026-07-17T02:10:00.000Z,delta,13
2026-07-17T02:15:00.000Z,delta,14
2026-07-17T02:20:00.000Z,delta,14
2026-07-17T02:25:00.000Z,delta,14
2026-07-17T02:30:00.000Z,delta,13
2026-07-17T02:35:00.000Z,delta,13
2026-07-17T02:40:00.000Z,delta,13
2026-07-17T02:45:00.000Z,delta,13
2026-07-17T02:50:00.000Z,delta,14
2026-07-17T02:55:00.000Z,delta,14
2026-07-17T03:00:00.000Z,delta,14
2026-07-17T03:05:00.000Z,delta,14
2026-07-17T03:10:00.000Z,delta,14
2026-07-17T03:15:00.000Z,delta,14
2026-07-17T03:20:00.000Z,delta,14
2026-07-17T03:25:00.000Z,delta,14
2026-07-17T03:30:00.000Z,delta,14
2026-07-17T03:35:00.000Z,delta,14
2026-07-17T03:40:00.000Z,delta,13
2026-07-17T03:45:00.000Z,delta,13
2026-07-17T03:50:00.000Z,delta,13
2026-07-17T03:55:00.000Z,delta,13
2026-07-17T04:00:00.000Z,delta,13
2026-07-17T04:05:00.000Z,delta,13
2026-07-17T04:10:00.000Z,delta,13
2026-07-17T04:15:00.000Z,delta,13
2026-07-17T04:20:00.000Z,delta,13
2026-07-17T04:25:00.000Z,delta,12
2026-07-17T04:30:00.000Z,delta,13
2026-07-17T04:35:00.000Z,delta,14
2026-07-17T04:40:00.000Z,delta,14
2026-07-17T04:45:00.000Z,delta,14
2026-07-17T04:50:00.000Z,delta,14
2026-07-17T04:55:00.000Z,delta,14
2026-07-17T05:00:00.000Z,delta,14
2026-07-17T05:05:00.000Z,delta,14
2026-07-17T05:10:00.000Z,delta,14
2026-07-17T05:15:00.000Z,delta,13
2026-07-17T05:20:00.000Z,delta,13
2026-07-17T05:25:00.000Z,delta,13
2026-07-17T05:30:00.000Z,delta,13
2026-07-17T05:35:00.000Z,delta,13
2026-07-17T05:40:00.000Z,delta,13
2026-07-17T05:45:00.000Z,delta,13
2026-07-17T05:50:00.000Z,delta,13
2026-07-17T05:55:00.000Z,delta,13
2026-07-17T06:00:00.000Z,delta,13
2026-07-17T06:05:00.000Z,delta,14
2026-07-17T06:10:00.000Z,delta,14
2026-07-17T06:15:00.000Z,delta,14
2026-07-17T06:20:00.000Z,delta,15
2026-07-17T06:25:00.000Z,delta,15
2026-07-17T06:30:00.000Z,delta,15
2026-07-17T06:35:00.000Z,delta,15
2026-07-17T06:40:00.000Z,delta,15
2026-07-17T06:45:00.000Z,delta,15
2026-07-17T06:50:00.000Z,delta,15
2026-07-17T06:55:00.000Z,delta,15
2026-07-17T07:00:00.000Z,delta,14
2026-07-17T07:05:00.000Z,delta,14
2026-07-17T07:10:00.000Z,delta,15
2026-07-17T07:15:00.000Z,delta,15
2026-07-17T07:20:00.000Z,delta,14
2026-07-17T07:25:00.000Z,delta,14
2026-07-17T07:30:00.000Z,delta,14
2026-07-17T07:35:00.000Z,delta,14
2026-07-17T07:40:00.000Z,delta,14
2026-07-17T07:45:00.000Z,delta,14
2026-07-17T07:50:00.000Z,delta,15
2026-07-17T07:55:00.000Z,delta,15
2026-07-17T08:00:00.000Z,delta,15
2026-07-17T08:05:00.000Z,delta,13
2026-07-17T08:10:00.000Z,delta,12
2026-07-17T08:15:00.000Z,delta,11
2026-07-17T08:20:00.000Z,delta,11
2026-07-17T08:25:00.000Z,delta,11
2026-07-17T08:30:00.000Z,delta,11
2026-07-17T08:35:00.000Z,delta,12
2026-07-17T08:40:00.000Z,delta,12
2026-07-17T08:45:00.000Z,delta,12
2026-07-17T08:50:00.000Z,delta,11
2026-07-17T08:55:00.000Z,delta,11
2026-07-17T09:00:00.000Z,delta,11
2026-07-17T09:05:00.000Z,delta,11
2026-07-17T09:10:00.000Z,delta,11
2026-07-17T09:15:00.000Z,delta,12
2026-07-17T09:20:00.000Z,delta,12
2026-07-17T09:25:00.000Z,delta,12
2026-07-17T09:30:00.000Z,delta,12
2026-07-17T09:35:00.000Z,delta,12
2026-07-17T09:40:00.000Z,delta,13
2026-07-17T09:45:00.000Z,delta,13
2026-07-17T09:50:00.000Z,delta,13
2026-07-17T09:55:00.000Z,delta,13
2026-07-17T10:00:00.000Z,delta,13
2026-07-17T10:05:00.000Z,delta,13
2026-07-17T10:10:00.000Z,delta,13
2026-07-17T10:15:00.000Z,delta,12
2026-07-17T10:20:00.000Z,delta,11
2026-07-17T10:25:00.000Z,delta,11
2026-07-17T10:30:00.000Z,delta,11
2026-07-17T10:35:00.000Z,delta,11
2026-07-17T10:40:00.000Z,delta,11
2026-07-17T10:45:00.000Z,delta,10
2026-07-17T10:50:00.000Z,delta,10
2026-07-17T10:55:00.000Z,delta,10
2026-07-17T11:00:00.000Z,delta,10
2026-07-17T11:05:00.000Z,delta,12
2026-07-17T11:10:00.000Z,delta,12
2026-07-17T11:15:00.000Z,delta,12
2026-07-17T11:20:00.000Z,delta,12
2026-07-17T11:25:00.000Z,delta,12
2026-07-17T11:30:00.000Z,delta,12
2026-07-17T11:35:00.000Z,delta,11
2026-07-17T11:40:00.000Z,delta,11
2026-07-17T11:45:00.000Z,delta,11
2026-07-17T11:50:00.000Z,delta,11
2026-07-17T11:55:00.000Z,delta,11
2026-07-17T12:00:00.000Z,delta,10
2026-07-17T12:05:00.000Z,delta,9
2026-07-17T12:10:00.000Z,delta,9
2026-07-17T12:15:00.000Z,delta,9
2026-07-17T12:20:00.000Z,delta,9
2026-07-17T12:25:00.000Z,delta,9
2026-07-17T12:30:00.000Z,delta,9
2026-07-17T12:35:00.000Z,delta,9
2026-07-17T12:40:00.000Z,delta,9
2026-07-17T12:45:00.000Z,delta,9
2026-07-17T12:50:00.000Z,delta,9
2026-07-17T12:55:00.000Z,delta,8
2026-07-17T13:00:00.000Z,delta,7
2026-07-17T13:05:00.000Z,delta,7
2026-07-17T13:10:00.000Z,delta,4
2026-07-17T13:15:00.000Z,delta,4
2026-07-17T13:20:00.000Z,delta,4
2026-07-17T13:25:00.000Z,delta,4
2026-07-17T13:30:00.000Z,delta,4
2026-07-17T13:35:00.000Z,delta,4
2026-07-17T13:40:00.000Z,delta,4
2026-07-17T13:45:00.000Z,delta,4
2026-07-17T13:50:00.000Z,delta,4
2026-07-17T13:55:00.000Z,delta,4
2026-07-17T14:00:00.000Z,delta,4
2026-07-17T14:05:00.000Z,delta,4
2026-07-17T14:10:00.000Z,delta,4
2026-07-17T14:15:00.000Z,delta,4
2026-07-17T14:20:00.000Z,delta,6
2026-07-17T14:25:00.000Z,delta,7
2026-07-17T14:30:00.000Z,delta,7
2026-07-17T14:35:00.000Z,delta,7
2026-07-17T14:40:00.000Z,delta,6
2026-07-17T14:45:00.000Z,delta,6
2026-07-17T14:50:00.000Z,delta,6
2026-07-17T14:55:00.000Z,delta,6
2026-07-17T15:00:00.000Z,delta,3
2026-07-17T15:05:00.000Z,delta,3
2026-07-17T15:10:00.000Z,delta,3
2026-07-17T15:15:00.000Z,delta,2
2026-07-17T15:20:00.000Z,delta,2
2026-07-17T15:25:00.000Z,delta,2
2026-07-17T15:30:00.000Z,delta,2
2026-07-17T15:35:00.000Z,delta,2
2026-07-17T15:40:00.000Z,delta,2
2026-07-17T15:45:00.000Z,delta,2
2026-07-17T15:50:00.000Z,delta,2
2026-07-17T15:55:00.000Z,delta,2
2026-07-17T16:00:00.000Z,delta,2
2026-07-17T16:05:00.000Z,delta,2
2026-07-17T16:10:00.000Z,delta,2
2026-07-17T16:15:00.000Z,delta,2
2026-07-17T16:20:00.000Z,delta,2
2026-07-17T16:25:00.000Z,delta,2
2026-07-17T16:30:00.000Z,delta,2
2026-07-17T16:35:00.000Z,delta,2
2026-07-17T16:40:00.000Z,delta,2
2026-07-17T16:45:00.000Z,delta,2
2026-07-17T16:50:00.000Z,delta,2
2026-07-17T16:55:00.000Z,delta,2
2026-07-17T17:00:00.000Z,delta,2
2026-07-17T17:05:00.000Z,delta,2
2026-07-17T17:10:00.000Z,delta,2
2026-07-17T17:15:00.000Z,delta,2
2026-07-17T17:20:00.000Z,delta,2
2026-07-17T17:25:00.000Z,delta,2
2026-07-17T17:30:00.000Z,delta,2
2026-07-17T17:35:00.000Z,delta,2
2026-07-17T17:40:00.000Z,delta,2
2026-07-17T17:45:00.000Z,delta,2
2026-07-17T17:50:00.000Z,delta,2
2026-07-17T17:55:00.000Z,delta,2
2026-07-17T18:00:00.000Z,delta,2
2026-07-17T18:05:00.000Z,delta,2
2026-07-17T18:10:00.000Z,delta,2
2026-07-17T18:15:00.000Z,delta,2
2026-07-17T18:20:00.000Z,delta,2
2026-07-17T18:25:00.000Z,delta,2
2026-07-17T18:30:00.000Z,delta,2
2026-07-17T18:35:00.000Z,delta,2
2026-07-17T18:40:00.000Z,delta,3
2026-07-17T18:45:00.000Z,delta,3
2026-07-17T18:50:00.000Z,delta,3
2026-07-17T18:55:00.000Z,delta,2
2026-07-17T19:00:00.000Z,delta,2
2026-07-17T19:05:00.000Z,delta,2
2026-07-17T19:10:00.000Z,delta,2
2026-07-17T19:15:00.000Z,delta,2
2026-07-17T19:20:00.000Z,delta,2
2026-07-17T19:25:00.000Z,delta,2
2026-07-17T19:30:00.000Z,delta,2
2026-07-17T19:35:00.000Z,delta,2
2026-07-17T19:40:00.000Z,delta,2
2026-07-17T19:45:00.000Z,delta,2
2026-07-17T19:50:00.000Z,delta,2
2026-07-17T19:55:00.000Z,delta,2
2026-07-17T20:00:00.000Z,delta,2
2026-07-17T20:05:00.000Z,delta,2
2026-07-17T20:10:00.000Z,delta,2
2026-07-17T20:15:00.000Z,delta,2
2026-07-17T20:20:00.000Z,delta,2
2026-07-17T20:25:00.000Z,delta,2
2026-07-17T20:30:00.000Z,delta,2
2026-07-17T20:35:00.000Z,delta,2
2026-07-17T20:40:00.000Z,delta,2
2026-07-17T20:45:00.000Z,delta,2
2026-07-17T20:50:00.000Z,delta,2
2026-07-17T20:55:00.000Z,delta,2
2026-07-17T21:00:00.000Z,delta,2
2026-07-17T21:05:00.000Z,delta,2
2026-07-17T21:10:00.000Z,delta,2
2026-07-17T21:15:00.000Z,delta,2
2026-07-17T21:20:00.000Z,delta,2
2026-07-17T21:25:00.000Z,delta,2
2026-07-17T21:30:00.000Z,delta,2
2026-07-17T21:35:00.000Z,delta,2
2026-07-17T21:40:00.000Z,delta,2
2026-07-17T21:45:00.000Z,delta,2
2026-07-17T21:50:00.000Z,delta,2
2026-07-17T21:55:00.000Z,delta,2
2026-07-17T22:00:00.000Z,delta,2
2026-07-17T22:05:00.000Z,delta,2
2026-07-17T22:10:00.000Z,delta,2
2026-07-17T22:15:00.000Z,delta,2
2026-07-17T22:20:00.000Z,delta,2
2026-07-17T22:25:00.000Z,delta,2
2026-07-17T22:30:00.000Z,delta,2
2026-07-17T22:35:00.000Z,delta,2
2026-07-17T22:40:00.000Z,delta,2
2026-07-17T22:45:00.000Z,delta,2
2026-07-17T22:50:00.000Z,delta,2
2026-07-17T22:55:00.000Z,delta,2
2026-07-17T23:00:00.000Z,delta,2
2026-07-17T23:05:00.000Z,delta,2
2026-07-17T23:10:00.000Z,delta,2
2026-07-17T23:15:00.000Z,delta,2
2026-07-17T23:20:00.000Z,delta,2
2026-07-17T23:25:00.000Z,delta,2
2026-07-17T23:30:00.000Z,delta,2
2026-07-17T23:35:00.000Z,delta,2
2026-07-17T23:40:00.000Z,delta,2
2026-07-17T23:45:00.000Z,delta,2
2026-07-17T23:50:00.000Z,delta,7
2026-07-17T23:55:00.000Z,delta,7
2026-07-18T00:00:00.000Z,delta,7
2026-07-18T00:05:00.000Z,delta,7
2026-07-18T00:10:00.000Z,delta,5
2026-07-18T00:15:00.000Z,delta,5
2026-07-18T00:20:00.000Z,delta,5
2026-07-18T00:25:00.000Z,delta,5
2026-07-18T00:30:00.000Z,delta,5
2026-07-18T00:35:00.000Z,delta,4
2026-07-18T00:40:00.000Z,delta,4
2026-07-18T00:45:00.000Z,delta,4
2026-07-18T00:50:00.000Z,delta,4
2026-07-18T00:55:00.000Z,delta,4
2026-07-18T01:00:00.000Z,delta,4
2026-07-18T01:05:00.000Z,delta,4
2026-07-18T01:10:00.000Z,delta,4
2026-07-18T01:15:00.000Z,delta,4
2026-07-18T01:20:00.000Z,delta,4
2026-07-18T01:25:00.000Z,delta,4
2026-07-18T01:30:00.000Z,delta,4
2026-07-18T01:35:00.000Z,delta,4
2026-07-18T01:40:00.000Z,delta,4
2026-07-18T01:45:00.000Z,delta,4
2026-07-18T01:50:00.000Z,delta,4
2026-07-18T01:55:00.000Z,delta,4
2026-07-18T02:00:00.000Z,delta,4
2026-07-18T02:05:00.000Z,delta,4
2026-07-18T02:10:00.000Z,delta,4
2026-07-18T02:15:00.000Z,delta,4
2026-07-18T02:20:00.000Z,delta,4
2026-07-18T02:25:00.000Z,delta,4
2026-07-18T02:30:00.000Z,delta,4
2026-07-18T02:35:00.000Z,delta,4
2026-07-18T02:40:00.000Z,delta,4
2026-07-18T02:45:00.000Z,delta,4
2026-07-18T02:50:00.000Z,delta,4
2026-07-18T02:55:00.000Z,delta,4
2026-07-18T03:00:00.000Z,delta,4
2026-07-18T03:05:00.000Z,delta,4
2026-07-18T03:10:00.000Z,delta,4
2026-07-18T03:15:00.000Z,delta,6
2026-07-18T03:20:00.000Z,delta,6
2026-07-18T03:25:00.000Z,delta,6
2026-07-18T03:30:00.000Z,delta,6
2026-07-18T03:35:00.000Z,delta,6
2026-07-18T03:40:00.000Z,delta,6
2026-07-18T03:45:00.000Z,delta,6
2026-07-18T03:50:00.000Z,delta,5
2026-07-18T03:55:00.000Z,delta,5
2026-07-18T04:00:00.000Z,delta,5
2026-07-18T04:05:00.000Z,delta,5
2026-07-18T04:10:00.000Z,delta,5
2026-07-18T04:15:00.000Z,delta,5
2026-07-18T04:20:00.000Z,delta,5
2026-07-18T04:25:00.000Z,delta,5
2026-07-18T04:30:00.000Z,delta,4
2026-07-18T04:35:00.000Z,delta,4
2026-07-18T04:40:00.000Z,delta,4
2026-07-18T04:45:00.000Z,delta,4
2026-07-18T04:50:00.000Z,delta,4
2026-07-18T04:55:00.000Z,delta,4
2026-07-18T05:00:00.000Z,delta,4
2026-07-18T05:05:00.000Z,delta,4
2026-07-18T05:10:00.000Z,delta,4
2026-07-18T05:15:00.000Z,delta,4
2026-07-18T05:20:00.000Z,delta,4
2026-07-18T05:25:00.000Z,delta,4
2026-07-18T05:30:00.000Z,delta,4
2026-07-18T05:35:00.000Z,delta,4
2026-07-18T05:40:00.000Z,delta,4
2026-07-18T05:45:00.000Z,delta,4
2026-07-18T05:50:00.000Z,delta,4
2026-07-18T05:55:00.000Z,delta,4
2026-07-18T06:00:00.000Z,delta,4
2026-07-18T06:05:00.000Z,delta,4
2026-07-18T06:10:00.000Z,delta,4
2026-07-18T06:15:00.000Z,delta,4
2026-07-18T06:20:00.000Z,delta,4
2026-07-18T06:25:00.000Z,delta,4
2026-07-18T06:30:00.000Z,delta,4
2026-07-18T06:35:00.000Z,delta,4
2026-07-18T06:40:00.000Z,delta,6
2026-07-18T06:45:00.000Z,delta,6
2026-07-18T06:50:00.000Z,delta,6
2026-07-18T06:55:00.000Z,delta,6
2026-07-18T07:00:00.000Z,delta,6
2026-07-18T07:05:00.000Z,delta,6
2026-07-18T07:10:00.000Z,delta,6
2026-07-18T07:15:00.000Z,delta,6
2026-07-18T07:20:00.000Z,delta,6
2026-07-18T07:25:00.000Z,delta,6
2026-07-18T07:30:00.000Z,delta,6
2026-07-18T07:35:00.000Z,delta,6
2026-07-18T07:40:00.000Z,delta,6
2026-07-18T07:45:00.000Z,delta,6
2026-07-18T07:50:00.000Z,delta,6
2026-07-18T07:55:00.000Z,delta,6
2026-07-18T08:00:00.000Z,delta,6
2026-07-18T08:05:00.000Z,delta,6
2026-07-18T08:10:00.000Z,delta,6
2026-07-18T08:15:00.000Z,delta,6
2026-07-18T08:20:00.000Z,delta,7
2026-07-18T08:25:00.000Z,delta,8
2026-07-18T08:30:00.000Z,delta,8
2026-07-18T08:35:00.000Z,delta,8
2026-07-18T08:40:00.000Z,delta,8
2026-07-18T08:45:00.000Z,delta,8
2026-07-18T08:50:00.000Z,delta,8
2026-07-18T08:55:00.000Z,delta,8
2026-07-18T09:00:00.000Z,delta,8
2026-07-18T09:05:00.000Z,delta,8
2026-07-18T09:10:00.000Z,delta,8
2026-07-18T09:15:00.000Z,delta,8
2026-07-18T09:20:00.000Z,delta,8
2026-07-18T09:25:00.000Z,delta,8
2026-07-18T09:30:00.000Z,delta,8
2026-07-18T09:35:00.000Z,delta,8
2026-07-18T09:40:00.000Z,delta,8
2026-07-18T09:45:00.000Z,delta,8
2026-07-18T09:50:00.000Z,delta,6
2026-07-18T09:55:00.000Z,delta,6
2026-07-18T10:00:00.000Z,delta,6
2026-07-18T10:05:00.000Z,delta,6
2026-07-18T10:10:00.000Z,delta,6
2026-07-18T10:15:00.000Z,delta,6
2026-07-18T10:20:00.000Z,delta,6
2026-07-18T10:25:00.000Z,delta,6
2026-07-18T10:30:00.000Z,delta,6
2026-07-18T10:35:00.000Z,delta,6
2026-07-18T10:40:00.000Z,delta,5
2026-07-18T10:45:00.000Z,delta,5
2026-07-18T10:50:00.000Z,delta,5
2026-07-18T10:55:00.000Z,delta,5
2026-07-18T11:00:00.000Z,delta,5
2026-07-18T11:05:00.000Z,delta,5
2026-07-18T11:10:00.000Z,delta,5
2026-07-18T11:15:00.000Z,delta,5
2026-07-18T11:20:00.000Z,delta,5
2026-07-18T11:25:00.000Z,delta,5
2026-07-18T11:30:00.000Z,delta,5
2026-07-18T11:35:00.000Z,delta,4
2026-07-18T11:40:00.000Z,delta,4
2026-07-18T11:45:00.000Z,delta,4
2026-07-18T11:50:00.000Z,delta,4
2026-07-18T11:55:00.000Z,delta,4
2026-07-18T12:00:00.000Z,delta,4
2026-07-18T12:05:00.000Z,delta,4
2026-07-18T12:10:00.000Z,delta,4
2026-07-18T12:15:00.000Z,delta,4
2026-07-18T12:20:00.000Z,delta,4
2026-07-18T12:25:00.000Z,delta,4
2026-07-18T12:30:00.000Z,delta,4
2026-07-18T12:35:00.000Z,delta,4
2026-07-18T12:40:00.000Z,delta,4
2026-07-18T12:45:00.000Z,delta,4
2026-07-18T12:50:00.000Z,delta,4
2026-07-18T12:55:00.000Z,delta,4
2026-07-18T13:00:00.000Z,delta,4
2026-07-18T13:05:00.000Z,delta,4
2026-07-18T13:10:00.000Z,delta,4
2026-07-18T13:15:00.000Z,delta,4
2026-07-18T13:20:00.000Z,delta,4
2026-07-18T13:25:00.000Z,delta,4
2026-07-18T13:30:00.000Z,delta,4
2026-07-18T13:35:00.000Z,delta,3
2026-07-18T13:40:00.000Z,delta,3
2026-07-18T13:45:00.000Z,delta,3
2026-07-18T13:50:00.000Z,delta,3
2026-07-18T13:55:00.000Z,delta,3
2026-07-18T14:00:00.000Z,delta,3
2026-07-18T14:05:00.000Z,delta,3
2026-07-18T14:10:00.000Z,delta,2
2026-07-18T14:15:00.000Z,delta,2
2026-07-18T14:20:00.000Z,delta,2
2026-07-18T14:25:00.000Z,delta,2
2026-07-18T14:30:00.000Z,delta,2
2026-07-18T14:35:00.000Z,delta,2
2026-07-18T14:40:00.000Z,delta,2
2026-07-18T14:45:00.000Z,delta,2
2026-07-18T14:50:00.000Z,delta,2
2026-07-18T14:55:00.000Z,delta,2
2026-07-18T15:00:00.000Z,delta,2
2026-07-18T15:05:00.000Z,delta,2
2026-07-18T15:10:00.000Z,delta,2
2026-07-18T15:15:00.000Z,delta,2
2026-07-18T15:20:00.000Z,delta,2
2026-07-18T15:25:00.000Z,delta,2
2026-07-18T15:30:00.000Z,delta,2
2026-07-18T15:35:00.000Z,delta,2
2026-07-18T15:40:00.000Z,delta,2
2026-07-18T15:45:00.000Z,delta,2
2026-07-18T15:50:00.000Z,delta,2
2026-07-18T15:55:00.000Z,delta,2
2026-07-18T16:00:00.000Z,delta,2
2026-07-18T16:05:00.000Z,delta,2
2026-07-18T16:10:00.000Z,delta,2
2026-07-18T16:15:00.000Z,delta,2
2026-07-18T16:20:00.000Z,delta,2
2026-07-18T16:25:00.000Z,delta,2
2026-07-18T16:30:00.000Z,delta,2
2026-07-18T16:35:00.000Z,delta,2
2026-07-18T16:40:00.000Z,delta,2
2026-07-18T16:45:00.000Z,delta,2
2026-07-18T16:50:00.000Z,delta,2
2026-07-18T16:55:00.000Z,delta,2
2026-07-18T17:00:00.000Z,delta,2
2026-07-18T17:05:00.000Z,delta,2
2026-07-18T17:10:00.000Z,delta,2
2026-07-18T17:15:00.000Z,delta,2
2026-07-18T17:20:00.000Z,delta,2
2026-07-18T17:25:00.000Z,delta,2
2026-07-18T17:30:00.000Z,delta,2
2026-07-18T17:35:00.000Z,delta,2
2026-07-18T17:40:00.000Z,delta,2
2026-07-18T17:45:00.000Z,delta,2
2026-07-18T17:50:00.000Z,delta,2
2026-07-18T17:55:00.000Z,delta,2
2026-07-18T18:00:00.000Z,delta,2
2026-07-18T18:05:00.000Z,delta,2
2026-07-18T18:10:00.000Z,delta,2
2026-07-18T18:15:00.000Z,delta,2
2026-07-18T18:20:00.000Z,delta,2
2026-07-18T18:25:00.000Z,delta,2
2026-07-18T18:30:00.000Z,delta,2
2026-07-18T18:35:00.000Z,delta,2
2026-07-18T18:40:00.000Z,delta,2
2026-07-18T18:45:00.000Z,delta,2
2026-07-18T18:50:00.000Z,delta,2
2026-07-18T18:55:00.000Z,delta,2
2026-07-18T19:00:00.000Z,delta,2
2026-07-18T19:05:00.000Z,delta,2
2026-07-18T19:10:00.000Z,delta,2
2026-07-18T19:15:00.000Z,delta,2
2026-07-18T19:20:00.000Z,delta,2
2026-07-18T19:25:00.000Z,delta,2
2026-07-18T19:30:00.000Z,delta,2
2026-07-18T19:35:00.000Z,delta,2
2026-07-18T19:40:00.000Z,delta,2
2026-07-18T19:45:00.000Z,delta,2
2026-07-18T19:50:00.000Z,delta,2
2026-07-18T19:55:00.000Z,delta,2
2026-07-18T20:00:00.000Z,delta,2
2026-07-18T20:05:00.000Z,delta,2
2026-07-18T20:10:00.000Z,delta,2
2026-07-18T20:15:00.000Z,delta,2
2026-07-18T20:20:00.000Z,delta,2
2026-07-18T20:25:00.000Z,delta,2
2026-07-18T20:30:00.000Z,delta,2
2026-07-18T20:35:00.000Z,delta,2
2026-07-18T20:40:00.000Z,delta,2
2026-07-18T20:45:00.000Z,delta,2
2026-07-18T20:50:00.000Z,delta,2
2026-07-18T20:55:00.000Z,delta,2
2026-07-18T21:00:00.000Z,delta,2
2026-07-18T21:05:00.000Z,delta,2
2026-07-18T21:10:00.000Z,delta,2
2026-07-18T21:15:00.000Z,delta,2
2026-07-18T21:20:00.000Z,delta,2
2026-07-18T21:25:00.000Z,delta,2
2026-07-18T21:30:00.000Z,delta,2
2026-07-18T21:35:00.000Z,delta,2
2026-07-18T21:40:00.000Z,delta,2
2026-07-18T21:45:00.000Z,delta,2
2026-07-18T21:50:00.000Z,delta,2
2026-07-18T21:55:00.000Z,delta,2
2026-07-18T22:00:00.000Z,delta,2
2026-07-18T22:05:00.000Z,delta,2
2026-07-18T22:10:00.000Z,delta,2
2026-07-18T22:15:00.000Z,delta,2
2026-07-18T22:20:00.000Z,delta,2
2026-07-18T22:25:00.000Z,delta,2
2026-07-18T22:30:00.000Z,delta,2
2026-07-18T22:35:00.000Z,delta,2
2026-07-18T22:40:00.000Z,delta,2
2026-07-18T22:45:00.000Z,delta,2
2026-07-18T22:50:00.000Z,delta,2
2026-07-18T22:55:00.000Z,delta,2
2026-07-18T23:00:00.000Z,delta,2
2026-07-18T23:05:00.000Z,delta,2
2026-07-18T23:10:00.000Z,delta,2
2026-07-18T23:15:00.000Z,delta,2
2026-07-18T23:20:00.000Z,delta,2
2026-07-18T23:25:00.000Z,delta,2
2026-07-18T23:30:00.000Z,delta,2
2026-07-18T23:35:00.000Z,delta,2
2026-07-18T23:40:00.000Z,delta,2
2026-07-18T23:45:00.000Z,delta,2
2026-07-18T23:50:00.000Z,delta,2
2026-07-18T23:55:00.000Z,delta,2
2026-07-19T00:00:00.000Z,delta,2
2026-07-19T00:05:00.000Z,delta,2
2026-07-19T00:10:00.000Z,delta,5
2026-07-19T00:15:00.000Z,delta,5
2026-07-19T00:20:00.000Z,delta,5
2026-07-19T00:25:00.000Z,delta,5
2026-07-19T00:30:00.000Z,delta,5
2026-07-19T00:35:00.000Z,delta,5
2026-07-19T00:40:00.000Z,delta,5
2026-07-19T00:45:00.000Z,delta,5
2026-07-19T00:50:00.000Z,delta,5
2026-07-19T00:55:00.000Z,delta,5
2026-07-19T01:00:00.000Z,delta,5
2026-07-19T01:05:00.000Z,delta,5
2026-07-19T01:10:00.000Z,delta,5
2026-07-19T01:15:00.000Z,delta,5
2026-07-19T01:20:00.000Z,delta,5
2026-07-19T01:25:00.000Z,delta,5
2026-07-19T01:30:00.000Z,delta,5
2026-07-19T01:35:00.000Z,delta,5
2026-07-19T01:40:00.000Z,delta,5
2026-07-19T01:45:00.000Z,delta,5
2026-07-19T01:50:00.000Z,delta,5
2026-07-19T01:55:00.000Z,delta,5
2026-07-19T02:00:00.000Z,delta,5
2026-07-19T02:05:00.000Z,delta,5
2026-07-19T02:10:00.000Z,delta,6
2026-07-19T02:15:00.000Z,delta,6
2026-07-19T02:20:00.000Z,delta,6
2026-07-19T02:25:00.000Z,delta,6
2026-07-19T02:30:00.000Z,delta,6
2026-07-19T02:35:00.000Z,delta,6
2026-07-19T02:40:00.000Z,delta,6
2026-07-19T02:45:00.000Z,delta,5
2026-07-19T02:50:00.000Z,delta,5
2026-07-19T02:55:00.000Z,delta,5
2026-07-19T03:00:00.000Z,delta,4
2026-07-19T03:05:00.000Z,delta,4
2026-07-19T03:10:00.000Z,delta,4
2026-07-19T03:15:00.000Z,delta,4
2026-07-19T03:20:00.000Z,delta,4
2026-07-19T03:25:00.000Z,delta,4
2026-07-19T03:30:00.000Z,delta,4
2026-07-19T03:35:00.000Z,delta,3
2026-07-19T03:40:00.000Z,delta,3
2026-07-19T03:45:00.000Z,delta,3
2026-07-19T03:50:00.000Z,delta,3
2026-07-19T03:55:00.000Z,delta,3
2026-07-19T04:00:00.000Z,delta,3
2026-07-19T04:05:00.000Z,delta,3
2026-07-19T04:10:00.000Z,delta,3
2026-07-19T04:15:00.000Z,delta,3
2026-07-19T04:20:00.000Z,delta,3
2026-07-19T04:25:00.000Z,delta,3
2026-07-19T04:30:00.000Z,delta,3
2026-07-19T04:35:00.000Z,delta,3
2026-07-19T04:40:00.000Z,delta,3
2026-07-19T04:45:00.000Z,delta,3
2026-07-19T04:50:00.000Z,delta,3
2026-07-19T04:55:00.000Z,delta,3
2026-07-19T05:00:00.000Z,delta,3
2026-07-19T05:05:00.000Z,delta,5
2026-07-19T05:10:00.000Z,delta,5
2026-07-19T05:15:00.000Z,delta,5
2026-07-19T05:20:00.000Z,delta,5
2026-07-19T05:25:00.000Z,delta,5
2026-07-19T05:30:00.000Z,delta,5
2026-07-19T05:35:00.000Z,delta,5
2026-07-19T05:40:00.000Z,delta,6
2026-07-19T05:45:00.000Z,delta,6
2026-07-19T05:50:00.000Z,delta,5
2026-07-19T05:55:00.000Z,delta,5
2026-07-19T06:00:00.000Z,delta,5
2026-07-19T06:05:00.000Z,delta,7
2026-07-19T06:10:00.000Z,delta,7
2026-07-19T06:15:00.000Z,delta,7
2026-07-19T06:20:00.000Z,delta,7
2026-07-19T06:25:00.000Z,delta,7
2026-07-19T06:30:00.000Z,delta,7
2026-07-19T06:35:00.000Z,delta,7
2026-07-19T06:40:00.000Z,delta,7
2026-07-19T06:45:00.000Z,delta,7
2026-07-19T06:50:00.000Z,delta,7
2026-07-19T06:55:00.000Z,delta,7
2026-07-19T07:00:00.000Z,delta,7
2026-07-19T07:05:00.000Z,delta,7
2026-07-19T07:10:00.000Z,delta,7
2026-07-19T07:15:00.000Z,delta,7
2026-07-19T07:20:00.000Z,delta,7
2026-07-19T07:25:00.000Z,delta,7
2026-07-19T07:30:00.000Z,delta,7
2026-07-19T07:35:00.000Z,delta,7
2026-07-19T07:40:00.000Z,delta,7
2026-07-19T07:45:00.000Z,delta,7
2026-07-19T07:50:00.000Z,delta,7
2026-07-19T07:55:00.000Z,delta,7
2026-07-19T08:00:00.000Z,delta,7
2026-07-19T08:05:00.000Z,delta,7
2026-07-19T08:10:00.000Z,delta,7
2026-07-19T08:15:00.000Z,delta,7
2026-07-19T08:20:00.000Z,delta,7
2026-07-19T08:25:00.000Z,delta,8
2026-07-19T08:30:00.000Z,delta,8
2026-07-19T08:35:00.000Z,delta,8
2026-07-19T08:40:00.000Z,delta,7
2026-07-19T08:45:00.000Z,delta,7
2026-07-19T08:50:00.000Z,delta,7
2026-07-19T08:55:00.000Z,delta,7
2026-07-19T09:00:00.000Z,delta,8
2026-07-19T09:05:00.000Z,delta,8
2026-07-19T09:10:00.000Z,delta,7
2026-07-19T09:15:00.000Z,delta,7
2026-07-19T09:20:00.000Z,delta,7
2026-07-19T09:25:00.000Z,delta,8
2026-07-19T09:30:00.000Z,delta,9
2026-07-19T09:35:00.000Z,delta,9
2026-07-19T09:40:00.000Z,delta,9
2026-07-19T09:45:00.000Z,delta,9
2026-07-19T09:50:00.000Z,delta,8
2026-07-19T09:55:00.000Z,delta,8
2026-07-19T10:00:00.000Z,delta,8
2026-07-19T10:05:00.000Z,delta,6
2026-07-19T10:10:00.000Z,delta,6
2026-07-19T10:15:00.000Z,delta,6
2026-07-19T10:20:00.000Z,delta,6
2026-07-19T10:25:00.000Z,delta,6
2026-07-19T10:30:00.000Z,delta,6
2026-07-19T10:35:00.000Z,delta,6
2026-07-19T10:40:00.000Z,delta,6
2026-07-19T10:45:00.000Z,delta,6
2026-07-19T10:50:00.000Z,delta,6
2026-07-19T10:55:00.000Z,delta,7
2026-07-19T11:00:00.000Z,delta,7
2026-07-19T11:05:00.000Z,delta,7
2026-07-19T11:10:00.000Z,delta,7
2026-07-19T11:15:00.000Z,delta,6
2026-07-19T11:20:00.000Z,delta,6
2026-07-19T11:25:00.000Z,delta,6
2026-07-19T11:30:00.000Z,delta,4
2026-07-19T11:35:00.000Z,delta,4
2026-07-19T11:40:00.000Z,delta,4
2026-07-19T11:45:00.000Z,delta,4
2026-07-19T11:50:00.000Z,delta,4
2026-07-19T11:55:00.000Z,delta,4
2026-07-19T12:00:00.000Z,delta,4
2026-07-19T12:05:00.000Z,delta,4
2026-07-19T12:10:00.000Z,delta,5
2026-07-19T12:15:00.000Z,delta,5
2026-07-19T12:20:00.000Z,delta,5
2026-07-19T12:25:00.000Z,delta,5
2026-07-19T12:30:00.000Z,delta,5
2026-07-19T12:35:00.000Z,delta,5
2026-07-19T12:40:00.000Z,delta,5
2026-07-19T12:45:00.000Z,delta,6
2026-07-19T12:50:00.000Z,delta,6
2026-07-19T12:55:00.000Z,delta,6
2026-07-19T13:00:00.000Z,delta,6
2026-07-19T13:05:00.000Z,delta,6
2026-07-19T13:10:00.000Z,delta,6
2026-07-19T13:15:00.000Z,delta,6
2026-07-19T13:20:00.000Z,delta,6
2026-07-19T13:25:00.000Z,delta,6
2026-07-19T13:30:00.000Z,delta,6
2026-07-19T13:35:00.000Z,delta,6
2026-07-19T13:40:00.000Z,delta,6
2026-07-19T13:45:00.000Z,delta,6
2026-07-19T13:50:00.000Z,delta,6
2026-07-19T13:55:00.000Z,delta,6
2026-07-19T14:00:00.000Z,delta,6
2026-07-19T14:05:00.000Z,delta,6
2026-07-19T14:10:00.000Z,delta,6
2026-07-19T14:15:00.000Z,delta,6
2026-07-19T14:20:00.000Z,delta,6
2026-07-19T14:25:00.000Z,delta,7
2026-07-19T14:30:00.000Z,delta,7
2026-07-19T14:35:00.000Z,delta,7
2026-07-19T14:40:00.000Z,delta,7
2026-07-19T14:45:00.000Z,delta,7
2026-07-19T14:50:00.000Z,delta,7
2026-07-19T14:55:00.000Z,delta,7
2026-07-19T15:00:00.000Z,delta,7
2026-07-19T15:05:00.000Z,delta,7
2026-07-19T15:10:00.000Z,delta,7
2026-07-19T15:15:00.000Z,delta,7
2026-07-19T15:20:00.000Z,delta,6
2026-07-19T15:25:00.000Z,delta,6
2026-07-19T15:30:00.000Z,delta,6
2026-07-19T15:35:00.000Z,delta,6
2026-07-19T15:40:00.000Z,delta,6
2026-07-19T15:45:00.000Z,delta,6
2026-07-19T15:50:00.000Z,delta,6
2026-07-19T15:55:00.000Z,delta,6
2026-07-19T16:00:00.000Z,delta,6
2026-07-19T16:05:00.000Z,delta,6
2026-07-19T16:10:00.000Z,delta,6
2026-07-19T16:15:00.000Z,delta,6
2026-07-19T16:20:00.000Z,delta,4
2026-07-19T16:25:00.000Z,delta,4
2026-07-19T16:30:00.000Z,delta,4
2026-07-19T16:35:00.000Z,delta,4
2026-07-19T16:40:00.000Z,delta,3
2026-07-19T16:45:00.000Z,delta,3
2026-07-19T16:50:00.000Z,delta,3
2026-07-19T16:55:00.000Z,delta,3
2026-07-19T17:00:00.000Z,delta,3
2026-07-19T17:05:00.000Z,delta,3
2026-07-19T17:10:00.000Z,delta,3
2026-07-19T17:15:00.000Z,delta,3
2026-07-19T17:20:00.000Z,delta,3
2026-07-19T17:25:00.000Z,delta,3
2026-07-19T17:30:00.000Z,delta,3
2026-07-19T17:35:00.000Z,delta,3
2026-07-19T17:40:00.000Z,delta,3
2026-07-19T17:45:00.000Z,delta,3
2026-07-19T17:50:00.000Z,delta,3
2026-07-19T17:55:00.000Z,delta,3
2026-07-19T18:00:00.000Z,delta,3
2026-07-19T18:05:00.000Z,delta,3
2026-07-19T18:10:00.000Z,delta,3
2026-07-19T18:15:00.000Z,delta,3
2026-07-19T18:20:00.000Z,delta,3
2026-07-19T18:25:00.000Z,delta,3
2026-07-19T18:30:00.000Z,delta,3
2026-07-19T18:35:00.000Z,delta,3
2026-07-19T18:40:00.000Z,delta,3
2026-07-19T18:45:00.000Z,delta,3
2026-07-19T18:50:00.000Z,delta,3
2026-07-19T18:55:00.000Z,delta,3
2026-07-19T19:00:00.000Z,delta,3
2026-07-19T19:05:00.000Z,delta,3
2026-07-19T19:10:00.000Z,delta,3
2026-07-19T19:15:00.000Z,delta,3
2026-07-19T19:20:00.000Z,delta,3
2026-07-19T19:25:00.000Z,delta,3
2026-07-19T19:30:00.000Z,delta,3
2026-07-19T19:35:00.000Z,delta,3
2026-07-19T19:40:00.000Z,delta,3
2026-07-19T19:45:00.000Z,delta,2
2026-07-19T19:50:00.000Z,delta,2
2026-07-19T19:55:00.000Z,delta,2
2026-07-19T20:00:00.000Z,delta,2
2026-07-19T20:05:00.000Z,delta,2
2026-07-19T20:10:00.000Z,delta,3
2026-07-19T20:15:00.000Z,delta,3
2026-07-19T20:20:00.000Z,delta,3
2026-07-19T20:25:00.000Z,delta,3
2026-07-19T20:30:00.000Z,delta,3
2026-07-19T20:35:00.000Z,delta,3
2026-07-19T20:40:00.000Z,delta,2
2026-07-19T20:45:00.000Z,delta,2
2026-07-19T20:50:00.000Z,delta,2
2026-07-19T20:55:00.000Z,delta,2
2026-07-19T21:00:00.000Z,delta,3
2026-07-19T21:05:00.000Z,delta,3
2026-07-19T21:10:00.000Z,delta,3
2026-07-19T21:15:00.000Z,delta,3
2026-07-19T21:20:00.000Z,delta,3
2026-07-19T21:25:00.000Z,delta,3
2026-07-19T21:30:00.000Z,delta,3
2026-07-19T21:35:00.000Z,delta,3
2026-07-19T21:40:00.000Z,delta,3
2026-07-19T21:45:00.000Z,delta,3
2026-07-19T21:50:00.000Z,delta,3
2026-07-19T21:55:00.000Z,delta,3
2026-07-19T22:00:00.000Z,delta,3
2026-07-19T22:05:00.000Z,delta,3
2026-07-19T22:10:00.000Z,delta,3
2026-07-19T22:15:00.000Z,delta,3
2026-07-19T22:20:00.000Z,delta,3
2026-07-19T22:25:00.000Z,delta,3
2026-07-19T22:30:00.000Z,delta,3
2026-07-19T22:35:00.000Z,delta,3
2026-07-19T22:40:00.000Z,delta,3
2026-07-19T22:45:00.000Z,delta,3
2026-07-19T22:50:00.000Z,delta,3
2026-07-19T22:55:00.000Z,delta,3
2026-07-19T23:00:00.000Z,delta,4
2026-07-19T23:05:00.000Z,delta,4
2026-07-19T23:10:00.000Z,delta,5
2026-07-19T23:15:00.000Z,delta,8
2026-07-19T23:20:00.000Z,delta,9
2026-07-19T23:25:00.000Z,delta,10
2026-07-19T23:30:00.000Z,delta,10
2026-07-19T23:35:00.000Z,delta,8
2026-07-19T23:40:00.000Z,delta,9
2026-07-19T23:45:00.000Z,delta,10
2026-07-19T23:50:00.000Z,delta,9
2026-07-19T23:55:00.000Z,delta,9
2026-07-20T00:00:00.000Z,delta,8
2026-07-20T00:05:00.000Z,delta,8
2026-07-20T00:10:00.000Z,delta,9
2026-07-20T00:15:00.000Z,delta,9
2026-07-20T00:20:00.000Z,delta,10
2026-07-20T00:25:00.000Z,delta,11
2026-07-20T00:30:00.000Z,delta,10
2026-07-20T00:35:00.000Z,delta,10
2026-07-20T00:40:00.000Z,delta,9
2026-07-20T00:45:00.000Z,delta,9
2026-07-20T00:50:00.000Z,delta,9
2026-07-20T00:55:00.000Z,delta,8
2026-07-20T01:00:00.000Z,delta,6
2026-07-20T01:05:00.000Z,delta,6
2026-07-20T01:10:00.000Z,delta,7
2026-07-20T01:15:00.000Z,delta,7
2026-07-20T01:20:00.000Z,delta,7
2026-07-20T01:25:00.000Z,delta,7
2026-07-20T01:30:00.000Z,delta,11
2026-07-20T01:35:00.000Z,delta,11
2026-07-20T01:40:00.000Z,delta,11
2026-07-20T01:45:00.000Z,delta,11
2026-07-20T01:50:00.000Z,delta,10
2026-07-20T01:55:00.000Z,delta,17
2026-07-20T02:00:00.000Z,delta,17
2026-07-20T02:05:00.000Z,delta,18
2026-07-20T02:10:00.000Z,delta,18
2026-07-20T02:15:00.000Z,delta,18
2026-07-20T02:20:00.000Z,delta,19
2026-07-20T02:25:00.000Z,delta,19
2026-07-20T02:30:00.000Z,delta,19
2026-07-20T02:35:00.000Z,delta,19
2026-07-20T02:40:00.000Z,delta,19
2026-07-20T02:45:00.000Z,delta,18
2026-07-20T02:50:00.000Z,delta,19
2026-07-20T02:55:00.000Z,delta,19
2026-07-20T03:00:00.000Z,delta,19
2026-07-20T03:05:00.000Z,delta,20
2026-07-20T03:10:00.000Z,delta,20
2026-07-20T03:15:00.000Z,delta,22
2026-07-20T03:20:00.000Z,delta,22
2026-07-20T03:25:00.000Z,delta,23
2026-07-20T03:30:00.000Z,delta,25
2026-07-20T03:35:00.000Z,delta,25
2026-07-20T03:40:00.000Z,delta,24
2026-07-20T03:45:00.000Z,delta,25
2026-07-20T03:50:00.000Z,delta,28
2026-07-20T03:55:00.000Z,delta,30
2026-07-20T04:00:00.000Z,delta,31
2026-07-20T04:05:00.000Z,delta,31
2026-07-20T04:10:00.000Z,delta,30
2026-07-20T04:15:00.000Z,delta,32
2026-07-20T04:20:00.000Z,delta,31
2026-07-20T04:25:00.000Z,delta,31
2026-07-20T04:30:00.000Z,delta,25
2026-07-20T04:35:00.000Z,delta,20
2026-07-20T04:40:00.000Z,delta,17
2026-07-20T04:45:00.000Z,delta,17
2026-07-20T04:50:00.000Z,delta,17
2026-07-20T04:55:00.000Z,delta,17
2026-07-20T05:00:00.000Z,delta,17
2026-07-20T05:05:00.000Z,delta,17
2026-07-20T05:10:00.000Z,delta,17
2026-07-20T05:15:00.000Z,delta,17
2026-07-20T05:20:00.000Z,delta,17
2026-07-20T05:25:00.000Z,delta,20
2026-07-20T05:30:00.000Z,delta,22
2026-07-20T05:35:00.000Z,delta,23
2026-07-20T05:40:00.000Z,delta,29
2026-07-20T05:45:00.000Z,delta,34
2026-07-20T05:50:00.000Z,delta,33
2026-07-20T05:55:00.000Z,delta,32
2026-07-20T06:00:00.000Z,delta,31
2026-07-20T06:05:00.000Z,delta,31
2026-07-20T06:10:00.000Z,delta,24
2026-07-20T06:15:00.000Z,delta,17
2026-07-20T06:20:00.000Z,delta,14
2026-07-20T06:25:00.000Z,delta,11
2026-07-20T06:30:00.000Z,delta,11
2026-07-20T06:35:00.000Z,delta,11
2026-07-20T06:40:00.000Z,delta,10
2026-07-20T06:45:00.000Z,delta,9
2026-07-20T06:50:00.000Z,delta,9
2026-07-20T06:55:00.000Z,delta,8
2026-07-20T07:00:00.000Z,delta,8
2026-07-20T07:05:00.000Z,delta,8
2026-07-20T07:10:00.000Z,delta,8
2026-07-20T07:15:00.000Z,delta,8
2026-07-20T07:20:00.000Z,delta,8
2026-07-20T07:25:00.000Z,delta,15
2026-07-20T07:30:00.000Z,delta,20
2026-07-20T07:35:00.000Z,delta,26
2026-07-20T07:40:00.000Z,delta,30
2026-07-20T07:45:00.000Z,delta,33
2026-07-20T07:50:00.000Z,delta,34
2026-07-20T07:55:00.000Z,delta,32
2026-07-20T08:00:00.000Z,delta,32
2026-07-20T08:05:00.000Z,delta,34
2026-07-20T08:10:00.000Z,delta,35
2026-07-20T08:15:00.000Z,delta,38
2026-07-20T08:20:00.000Z,delta,39
2026-07-20T08:25:00.000Z,delta,39
2026-07-20T08:30:00.000Z,delta,40
2026-07-20T08:35:00.000Z,delta,39
2026-07-20T08:40:00.000Z,delta,40
2026-07-20T08:45:00.000Z,delta,42
2026-07-20T08:50:00.000Z,delta,44
2026-07-20T08:55:00.000Z,delta,47
2026-07-20T09:00:00.000Z,delta,49
2026-07-20T09:05:00.000Z,delta,50
2026-07-20T09:10:00.000Z,delta,55
2026-07-20T09:15:00.000Z,delta,63
2026-07-20T09:20:00.000Z,delta,61
2026-07-20T09:25:00.000Z,delta,57
2026-07-20T09:30:00.000Z,delta,57
2026-07-20T09:35:00.000Z,delta,54
2026-07-20T09:40:00.000Z,delta,42
2026-07-20T09:45:00.000Z,delta,33
2026-07-20T09:50:00.000Z,delta,33
2026-07-20T09:55:00.000Z,delta,34
2026-07-20T10:00:00.000Z,delta,33
2026-07-20T10:05:00.000Z,delta,33
2026-07-20T10:10:00.000Z,delta,32
2026-07-20T10:15:00.000Z,delta,31
2026-07-20T10:20:00.000Z,delta,33
2026-07-20T10:25:00.000Z,delta,33
2026-07-20T10:30:00.000Z,delta,33
2026-07-20T10:35:00.000Z,delta,33
2026-07-20T10:40:00.000Z,delta,34
2026-07-20T10:45:00.000Z,delta,34
2026-07-20T10:50:00.000Z,delta,33
2026-07-20T10:55:00.000Z,delta,29
2026-07-20T11:00:00.000Z,delta,26
2026-07-20T11:05:00.000Z,delta,26
2026-07-20T11:10:00.000Z,delta,23
2026-07-20T11:15:00.000Z,delta,23
2026-07-20T11:20:00.000Z,delta,23
2026-07-20T11:25:00.000Z,delta,24
2026-07-20T11:30:00.000Z,delta,25
2026-07-20T11:35:00.000Z,delta,38
2026-07-20T11:40:00.000Z,delta,46
2026-07-20T11:45:00.000Z,delta,48
2026-07-20T11:50:00.000Z,delta,51
2026-07-20T11:55:00.000Z,delta,50
2026-07-20T12:00:00.000Z,delta,49
2026-07-20T12:05:00.000Z,delta,46
2026-07-20T12:10:00.000Z,delta,41
2026-07-20T12:15:00.000Z,delta,39
2026-07-20T12:20:00.000Z,delta,37
2026-07-20T12:25:00.000Z,delta,28
2026-07-20T12:30:00.000Z,delta,25
2026-07-20T12:35:00.000Z,delta,17
2026-07-20T12:40:00.000Z,delta,17
2026-07-20T12:45:00.000Z,delta,12
2026-07-20T12:50:00.000Z,delta,6
2026-07-20T12:55:00.000Z,delta,6
2026-07-20T13:00:00.000Z,delta,6
2026-07-20T13:05:00.000Z,delta,5
2026-07-20T13:10:00.000Z,delta,5
2026-07-20T13:15:00.000Z,delta,5
2026-07-20T13:20:00.000Z,delta,5
2026-07-20T13:25:00.000Z,delta,7
2026-07-20T13:30:00.000Z,delta,7
2026-07-20T13:35:00.000Z,delta,7
2026-07-20T13:40:00.000Z,delta,7
2026-07-20T13:45:00.000Z,delta,7
2026-07-20T13:50:00.000Z,delta,7
2026-07-20T13:55:00.000Z,delta,6
2026-07-20T14:00:00.000Z,delta,6
2026-07-20T14:05:00.000Z,delta,6
2026-07-20T14:10:00.000Z,delta,6
2026-07-20T14:15:00.000Z,delta,6
2026-07-20T14:20:00.000Z,delta,6
2026-07-20T14:25:00.000Z,delta,6
2026-07-20T14:30:00.000Z,delta,5
2026-07-20T14:35:00.000Z,delta,5
2026-07-20T14:40:00.000Z,delta,4
2026-07-20T14:45:00.000Z,delta,5
2026-07-20T14:50:00.000Z,delta,5
2026-07-20T14:55:00.000Z,delta,5
2026-07-20T15:00:00.000Z,delta,5
2026-07-20T15:05:00.000Z,delta,5
2026-07-20T15:10:00.000Z,delta,5
2026-07-20T15:15:00.000Z,delta,5
2026-07-20T15:20:00.000Z,delta,5
2026-07-20T15:25:00.000Z,delta,5
2026-07-20T15:30:00.000Z,delta,5
2026-07-20T15:35:00.000Z,delta,5
2026-07-20T15:40:00.000Z,delta,5
2026-07-20T15:45:00.000Z,delta,5
2026-07-20T15:50:00.000Z,delta,5
2026-07-20T15:55:00.000Z,delta,5
2026-07-20T16:00:00.000Z,delta,5
2026-07-20T16:05:00.000Z,delta,5
2026-07-20T16:10:00.000Z,delta,4
2026-07-20T16:15:00.000Z,delta,4
2026-07-20T16:20:00.000Z,delta,4
2026-07-20T16:25:00.000Z,delta,4
2026-07-20T16:30:00.000Z,delta,4
2026-07-20T16:35:00.000Z,delta,4
2026-07-20T16:40:00.000Z,delta,4
2026-07-20T16:45:00.000Z,delta,4
2026-07-20T16:50:00.000Z,delta,4
2026-07-20T16:55:00.000Z,delta,3
2026-07-20T17:00:00.000Z,delta,2
2026-07-20T17:05:00.000Z,delta,2
2026-07-20T17:10:00.000Z,delta,2
2026-07-20T17:15:00.000Z,delta,2
2026-07-20T17:20:00.000Z,delta,2
2026-07-20T17:25:00.000Z,delta,2
2026-07-20T17:30:00.000Z,delta,2
2026-07-20T17:35:00.000Z,delta,2
2026-07-20T17:40:00.000Z,delta,2
2026-07-20T17:45:00.000Z,delta,2
2026-07-20T17:50:00.000Z,delta,2
2026-07-20T17:55:00.000Z,delta,2
2026-07-20T18:00:00.000Z,delta,2
2026-07-20T18:05:00.000Z,delta,2
2026-07-20T18:10:00.000Z,delta,2
2026-07-20T18:15:00.000Z,delta,2
2026-07-20T18:20:00.000Z,delta,3
2026-07-20T18:25:00.000Z,delta,3
2026-07-20T18:30:00.000Z,delta,3
2026-07-20T18:35:00.000Z,delta,3
2026-07-20T18:40:00.000Z,delta,3
2026-07-20T18:45:00.000Z,delta,3
2026-07-20T18:50:00.000Z,delta,3
2026-07-20T18:55:00.000Z,delta,3
2026-07-20T19:00:00.000Z,delta,3
2026-07-20T19:05:00.000Z,delta,3
2026-07-20T19:10:00.000Z,delta,3
2026-07-20T19:15:00.000Z,delta,3
2026-07-20T19:20:00.000Z,delta,3
2026-07-20T19:25:00.000Z,delta,3
2026-07-20T19:30:00.000Z,delta,3
2026-07-20T19:35:00.000Z,delta,3
2026-07-20T19:40:00.000Z,delta,3
2026-07-20T19:45:00.000Z,delta,3
2026-07-20T19:50:00.000Z,delta,3
2026-07-20T19:55:00.000Z,delta,3
2026-07-20T20:00:00.000Z,delta,3
2026-07-20T20:05:00.000Z,delta,3
2026-07-20T20:10:00.000Z,delta,3
2026-07-20T20:15:00.000Z,delta,3
2026-07-20T20:20:00.000Z,delta,3
2026-07-20T20:25:00.000Z,delta,3
2026-07-20T20:30:00.000Z,delta,3
2026-07-20T20:35:00.000Z,delta,3
2026-07-20T20:40:00.000Z,delta,3
2026-07-20T20:45:00.000Z,delta,3
2026-07-20T20:50:00.000Z,delta,3
2026-07-20T20:55:00.000Z,delta,3
2026-07-20T21:00:00.000Z,delta,3
2026-07-20T21:05:00.000Z,delta,3
2026-07-20T21:10:00.000Z,delta,3
2026-07-20T21:15:00.000Z,delta,3
2026-07-20T21:20:00.000Z,delta,3
2026-07-20T21:25:00.000Z,delta,3
2026-07-20T21:30:00.000Z,delta,3
2026-07-20T21:35:00.000Z,delta,3
2026-07-20T21:40:00.000Z,delta,3
2026-07-20T21:45:00.000Z,delta,3
2026-07-20T21:50:00.000Z,delta,3
2026-07-20T21:55:00.000Z,delta,3
2026-07-20T22:00:00.000Z,delta,3
2026-07-20T22:05:00.000Z,delta,3
2026-07-20T22:10:00.000Z,delta,3
2026-07-20T22:15:00.000Z,delta,3
2026-07-20T22:20:00.000Z,delta,3
2026-07-20T22:25:00.000Z,delta,3
2026-07-20T22:30:00.000Z,delta,3
2026-07-20T22:35:00.000Z,delta,3
2026-07-20T22:40:00.000Z,delta,3
2026-07-20T22:45:00.000Z,delta,3
2026-07-20T22:50:00.000Z,delta,3
2026-07-20T22:55:00.000Z,delta,3
2026-07-20T23:00:00.000Z,delta,3
2026-07-20T23:05:00.000Z,delta,3
2026-07-20T23:10:00.000Z,delta,3
2026-07-20T23:15:00.000Z,delta,3
2026-07-20T23:20:00.000Z,delta,3
2026-07-20T23:25:00.000Z,delta,3
2026-07-20T23:30:00.000Z,delta,5
2026-07-20T23:35:00.000Z,delta,7
2026-07-20T23:40:00.000Z,delta,9
2026-07-20T23:45:00.000Z,delta,11
2026-07-20T23:50:00.000Z,delta,11
2026-07-20T23:55:00.000Z,delta,11
2026-07-21T00:00:00.000Z,delta,11
2026-07-21T00:05:00.000Z,delta,11
2026-07-21T00:10:00.000Z,delta,11
2026-07-21T00:15:00.000Z,delta,11
2026-07-21T00:20:00.000Z,delta,9
2026-07-21T00:25:00.000Z,delta,9
2026-07-21T00:30:00.000Z,delta,9
2026-07-21T00:35:00.000Z,delta,9
2026-07-21T00:40:00.000Z,delta,9
2026-07-21T00:45:00.000Z,delta,9
2026-07-21T00:50:00.000Z,delta,9
2026-07-21T00:55:00.000Z,delta,13
2026-07-21T01:00:00.000Z,delta,15
2026-07-21T01:05:00.000Z,delta,15
2026-07-21T01:10:00.000Z,delta,15
2026-07-21T01:15:00.000Z,delta,16
2026-07-21T01:20:00.000Z,delta,16
2026-07-21T01:25:00.000Z,delta,16
2026-07-21T01:30:00.000Z,delta,19
2026-07-21T01:35:00.000Z,delta,18
2026-07-21T01:40:00.000Z,delta,20
2026-07-21T01:45:00.000Z,delta,20
2026-07-21T01:50:00.000Z,delta,20
2026-07-21T01:55:00.000Z,delta,21
2026-07-21T02:00:00.000Z,delta,22
2026-07-21T02:05:00.000Z,delta,24
2026-07-21T02:10:00.000Z,delta,25
2026-07-21T02:15:00.000Z,delta,23
2026-07-21T02:20:00.000Z,delta,22
2026-07-21T02:25:00.000Z,delta,22
2026-07-21T02:30:00.000Z,delta,17
2026-07-21T02:35:00.000Z,delta,18
2026-07-21T02:40:00.000Z,delta,18
2026-07-21T02:45:00.000Z,delta,24
2026-07-21T02:50:00.000Z,delta,25
2026-07-21T02:55:00.000Z,delta,27
2026-07-21T03:00:00.000Z,delta,30
2026-07-21T03:05:00.000Z,delta,31
2026-07-21T03:10:00.000Z,delta,30
2026-07-21T03:15:00.000Z,delta,29
2026-07-21T03:20:00.000Z,delta,32
2026-07-21T03:25:00.000Z,delta,32
2026-07-21T03:30:00.000Z,delta,37
2026-07-21T03:35:00.000Z,delta,37
2026-07-21T03:40:00.000Z,delta,38
2026-07-21T03:45:00.000Z,delta,38
2026-07-21T03:50:00.000Z,delta,38
2026-07-21T03:55:00.000Z,delta,38
2026-07-21T04:00:00.000Z,delta,38
2026-07-21T04:05:00.000Z,delta,37
2026-07-21T04:10:00.000Z,delta,41
2026-07-21T04:15:00.000Z,delta,39
2026-07-21T04:20:00.000Z,delta,38
2026-07-21T04:25:00.000Z,delta,36
2026-07-21T04:30:00.000Z,delta,32
2026-07-21T04:35:00.000Z,delta,28
2026-07-21T04:40:00.000Z,delta,28
2026-07-21T04:45:00.000Z,delta,26
2026-07-21T04:50:00.000Z,delta,26
2026-07-21T04:55:00.000Z,delta,26
2026-07-21T05:00:00.000Z,delta,27
2026-07-21T05:05:00.000Z,delta,28
2026-07-21T05:10:00.000Z,delta,29
2026-07-21T05:15:00.000Z,delta,32
2026-07-21T05:20:00.000Z,delta,33
2026-07-21T05:25:00.000Z,delta,33
2026-07-21T05:30:00.000Z,delta,33
2026-07-21T05:35:00.000Z,delta,32
2026-07-21T05:40:00.000Z,delta,29
2026-07-21T05:45:00.000Z,delta,29
2026-07-21T05:50:00.000Z,delta,30
2026-07-21T05:55:00.000Z,delta,30
2026-07-21T06:00:00.000Z,delta,30
2026-07-21T06:05:00.000Z,delta,28
2026-07-21T06:10:00.000Z,delta,31
2026-07-21T06:15:00.000Z,delta,30
2026-07-21T06:20:00.000Z,delta,32
2026-07-21T06:25:00.000Z,delta,32
2026-07-21T06:30:00.000Z,delta,31
2026-07-21T06:35:00.000Z,delta,33
2026-07-21T06:40:00.000Z,delta,32
2026-07-21T06:45:00.000Z,delta,31
2026-07-21T06:50:00.000Z,delta,32
2026-07-21T06:55:00.000Z,delta,31
2026-07-21T07:00:00.000Z,delta,31
2026-07-21T07:05:00.000Z,delta,31
2026-07-21T07:10:00.000Z,delta,31
2026-07-21T07:15:00.000Z,delta,32
2026-07-21T07:20:00.000Z,delta,32
2026-07-21T07:25:00.000Z,delta,32
2026-07-26T15:35:00.000Z,delta,6
2026-07-26T15:40:00.000Z,delta,6
2026-07-26T15:45:00.000Z,delta,6
2026-07-26T15:50:00.000Z,delta,6
2026-07-26T15:55:00.000Z,delta,6
2026-07-26T16:00:00.000Z,delta,6
2026-07-26T16:05:00.000Z,delta,6
2026-07-26T16:10:00.000Z,delta,6
2026-07-26T16:15:00.000Z,delta,6
2026-07-26T16:20:00.000Z,delta,6
2026-07-26T16:25:00.000Z,delta,6
2026-07-26T16:30:00.000Z,delta,6
2026-07-26T16:35:00.000Z,delta,6
2026-07-26T16:40:00.000Z,delta,6
2026-07-26T16:45:00.000Z,delta,6
2026-07-26T16:50:00.000Z,delta,6
2026-07-26T16:55:00.000Z,delta,6
2026-07-26T17:00:00.000Z,delta,6
2026-07-26T17:05:00.000Z,delta,5
2026-07-26T17:10:00.000Z,delta,5
2026-07-26T17:15:00.000Z,delta,5
2026-07-26T17:20:00.000Z,delta,5
2026-07-26T17:25:00.000Z,delta,5
2026-07-26T17:30:00.000Z,delta,5
2026-07-26T17:35:00.000Z,delta,5
2026-07-26T17:40:00.000Z,delta,5
2026-07-26T17:45:00.000Z,delta,5
2026-07-26T17:50:00.000Z,delta,5
2026-07-26T17:55:00.000Z,delta,5
2026-07-26T18:00:00.000Z,delta,5
2026-07-26T18:05:00.000Z,delta,5
2026-07-26T18:10:00.000Z,delta,5
2026-07-26T18:15:00.000Z,delta,5
2026-07-26T18:20:00.000Z,delta,5
2026-07-26T18:25:00.000Z,delta,5
2026-07-26T18:30:00.000Z,delta,5
2026-07-26T18:35:00.000Z,delta,5
2026-07-26T18:40:00.000Z,delta,5
2026-07-26T18:45:00.000Z,delta,5
2026-07-26T18:50:00.000Z,delta,5
2026-07-26T18:55:00.000Z,delta,5
2026-07-26T19:00:00.000Z,delta,5
2026-07-26T19:05:00.000Z,delta,5
2026-07-26T19:10:00.000Z,delta,5
2026-07-26T19:15:00.000Z,delta,5
2026-07-26T19:20:00.000Z,delta,5
2026-07-26T19:25:00.000Z,delta,5
2026-07-26T19:30:00.000Z,delta,5
2026-07-26T19:35:00.000Z,delta,5
2026-07-26T19:40:00.000Z,delta,5
2026-07-26T19:45:00.000Z,delta,5
2026-07-26T19:50:00.000Z,delta,5
2026-07-26T19:55:00.000Z,delta,5
2026-07-26T20:00:00.000Z,delta,5
2026-07-26T20:05:00.000Z,delta,5
2026-07-26T20:10:00.000Z,delta,5
2026-07-26T20:15:00.000Z,delta,5
2026-07-26T20:20:00.000Z,delta,5
2026-07-26T20:25:00.000Z,delta,5
2026-07-26T20:30:00.000Z,delta,4
2026-07-26T20:35:00.000Z,delta,3
2026-07-26T20:40:00.000Z,delta,3
2026-07-26T20:45:00.000Z,delta,3
2026-07-26T20:50:00.000Z,delta,3
2026-07-26T20:55:00.000Z,delta,3
2026-07-26T21:00:00.000Z,delta,3
2026-07-26T21:05:00.000Z,delta,4
2026-07-26T21:10:00.000Z,delta,4
2026-07-26T21:15:00.000Z,delta,4
2026-07-26T21:20:00.000Z,delta,4
2026-07-26T21:25:00.000Z,delta,4
2026-07-26T21:30:00.000Z,delta,4
2026-07-26T21:35:00.000Z,delta,4
2026-07-26T21:40:00.000Z,delta,4
2026-07-26T21:45:00.000Z,delta,3
2026-07-26T21:50:00.000Z,delta,3
2026-07-26T21:55:00.000Z,delta,3
2026-07-26T22:00:00.000Z,delta,3
2026-07-26T22:05:00.000Z,delta,3
2026-07-26T22:10:00.000Z,delta,3
2026-07-26T22:15:00.000Z,delta,3
2026-07-26T22:20:00.000Z,delta,3
2026-07-26T22:25:00.000Z,delta,3
2026-07-26T22:30:00.000Z,delta,4
2026-07-26T22:35:00.000Z,delta,4
2026-07-26T22:40:00.000Z,delta,4
2026-07-26T22:45:00.000Z,delta,4
2026-07-26T22:50:00.000Z,delta,4
2026-07-26T22:55:00.000Z,delta,4
2026-07-26T23:00:00.000Z,delta,4
2026-07-26T23:05:00.000Z,delta,4
2026-07-26T23:10:00.000Z,delta,4
2026-07-26T23:15:00.000Z,delta,4
2026-07-26T23:20:00.000Z,delta,4
2026-07-26T23:25:00.000Z,delta,4
2026-07-26T23:30:00.000Z,delta,4
2026-07-26T23:35:00.000Z,delta,4
2026-07-26T23:40:00.000Z,delta,4
2026-07-26T23:45:00.000Z,delta,4
2026-07-26T23:50:00.000Z,delta,4
2026-07-26T23:55:00.000Z,delta,7
2026-07-27T00:00:00.000Z,delta,7
2026-07-27T00:05:00.000Z,delta,10
2026-07-27T00:10:00.000Z,delta,14
2026-07-27T00:15:00.000Z,delta,17
2026-07-27T00:20:00.000Z,delta,18
2026-07-27T00:25:00.000Z,delta,18
2026-07-27T00:30:00.000Z,delta,17
2026-07-27T00:35:00.000Z,delta,18
2026-07-27T00:40:00.000Z,delta,20
2026-07-27T00:45:00.000Z,delta,17
2026-07-27T00:50:00.000Z,delta,15
2026-07-27T00:55:00.000Z,delta,19
2026-07-27T01:00:00.000Z,delta,19
2026-07-27T01:05:00.000Z,delta,20
2026-07-27T01:10:00.000Z,delta,22
2026-07-27T01:15:00.000Z,delta,21
2026-07-27T01:20:00.000Z,delta,20
2026-07-27T01:25:00.000Z,delta,20
2026-07-27T01:30:00.000Z,delta,20
2026-07-27T01:35:00.000Z,delta,10
2026-07-27T01:40:00.000Z,delta,9
2026-07-27T01:45:00.000Z,delta,10
2026-07-27T01:50:00.000Z,delta,10
2026-07-27T01:55:00.000Z,delta,12
2026-07-27T02:00:00.000Z,delta,13
2026-07-27T02:05:00.000Z,delta,13
2026-07-27T02:10:00.000Z,delta,16
2026-07-27T02:15:00.000Z,delta,16
2026-07-27T02:20:00.000Z,delta,17
2026-07-27T02:25:00.000Z,delta,17
2026-07-27T02:30:00.000Z,delta,15
2026-07-27T02:35:00.000Z,delta,17
2026-07-27T02:40:00.000Z,delta,15
2026-07-27T02:45:00.000Z,delta,16
2026-07-27T02:50:00.000Z,delta,16
2026-07-27T02:55:00.000Z,delta,11
2026-07-27T03:00:00.000Z,delta,10
2026-07-27T03:05:00.000Z,delta,11
2026-07-27T03:10:00.000Z,delta,12
2026-07-27T03:15:00.000Z,delta,13
2026-07-27T03:20:00.000Z,delta,13
2026-07-27T03:25:00.000Z,delta,13
2026-07-27T03:30:00.000Z,delta,13
2026-07-27T03:35:00.000Z,delta,20
2026-07-27T03:40:00.000Z,delta,24
2026-07-27T03:45:00.000Z,delta,28
2026-07-27T03:50:00.000Z,delta,29
2026-07-27T03:55:00.000Z,delta,32
2026-07-27T04:00:00.000Z,delta,37
2026-07-27T04:05:00.000Z,delta,40
2026-07-27T04:10:00.000Z,delta,42
2026-07-27T04:15:00.000Z,delta,47
2026-07-27T04:20:00.000Z,delta,49
2026-07-27T04:25:00.000Z,delta,51
2026-07-27T04:30:00.000Z,delta,51
2026-07-27T04:35:00.000Z,delta,50
2026-07-27T04:40:00.000Z,delta,53
2026-07-27T04:45:00.000Z,delta,48
2026-07-27T04:50:00.000Z,delta,47
2026-07-27T04:55:00.000Z,delta,42
2026-07-27T05:00:00.000Z,delta,32
2026-07-27T05:05:00.000Z,delta,28
2026-07-27T05:10:00.000Z,delta,28
2026-07-27T05:15:00.000Z,delta,28
2026-07-27T05:20:00.000Z,delta,27
2026-07-27T05:25:00.000Z,delta,27
2026-07-27T05:30:00.000Z,delta,28
2026-07-27T05:35:00.000Z,delta,28
2026-07-27T05:40:00.000Z,delta,28
2026-07-27T05:45:00.000Z,delta,30
2026-07-27T05:50:00.000Z,delta,31
2026-07-27T05:55:00.000Z,delta,32
2026-07-27T06:00:00.000Z,delta,32
2026-07-27T06:05:00.000Z,delta,33
2026-07-27T06:10:00.000Z,delta,30
2026-07-27T06:15:00.000Z,delta,27
2026-07-27T06:20:00.000Z,delta,25
2026-07-27T06:25:00.000Z,delta,25
2026-07-27T06:30:00.000Z,delta,23
2026-07-27T06:35:00.000Z,delta,23
2026-07-27T06:40:00.000Z,delta,23
2026-07-27T06:45:00.000Z,delta,25
2026-07-27T06:50:00.000Z,delta,25
2026-07-27T06:55:00.000Z,delta,24
2026-07-27T07:00:00.000Z,delta,20
2026-07-27T07:05:00.000Z,delta,22
2026-07-27T07:10:00.000Z,delta,17
2026-07-27T07:15:00.000Z,delta,17
2026-07-27T07:20:00.000Z,delta,19
2026-07-27T07:25:00.000Z,delta,19
2026-07-27T07:30:00.000Z,delta,19
2026-07-27T07:35:00.000Z,delta,23
2026-07-27T07:40:00.000Z,delta,24
2026-07-27T07:45:00.000Z,delta,24
2026-07-27T07:50:00.000Z,delta,24
2026-07-27T07:55:00.000Z,delta,28
2026-07-27T08:00:00.000Z,delta,29
2026-07-27T08:05:00.000Z,delta,30
2026-07-27T08:10:00.000Z,delta,31
2026-07-27T08:15:00.000Z,delta,30
2026-07-27T08:20:00.000Z,delta,32
2026-07-27T08:25:00.000Z,delta,32
2026-07-27T08:30:00.000Z,delta,31
2026-07-27T08:35:00.000Z,delta,34
2026-07-27T08:40:00.000Z,delta,33
2026-07-27T08:45:00.000Z,delta,32
2026-07-27T08:50:00.000Z,delta,32
2026-07-27T08:55:00.000Z,delta,30
2026-07-27T09:00:00.000Z,delta,26
2026-07-27T09:05:00.000Z,delta,26
2026-07-27T09:10:00.000Z,delta,28
2026-07-27T09:15:00.000Z,delta,27
2026-07-27T09:20:00.000Z,delta,28
2026-07-27T09:25:00.000Z,delta,28
2026-07-27T09:30:00.000Z,delta,28
2026-07-27T09:35:00.000Z,delta,26
2026-07-27T09:40:00.000Z,delta,26
2026-07-27T09:45:00.000Z,delta,35
2026-07-27T09:50:00.000Z,delta,59
2026-07-27T09:55:00.000Z,delta,64
2026-07-27T10:00:00.000Z,delta,65
2026-07-27T10:05:00.000Z,delta,63
2026-07-27T10:10:00.000Z,delta,59
2026-07-27T10:15:00.000Z,delta,57
2026-07-27T10:20:00.000Z,delta,56
2026-07-27T10:25:00.000Z,delta,51
2026-07-27T10:30:00.000Z,delta,52
2026-07-27T10:35:00.000Z,delta,50
2026-07-27T10:40:00.000Z,delta,39
2026-07-27T10:45:00.000Z,delta,35
2026-07-27T10:50:00.000Z,delta,34
2026-07-27T10:55:00.000Z,delta,30
2026-07-27T11:00:00.000Z,delta,30
2026-07-27T11:05:00.000Z,delta,30
2026-07-27T11:10:00.000Z,delta,28
2026-07-27T11:15:00.000Z,delta,29
2026-07-27T11:20:00.000Z,delta,29
2026-07-27T11:25:00.000Z,delta,29
2026-07-27T11:30:00.000Z,delta,31
2026-07-27T11:35:00.000Z,delta,30
2026-07-27T11:40:00.000Z,delta,27
2026-07-27T11:45:00.000Z,delta,27
2026-07-27T11:50:00.000Z,delta,24
2026-07-27T11:55:00.000Z,delta,11
2026-07-27T12:00:00.000Z,delta,11
2026-07-27T12:05:00.000Z,delta,8
2026-07-27T12:10:00.000Z,delta,8
2026-07-27T12:15:00.000Z,delta,8
2026-07-27T12:20:00.000Z,delta,8
2026-07-27T12:25:00.000Z,delta,8
2026-07-27T12:30:00.000Z,delta,8
2026-07-27T12:35:00.000Z,delta,8
2026-07-27T12:40:00.000Z,delta,8
2026-07-27T12:45:00.000Z,delta,14
2026-07-27T12:50:00.000Z,delta,14
2026-07-27T12:55:00.000Z,delta,14
2026-07-27T13:00:00.000Z,delta,13
2026-07-27T13:05:00.000Z,delta,13
2026-07-27T13:10:00.000Z,delta,13
2026-07-27T13:15:00.000Z,delta,14
2026-07-27T13:20:00.000Z,delta,14
2026-07-27T13:25:00.000Z,delta,15
2026-07-27T13:30:00.000Z,delta,15
2026-07-27T13:35:00.000Z,delta,9
2026-07-27T13:40:00.000Z,delta,11
2026-07-27T13:45:00.000Z,delta,10
2026-07-27T13:50:00.000Z,delta,10
2026-07-27T13:55:00.000Z,delta,9
2026-07-27T14:00:00.000Z,delta,6
2026-07-27T14:05:00.000Z,delta,6
2026-07-27T14:10:00.000Z,delta,7
2026-07-27T14:15:00.000Z,delta,7
2026-07-27T14:20:00.000Z,delta,7
2026-07-27T14:25:00.000Z,delta,7
2026-07-27T14:30:00.000Z,delta,7
2026-07-27T14:35:00.000Z,delta,7
2026-07-27T14:40:00.000Z,delta,7
2026-07-27T14:45:00.000Z,delta,7
2026-07-27T14:50:00.000Z,delta,7
2026-07-27T14:55:00.000Z,delta,7
2026-07-27T15:00:00.000Z,delta,7
2026-07-27T15:05:00.000Z,delta,7
2026-07-27T15:10:00.000Z,delta,7
2026-07-27T15:15:00.000Z,delta,7
2026-07-27T15:20:00.000Z,delta,7
2026-07-27T15:25:00.000Z,delta,7
2026-07-27T15:30:00.000Z,delta,7
2026-07-27T15:35:00.000Z,delta,7
2026-07-27T15:40:00.000Z,delta,7
2026-07-27T15:45:00.000Z,delta,7
2026-07-27T15:50:00.000Z,delta,7
2026-07-27T15:55:00.000Z,delta,7
2026-07-27T16:00:00.000Z,delta,7
2026-07-27T16:05:00.000Z,delta,7
2026-07-27T16:10:00.000Z,delta,7
2026-07-27T16:15:00.000Z,delta,7
2026-07-27T16:20:00.000Z,delta,7
2026-07-27T16:25:00.000Z,delta,7
2026-07-27T16:30:00.000Z,delta,7
2026-07-27T16:35:00.000Z,delta,7
2026-07-27T16:40:00.000Z,delta,7
2026-07-27T16:45:00.000Z,delta,7
2026-07-27T16:50:00.000Z,delta,7
2026-07-27T16:55:00.000Z,delta,7
2026-07-27T17:00:00.000Z,delta,7
2026-07-27T17:05:00.000Z,delta,7
2026-07-27T17:10:00.000Z,delta,7
2026-07-27T17:15:00.000Z,delta,8
2026-07-27T17:20:00.000Z,delta,8
2026-07-27T17:25:00.000Z,delta,8
2026-07-27T17:30:00.000Z,delta,8
2026-07-27T17:35:00.000Z,delta,8
2026-07-27T17:40:00.000Z,delta,7
2026-07-27T17:45:00.000Z,delta,7
2026-07-27T17:50:00.000Z,delta,7
2026-07-27T17:55:00.000Z,delta,7
2026-07-27T18:00:00.000Z,delta,7
2026-07-27T18:05:00.000Z,delta,7
2026-07-27T18:10:00.000Z,delta,7
2026-07-27T18:15:00.000Z,delta,7
2026-07-27T18:20:00.000Z,delta,7
2026-07-27T18:25:00.000Z,delta,7
2026-07-27T18:30:00.000Z,delta,7
2026-07-27T18:35:00.000Z,delta,7
2026-07-27T18:40:00.000Z,delta,7
2026-07-27T18:45:00.000Z,delta,7
2026-07-27T18:50:00.000Z,delta,7
2026-07-27T18:55:00.000Z,delta,7
2026-07-27T19:00:00.000Z,delta,7
2026-07-27T19:05:00.000Z,delta,7
2026-07-27T19:10:00.000Z,delta,7
2026-07-27T19:15:00.000Z,delta,7
2026-07-27T19:20:00.000Z,delta,7
2026-07-27T19:25:00.000Z,delta,7
2026-07-27T19:30:00.000Z,delta,7
2026-07-27T19:35:00.000Z,delta,7
2026-07-27T19:40:00.000Z,delta,7
2026-07-27T19:45:00.000Z,delta,6
2026-07-27T19:50:00.000Z,delta,6
2026-07-27T19:55:00.000Z,delta,6
2026-07-27T20:00:00.000Z,delta,6
2026-07-27T20:05:00.000Z,delta,6
2026-07-27T20:10:00.000Z,delta,6
2026-07-27T20:15:00.000Z,delta,6
2026-07-27T20:20:00.000Z,delta,5
2026-07-27T20:25:00.000Z,delta,5
2026-07-27T20:30:00.000Z,delta,5
2026-07-27T20:35:00.000Z,delta,5
2026-07-27T20:40:00.000Z,delta,5
2026-07-27T20:45:00.000Z,delta,5
2026-07-27T20:50:00.000Z,delta,5
2026-07-27T20:55:00.000Z,delta,5
2026-07-27T21:00:00.000Z,delta,5
2026-07-27T21:05:00.000Z,delta,5
2026-07-27T21:10:00.000Z,delta,5
2026-07-27T21:15:00.000Z,delta,5
2026-07-27T21:20:00.000Z,delta,5
2026-07-27T21:25:00.000Z,delta,5
2026-07-27T21:30:00.000Z,delta,5
2026-07-27T21:35:00.000Z,delta,5
2026-07-27T21:40:00.000Z,delta,5
2026-07-27T21:45:00.000Z,delta,5
2026-07-27T21:50:00.000Z,delta,5
2026-07-27T21:55:00.000Z,delta,5
2026-07-27T22:00:00.000Z,delta,5
2026-07-27T22:05:00.000Z,delta,5
2026-07-27T22:10:00.000Z,delta,5
2026-07-27T22:15:00.000Z,delta,5
2026-07-27T22:20:00.000Z,delta,5
2026-07-27T22:25:00.000Z,delta,5
2026-07-27T22:30:00.000Z,delta,5
2026-07-27T22:35:00.000Z,delta,5
2026-07-27T22:40:00.000Z,delta,5
2026-07-27T22:45:00.000Z,delta,5
2026-07-27T22:50:00.000Z,delta,5
2026-07-27T22:55:00.000Z,delta,5
2026-07-27T23:00:00.000Z,delta,5
2026-07-27T23:05:00.000Z,delta,5
2026-07-27T23:10:00.000Z,delta,5
2026-07-27T23:15:00.000Z,delta,5
2026-07-27T23:20:00.000Z,delta,5
2026-07-27T23:25:00.000Z,delta,5
2026-07-27T23:30:00.000Z,delta,5
2026-07-27T23:35:00.000Z,delta,5
2026-07-27T23:40:00.000Z,delta,5
2026-07-27T23:45:00.000Z,delta,5
2026-07-27T23:50:00.000Z,delta,5
2026-07-27T23:55:00.000Z,delta,5
2026-07-28T00:00:00.000Z,delta,3
2026-07-28T00:05:00.000Z,delta,4
2026-07-28T00:10:00.000Z,delta,4
2026-07-28T00:15:00.000Z,delta,4
2026-07-28T00:20:00.000Z,delta,4
2026-07-28T00:25:00.000Z,delta,4
2026-07-28T00:30:00.000Z,delta,4
2026-07-28T00:35:00.000Z,delta,4
2026-07-28T00:40:00.000Z,delta,4
2026-07-28T00:45:00.000Z,delta,4
2026-07-28T00:50:00.000Z,delta,6
2026-07-28T00:55:00.000Z,delta,6
2026-07-28T01:00:00.000Z,delta,6
2026-07-28T01:05:00.000Z,delta,7
2026-07-28T01:10:00.000Z,delta,7
2026-07-28T01:15:00.000Z,delta,7
2026-07-28T01:20:00.000Z,delta,7
2026-07-28T01:25:00.000Z,delta,7
2026-07-28T01:30:00.000Z,delta,7
2026-07-28T01:35:00.000Z,delta,7
2026-07-28T01:40:00.000Z,delta,7
2026-07-28T01:45:00.000Z,delta,7
2026-07-28T01:50:00.000Z,delta,7
2026-07-28T01:55:00.000Z,delta,8
2026-07-28T02:00:00.000Z,delta,10
2026-07-28T02:05:00.000Z,delta,11
2026-07-28T02:10:00.000Z,delta,11
2026-07-28T02:15:00.000Z,delta,11
2026-07-28T02:20:00.000Z,delta,11
2026-07-28T02:25:00.000Z,delta,11
2026-07-28T02:30:00.000Z,delta,11
2026-07-28T02:35:00.000Z,delta,11
2026-07-28T02:40:00.000Z,delta,11
2026-07-28T02:45:00.000Z,delta,13
2026-07-28T02:50:00.000Z,delta,14
2026-07-28T02:55:00.000Z,delta,14
2026-07-28T03:00:00.000Z,delta,14
2026-07-28T03:05:00.000Z,delta,14
2026-07-28T03:10:00.000Z,delta,16
2026-07-28T03:15:00.000Z,delta,17
2026-07-28T03:20:00.000Z,delta,17
2026-07-28T03:25:00.000Z,delta,17
2026-07-28T03:30:00.000Z,delta,17
2026-07-28T03:35:00.000Z,delta,17
2026-07-28T03:40:00.000Z,delta,16
2026-07-28T03:45:00.000Z,delta,16
2026-07-28T03:50:00.000Z,delta,17
2026-07-28T03:55:00.000Z,delta,17
2026-07-28T04:00:00.000Z,delta,17
2026-07-28T04:05:00.000Z,delta,17
2026-07-28T04:10:00.000Z,delta,17
2026-07-28T04:15:00.000Z,delta,17
2026-07-28T04:20:00.000Z,delta,17
2026-07-28T04:25:00.000Z,delta,16
2026-07-28T04:30:00.000Z,delta,16
2026-07-28T04:35:00.000Z,delta,13
2026-07-28T04:40:00.000Z,delta,12
2026-07-28T04:45:00.000Z,delta,12
2026-07-28T04:50:00.000Z,delta,12
2026-07-28T04:55:00.000Z,delta,12
2026-07-28T05:00:00.000Z,delta,12
2026-07-28T05:05:00.000Z,delta,13
2026-07-28T05:10:00.000Z,delta,13
2026-07-28T05:15:00.000Z,delta,12
2026-07-28T05:20:00.000Z,delta,12
2026-07-28T05:25:00.000Z,delta,12
2026-07-28T05:30:00.000Z,delta,15
2026-07-28T05:35:00.000Z,delta,16
2026-07-28T05:40:00.000Z,delta,16
2026-07-28T05:45:00.000Z,delta,17
2026-07-28T05:50:00.000Z,delta,19
2026-07-28T05:55:00.000Z,delta,17
2026-07-28T06:00:00.000Z,delta,17
2026-07-28T06:05:00.000Z,delta,17
2026-07-28T06:10:00.000Z,delta,17
2026-07-28T06:15:00.000Z,delta,17
2026-07-28T06:20:00.000Z,delta,16
2026-07-28T06:25:00.000Z,delta,16
2026-07-28T06:30:00.000Z,delta,16
2026-07-28T06:35:00.000Z,delta,17
2026-07-28T06:40:00.000Z,delta,17
2026-07-28T06:45:00.000Z,delta,17
2026-07-28T06:50:00.000Z,delta,17
2026-07-28T06:55:00.000Z,delta,17
2026-07-28T07:00:00.000Z,delta,17
2026-07-28T07:05:00.000Z,delta,17
2026-07-28T07:10:00.000Z,delta,16
2026-07-28T07:15:00.000Z,delta,16
2026-07-28T07:20:00.000Z,delta,15
2026-07-28T07:25:00.000Z,delta,15
2026-07-28T07:30:00.000Z,delta,15
2026-07-28T07:35:00.000Z,delta,15
2026-07-28T07:40:00.000Z,delta,15
2026-07-28T07:45:00.000Z,delta,15
2026-07-28T07:50:00.000Z,delta,15
2026-07-28T07:55:00.000Z,delta,15
2026-07-28T08:00:00.000Z,delta,15
2026-07-28T08:05:00.000Z,delta,15
2026-07-28T08:10:00.000Z,delta,15
2026-07-28T08:15:00.000Z,delta,15
2026-07-28T08:20:00.000Z,delta,15
2026-07-28T08:25:00.000Z,delta,15
2026-07-28T08:30:00.000Z,delta,15
2026-07-28T08:35:00.000Z,delta,15
2026-07-28T08:40:00.000Z,delta,15
2026-07-28T08:45:00.000Z,delta,15
2026-07-28T08:50:00.000Z,delta,15
2026-07-28T08:55:00.000Z,delta,15
2026-07-28T09:00:00.000Z,delta,15
2026-07-28T09:05:00.000Z,delta,15
2026-07-28T09:10:00.000Z,delta,15
2026-07-28T09:15:00.000Z,delta,16
2026-07-28T09:20:00.000Z,delta,16
2026-07-28T09:25:00.000Z,delta,16
2026-07-28T09:30:00.000Z,delta,17
2026-07-28T09:35:00.000Z,delta,18
2026-07-28T09:40:00.000Z,delta,18
2026-07-28T09:45:00.000Z,delta,17
2026-07-28T09:50:00.000Z,delta,17
2026-07-28T09:55:00.000Z,delta,16
2026-07-28T10:00:00.000Z,delta,16
2026-07-28T10:05:00.000Z,delta,14
2026-07-28T10:10:00.000Z,delta,10
2026-07-28T10:15:00.000Z,delta,9
2026-07-28T10:20:00.000Z,delta,9
2026-07-28T10:25:00.000Z,delta,9
2026-07-28T10:30:00.000Z,delta,9
2026-07-28T10:35:00.000Z,delta,9
2026-07-28T10:40:00.000Z,delta,9
2026-07-28T10:45:00.000Z,delta,9
2026-07-28T10:50:00.000Z,delta,9
2026-07-28T10:55:00.000Z,delta,10
2026-07-28T11:00:00.000Z,delta,10
2026-07-28T11:05:00.000Z,delta,9
2026-07-28T11:10:00.000Z,delta,9
2026-07-28T11:15:00.000Z,delta,9
2026-07-28T11:20:00.000Z,delta,8
2026-07-28T11:25:00.000Z,delta,8
2026-07-28T11:30:00.000Z,delta,8
2026-07-28T11:35:00.000Z,delta,8
2026-07-28T11:40:00.000Z,delta,8
2026-07-28T11:45:00.000Z,delta,8
2026-07-28T11:50:00.000Z,delta,7
2026-07-28T11:55:00.000Z,delta,7
2026-07-28T12:00:00.000Z,delta,7
2026-07-28T12:05:00.000Z,delta,7
2026-07-28T12:10:00.000Z,delta,7
2026-07-28T12:15:00.000Z,delta,7
2026-07-28T12:20:00.000Z,delta,7
2026-07-28T12:25:00.000Z,delta,7
2026-07-28T12:30:00.000Z,delta,7
2026-07-28T12:35:00.000Z,delta,8
2026-07-28T12:40:00.000Z,delta,8
2026-07-28T12:45:00.000Z,delta,8
2026-07-28T12:50:00.000Z,delta,5
2026-07-28T12:55:00.000Z,delta,6
2026-07-28T13:00:00.000Z,delta,6
2026-07-28T13:05:00.000Z,delta,6
2026-07-28T13:10:00.000Z,delta,6
2026-07-28T13:15:00.000Z,delta,6
2026-07-28T13:20:00.000Z,delta,6
2026-07-28T13:25:00.000Z,delta,6
2026-07-28T13:30:00.000Z,delta,6
2026-07-28T13:35:00.000Z,delta,6
2026-07-28T13:40:00.000Z,delta,6
2026-07-28T13:45:00.000Z,delta,6
2026-07-28T13:50:00.000Z,delta,6
2026-07-28T13:55:00.000Z,delta,6
2026-07-28T14:00:00.000Z,delta,6
2026-07-28T14:05:00.000Z,delta,6
2026-07-28T14:10:00.000Z,delta,6
2026-07-28T14:15:00.000Z,delta,6
2026-07-28T14:20:00.000Z,delta,6
2026-07-28T14:25:00.000Z,delta,6
2026-07-28T14:30:00.000Z,delta,6
2026-07-28T14:35:00.000Z,delta,6
2026-07-28T14:40:00.000Z,delta,6
2026-07-28T14:45:00.000Z,delta,6
2026-07-28T14:50:00.000Z,delta,6
2026-07-28T14:55:00.000Z,delta,6
2026-07-28T15:00:00.000Z,delta,6
2026-07-28T15:05:00.000Z,delta,6
2026-07-28T15:10:00.000Z,delta,6
2026-07-28T15:15:00.000Z,delta,6
2026-07-28T15:20:00.000Z,delta,6
2026-07-28T15:25:00.000Z,delta,6
2026-07-28T15:30:00.000Z,delta,6
2026-07-28T15:35:00.000Z,delta,6
2026-07-28T15:40:00.000Z,delta,4
2026-07-28T15:45:00.000Z,delta,4
2026-07-28T15:50:00.000Z,delta,4
2026-07-28T15:55:00.000Z,delta,4
2026-07-28T16:00:00.000Z,delta,4
2026-07-28T16:05:00.000Z,delta,4
2026-07-28T16:10:00.000Z,delta,4
2026-07-28T16:15:00.000Z,delta,4
2026-07-28T16:20:00.000Z,delta,3
2026-07-28T16:25:00.000Z,delta,3
2026-07-28T16:30:00.000Z,delta,3
2026-07-28T16:35:00.000Z,delta,2
2026-07-28T16:40:00.000Z,delta,2
2026-07-28T16:45:00.000Z,delta,2
2026-07-28T16:50:00.000Z,delta,2
2026-07-28T16:55:00.000Z,delta,2
2026-07-28T17:00:00.000Z,delta,2
2026-07-28T17:05:00.000Z,delta,2
2026-07-28T17:10:00.000Z,delta,2
2026-07-28T17:15:00.000Z,delta,2
2026-07-28T17:20:00.000Z,delta,2
2026-07-28T17:25:00.000Z,delta,2
2026-07-28T17:30:00.000Z,delta,2
2026-07-28T17:35:00.000Z,delta,2
2026-07-28T17:40:00.000Z,delta,2
2026-07-28T17:45:00.000Z,delta,2
2026-07-28T17:50:00.000Z,delta,2
2026-07-28T17:55:00.000Z,delta,2
2026-07-28T18:00:00.000Z,delta,2
2026-07-28T18:05:00.000Z,delta,2
2026-07-28T18:10:00.000Z,delta,2
2026-07-28T18:15:00.000Z,delta,2
2026-07-28T18:20:00.000Z,delta,2
2026-07-28T18:25:00.000Z,delta,2
2026-07-28T18:30:00.000Z,delta,2
2026-07-28T18:35:00.000Z,delta,2
2026-07-28T18:40:00.000Z,delta,2
2026-07-28T18:45:00.000Z,delta,2
2026-07-28T18:50:00.000Z,delta,2
2026-07-28T18:55:00.000Z,delta,2
2026-07-28T19:00:00.000Z,delta,2
2026-07-28T19:05:00.000Z,delta,2
2026-07-28T19:10:00.000Z,delta,2
2026-07-28T19:15:00.000Z,delta,2
2026-07-28T19:20:00.000Z,delta,2
2026-07-28T19:25:00.000Z,delta,2
2026-07-28T19:30:00.000Z,delta,2
2026-07-28T19:35:00.000Z,delta,2
2026-07-28T19:40:00.000Z,delta,2
2026-07-28T19:45:00.000Z,delta,2
2026-07-28T19:50:00.000Z,delta,2
2026-07-28T19:55:00.000Z,delta,2
2026-07-28T20:00:00.000Z,delta,2
2026-07-28T20:05:00.000Z,delta,2
2026-07-28T20:10:00.000Z,delta,2
2026-07-28T20:15:00.000Z,delta,2
2026-07-28T20:20:00.000Z,delta,2
2026-07-28T20:25:00.000Z,delta,2
2026-07-28T20:30:00.000Z,delta,2
2026-07-28T20:35:00.000Z,delta,2
2026-07-28T20:40:00.000Z,delta,2
2026-07-28T20:45:00.000Z,delta,2
2026-07-28T20:50:00.000Z,delta,2
2026-07-28T20:55:00.000Z,delta,2
2026-07-28T21:00:00.000Z,delta,2
2026-07-28T21:05:00.000Z,delta,2
2026-07-28T21:10:00.000Z,delta,3
2026-07-28T21:15:00.000Z,delta,3
2026-07-28T21:20:00.000Z,delta,3
2026-07-28T21:25:00.000Z,delta,3
2026-07-28T21:30:00.000Z,delta,3
2026-07-28T21:35:00.000Z,delta,3
2026-07-28T21:40:00.000Z,delta,3
2026-07-28T21:45:00.000Z,delta,3
2026-07-28T21:50:00.000Z,delta,3
2026-07-28T21:55:00.000Z,delta,3
2026-07-28T22:00:00.000Z,delta,3
2026-07-28T22:05:00.000Z,delta,3
2026-07-28T22:10:00.000Z,delta,3
2026-07-28T22:15:00.000Z,delta,3
2026-07-28T22:20:00.000Z,delta,3
2026-07-28T22:25:00.000Z,delta,3
2026-07-28T22:30:00.000Z,delta,3
2026-07-28T22:35:00.000Z,delta,3
2026-07-28T22:40:00.000Z,delta,3
2026-07-28T22:45:00.000Z,delta,3
2026-07-28T22:50:00.000Z,delta,3
2026-07-28T22:55:00.000Z,delta,3
2026-07-28T23:00:00.000Z,delta,3
2026-07-28T23:05:00.000Z,delta,3
2026-07-28T23:10:00.000Z,delta,3
2026-07-28T23:15:00.000Z,delta,3
2026-07-28T23:20:00.000Z,delta,3
2026-07-28T23:25:00.000Z,delta,3
2026-07-28T23:30:00.000Z,delta,3
2026-07-28T23:35:00.000Z,delta,3
2026-07-28T23:40:00.000Z,delta,3
2026-07-28T23:45:00.000Z,delta,4
2026-07-28T23:50:00.000Z,delta,4
2026-07-28T23:55:00.000Z,delta,4
2026-07-29T00:00:00.000Z,delta,4
2026-07-29T00:05:00.000Z,delta,4
2026-07-29T00:10:00.000Z,delta,4
2026-07-29T00:15:00.000Z,delta,4
2026-07-29T00:20:00.000Z,delta,3
2026-07-29T00:25:00.000Z,delta,3
2026-07-29T00:30:00.000Z,delta,3
2026-07-29T00:35:00.000Z,delta,3
2026-07-29T00:40:00.000Z,delta,3
2026-07-29T00:45:00.000Z,delta,3
2026-07-29T00:50:00.000Z,delta,5
2026-07-29T00:55:00.000Z,delta,5
2026-07-29T01:00:00.000Z,delta,6
2026-07-29T01:05:00.000Z,delta,6
2026-07-29T01:10:00.000Z,delta,6
2026-07-29T01:15:00.000Z,delta,6
2026-07-29T01:20:00.000Z,delta,6
2026-07-29T01:25:00.000Z,delta,6
2026-07-29T01:30:00.000Z,delta,7
2026-07-29T01:35:00.000Z,delta,7
2026-07-29T01:40:00.000Z,delta,7
2026-07-29T01:45:00.000Z,delta,7
2026-07-29T01:50:00.000Z,delta,8
2026-07-29T01:55:00.000Z,delta,8
2026-07-29T02:00:00.000Z,delta,8
2026-07-29T02:05:00.000Z,delta,8
2026-07-29T02:10:00.000Z,delta,8
2026-07-29T02:15:00.000Z,delta,8
2026-07-29T02:20:00.000Z,delta,8
2026-07-29T02:25:00.000Z,delta,7
2026-07-29T02:30:00.000Z,delta,8
2026-07-29T02:35:00.000Z,delta,7
2026-07-29T02:40:00.000Z,delta,8
2026-07-29T02:45:00.000Z,delta,10
2026-07-29T02:50:00.000Z,delta,10
2026-07-29T02:55:00.000Z,delta,10
2026-07-29T03:00:00.000Z,delta,10
2026-07-29T03:05:00.000Z,delta,9
2026-07-29T03:10:00.000Z,delta,9
2026-07-29T03:15:00.000Z,delta,9
2026-07-29T03:20:00.000Z,delta,9
2026-07-29T03:25:00.000Z,delta,9
2026-07-29T03:30:00.000Z,delta,9
2026-07-29T03:35:00.000Z,delta,11
2026-07-29T03:40:00.000Z,delta,13
2026-07-29T03:45:00.000Z,delta,15
2026-07-29T03:50:00.000Z,delta,17
2026-07-29T03:55:00.000Z,delta,18
2026-07-29T04:00:00.000Z,delta,20
2026-07-29T04:05:00.000Z,delta,21
2026-07-29T04:10:00.000Z,delta,22
2026-07-29T04:15:00.000Z,delta,21
2026-07-29T04:20:00.000Z,delta,22
2026-07-29T04:25:00.000Z,delta,22
2026-07-29T04:30:00.000Z,delta,23
2026-07-29T04:35:00.000Z,delta,23
2026-07-29T04:40:00.000Z,delta,22
2026-07-29T04:45:00.000Z,delta,21
2026-07-29T04:50:00.000Z,delta,21
2026-07-29T04:55:00.000Z,delta,24
2026-07-29T05:00:00.000Z,delta,24
2026-07-29T05:05:00.000Z,delta,23
2026-07-29T05:10:00.000Z,delta,23
2026-07-29T05:15:00.000Z,delta,25
2026-07-29T05:20:00.000Z,delta,25
2026-07-29T05:25:00.000Z,delta,26
2026-07-29T05:30:00.000Z,delta,26
2026-07-29T05:35:00.000Z,delta,25
2026-07-29T05:40:00.000Z,delta,27
2026-07-29T05:45:00.000Z,delta,26
2026-07-29T05:50:00.000Z,delta,26
2026-07-29T05:55:00.000Z,delta,26
2026-07-29T06:00:00.000Z,delta,25
2026-07-29T06:05:00.000Z,delta,22
2026-07-29T06:10:00.000Z,delta,23
2026-07-29T06:15:00.000Z,delta,23
2026-07-29T06:20:00.000Z,delta,23
2026-07-29T06:25:00.000Z,delta,24
2026-07-29T06:30:00.000Z,delta,24
2026-07-29T06:35:00.000Z,delta,22
2026-07-29T06:40:00.000Z,delta,21
2026-07-29T06:45:00.000Z,delta,21
2026-07-29T06:50:00.000Z,delta,21
2026-07-29T06:55:00.000Z,delta,20
2026-07-29T07:00:00.000Z,delta,19
2026-07-29T07:05:00.000Z,delta,20
2026-07-29T07:10:00.000Z,delta,19
2026-07-29T07:15:00.000Z,delta,21
2026-07-29T07:20:00.000Z,delta,21
2026-07-29T07:25:00.000Z,delta,20
2026-07-29T07:30:00.000Z,delta,20
2026-07-29T07:35:00.000Z,delta,20
2026-07-29T07:40:00.000Z,delta,20
2026-07-29T07:45:00.000Z,delta,19
2026-07-29T07:50:00.000Z,delta,19
2026-07-29T07:55:00.000Z,delta,19
2026-07-29T08:00:00.000Z,delta,19
2026-07-29T08:05:00.000Z,delta,20
2026-07-29T08:10:00.000Z,delta,20
2026-07-29T08:15:00.000Z,delta,21
2026-07-29T08:20:00.000Z,delta,21
2026-07-29T08:25:00.000Z,delta,21
2026-07-29T08:30:00.000Z,delta,21
2026-07-29T08:35:00.000Z,delta,21
2026-07-29T08:40:00.000Z,delta,22
2026-07-29T08:45:00.000Z,delta,22
2026-07-29T08:50:00.000Z,delta,21
2026-07-29T08:55:00.000Z,delta,21
2026-07-29T09:00:00.000Z,delta,20
2026-07-29T09:05:00.000Z,delta,21
2026-07-29T09:10:00.000Z,delta,21
2026-07-29T09:15:00.000Z,delta,21
2026-07-29T09:20:00.000Z,delta,21
2026-07-29T09:25:00.000Z,delta,21
2026-07-29T09:30:00.000Z,delta,22
2026-07-29T09:35:00.000Z,delta,22
2026-07-29T09:40:00.000Z,delta,22
2026-07-29T09:45:00.000Z,delta,24
2026-07-29T09:50:00.000Z,delta,24
2026-07-29T09:55:00.000Z,delta,23
2026-07-29T10:00:00.000Z,delta,22
2026-07-29T10:05:00.000Z,delta,20
2026-07-29T10:10:00.000Z,delta,20
2026-07-29T10:15:00.000Z,delta,19
2026-07-29T10:20:00.000Z,delta,17
2026-07-29T10:25:00.000Z,delta,17
2026-07-29T10:30:00.000Z,delta,17
2026-07-29T10:35:00.000Z,delta,17
2026-07-29T10:40:00.000Z,delta,18
2026-07-29T10:45:00.000Z,delta,18
2026-07-29T10:50:00.000Z,delta,18
2026-07-29T10:55:00.000Z,delta,18
2026-07-29T11:00:00.000Z,delta,17
2026-07-29T11:05:00.000Z,delta,16
2026-07-29T11:10:00.000Z,delta,17
2026-07-29T11:15:00.000Z,delta,17
2026-07-29T11:20:00.000Z,delta,18
2026-07-29T11:25:00.000Z,delta,18
2026-07-29T11:30:00.000Z,delta,18
2026-07-29T11:35:00.000Z,delta,18
2026-07-29T11:40:00.000Z,delta,18
2026-07-29T11:45:00.000Z,delta,17
2026-07-29T11:50:00.000Z,delta,17
2026-07-29T11:55:00.000Z,delta,15
2026-07-29T12:00:00.000Z,delta,15
2026-07-29T12:05:00.000Z,delta,15
2026-07-29T12:10:00.000Z,delta,14
2026-07-29T12:15:00.000Z,delta,14
2026-07-29T12:20:00.000Z,delta,14
2026-07-29T12:25:00.000Z,delta,14
2026-07-29T12:30:00.000Z,delta,14
2026-07-29T12:35:00.000Z,delta,14
2026-07-29T12:40:00.000Z,delta,12
2026-07-29T12:45:00.000Z,delta,12
2026-07-29T12:50:00.000Z,delta,12
2026-07-29T12:55:00.000Z,delta,12
2026-07-29T13:00:00.000Z,delta,12
2026-07-29T13:05:00.000Z,delta,10
2026-07-29T13:10:00.000Z,delta,10
2026-07-29T13:15:00.000Z,delta,10
2026-07-29T13:20:00.000Z,delta,7
2026-07-29T13:25:00.000Z,delta,7
2026-07-29T13:30:00.000Z,delta,7
2026-07-29T13:35:00.000Z,delta,7
2026-07-29T13:40:00.000Z,delta,7
2026-07-29T13:45:00.000Z,delta,7
2026-07-29T13:50:00.000Z,delta,7
2026-07-29T13:55:00.000Z,delta,7
2026-07-29T14:00:00.000Z,delta,7
2026-07-29T14:05:00.000Z,delta,7
2026-07-29T14:10:00.000Z,delta,7
2026-07-29T14:15:00.000Z,delta,7
2026-07-29T14:20:00.000Z,delta,7
2026-07-29T14:25:00.000Z,delta,7
2026-07-29T14:30:00.000Z,delta,7
2026-07-29T14:35:00.000Z,delta,7
2026-07-29T14:40:00.000Z,delta,7
2026-07-29T14:45:00.000Z,delta,7
2026-07-29T14:50:00.000Z,delta,7
2026-07-29T14:55:00.000Z,delta,6
2026-07-29T15:00:00.000Z,delta,6
2026-07-29T15:05:00.000Z,delta,6
2026-07-29T15:10:00.000Z,delta,5
2026-07-29T15:15:00.000Z,delta,4
2026-07-29T15:20:00.000Z,delta,4
2026-07-29T15:25:00.000Z,delta,4
2026-07-29T15:30:00.000Z,delta,4
2026-07-29T15:35:00.000Z,delta,2
2026-07-29T15:40:00.000Z,delta,5
2026-07-29T15:45:00.000Z,delta,5
2026-07-29T15:50:00.000Z,delta,5
2026-07-29T15:55:00.000Z,delta,6
2026-07-29T16:00:00.000Z,delta,5
2026-07-29T16:05:00.000Z,delta,5
2026-07-29T16:10:00.000Z,delta,5
2026-07-29T16:15:00.000Z,delta,5
2026-07-29T16:20:00.000Z,delta,5
2026-07-29T16:25:00.000Z,delta,5
2026-07-29T16:30:00.000Z,delta,5
2026-07-29T16:35:00.000Z,delta,5
2026-07-29T16:40:00.000Z,delta,5
2026-07-29T16:45:00.000Z,delta,5
2026-07-29T16:50:00.000Z,delta,5
2026-07-29T16:55:00.000Z,delta,5
2026-07-29T17:00:00.000Z,delta,6
2026-07-29T17:05:00.000Z,delta,6
2026-07-29T17:10:00.000Z,delta,6
2026-07-29T17:15:00.000Z,delta,6
2026-07-29T17:20:00.000Z,delta,6
2026-07-29T17:25:00.000Z,delta,6
2026-07-29T17:30:00.000Z,delta,6
2026-07-29T17:35:00.000Z,delta,6
2026-07-29T17:40:00.000Z,delta,6
2026-07-29T17:45:00.000Z,delta,6
2026-07-29T17:50:00.000Z,delta,6
2026-07-29T17:55:00.000Z,delta,5
2026-07-29T18:00:00.000Z,delta,5
2026-07-29T18:05:00.000Z,delta,5
2026-07-29T18:10:00.000Z,delta,5
2026-07-29T18:15:00.000Z,delta,5
2026-07-29T18:20:00.000Z,delta,5
2026-07-29T18:25:00.000Z,delta,5
2026-07-29T18:30:00.000Z,delta,5
2026-07-29T18:35:00.000Z,delta,5
2026-07-29T18:40:00.000Z,delta,5
2026-07-29T18:45:00.000Z,delta,5
2026-07-29T18:50:00.000Z,delta,5
2026-07-29T18:55:00.000Z,delta,5
2026-07-29T19:00:00.000Z,delta,5
2026-07-29T19:05:00.000Z,delta,5
2026-07-29T19:10:00.000Z,delta,6
2026-07-29T19:15:00.000Z,delta,5
2026-07-29T19:20:00.000Z,delta,5
2026-07-29T19:25:00.000Z,delta,5
2026-07-29T19:30:00.000Z,delta,5
2026-07-29T19:35:00.000Z,delta,6
2026-07-29T19:40:00.000Z,delta,6
2026-07-29T19:45:00.000Z,delta,6
2026-07-29T19:50:00.000Z,delta,6
2026-07-29T19:55:00.000Z,delta,5
2026-07-29T20:00:00.000Z,delta,5
2026-07-29T20:05:00.000Z,delta,5
2026-07-29T20:10:00.000Z,delta,6
2026-07-29T20:15:00.000Z,delta,6
2026-07-29T20:20:00.000Z,delta,6
2026-07-29T20:25:00.000Z,delta,6
2026-07-29T20:30:00.000Z,delta,6
2026-07-29T20:35:00.000Z,delta,6
2026-07-29T20:40:00.000Z,delta,6
2026-07-29T20:45:00.000Z,delta,7
2026-07-29T20:50:00.000Z,delta,7
2026-07-29T20:55:00.000Z,delta,7
2026-07-29T21:00:00.000Z,delta,7
2026-07-29T21:05:00.000Z,delta,7
2026-07-29T21:10:00.000Z,delta,7
2026-07-29T21:15:00.000Z,delta,7
2026-07-29T21:20:00.000Z,delta,3
2026-07-29T21:25:00.000Z,delta,3
2026-07-29T21:30:00.000Z,delta,3
2026-07-29T21:35:00.000Z,delta,3
2026-07-29T21:40:00.000Z,delta,3
2026-07-29T21:45:00.000Z,delta,3
2026-07-29T21:50:00.000Z,delta,3
2026-07-29T21:55:00.000Z,delta,3
2026-07-29T22:00:00.000Z,delta,3
2026-07-29T22:05:00.000Z,delta,3
2026-07-29T22:10:00.000Z,delta,3
2026-07-29T22:15:00.000Z,delta,3
2026-07-29T22:20:00.000Z,delta,3
2026-07-29T22:25:00.000Z,delta,3
2026-07-29T22:30:00.000Z,delta,3
2026-07-29T22:35:00.000Z,delta,3
2026-07-29T22:40:00.000Z,delta,3
2026-07-29T22:45:00.000Z,delta,3
2026-07-29T22:50:00.000Z,delta,3
2026-07-29T22:55:00.000Z,delta,3
2026-07-29T23:00:00.000Z,delta,3
2026-07-29T23:05:00.000Z,delta,3
2026-07-29T23:10:00.000Z,delta,3
2026-07-29T23:15:00.000Z,delta,3
2026-07-29T23:20:00.000Z,delta,3
2026-07-29T23:25:00.000Z,delta,3
2026-07-29T23:30:00.000Z,delta,3
2026-07-29T23:35:00.000Z,delta,3
2026-07-29T23:40:00.000Z,delta,3
2026-07-29T23:45:00.000Z,delta,3
2026-07-29T23:50:00.000Z,delta,3
2026-07-29T23:55:00.000Z,delta,3
2026-07-30T00:00:00.000Z,delta,3
2026-07-30T00:05:00.000Z,delta,3
2026-07-30T00:10:00.000Z,delta,4
2026-07-30T00:15:00.000Z,delta,4
2026-07-30T00:20:00.000Z,delta,4
2026-07-30T00:25:00.000Z,delta,7
2026-07-30T00:30:00.000Z,delta,9
2026-07-30T00:35:00.000Z,delta,10
2026-07-30T00:40:00.000Z,delta,11
2026-07-30T00:45:00.000Z,delta,11
2026-07-30T00:50:00.000Z,delta,9
2026-07-30T00:55:00.000Z,delta,14
2026-07-30T01:00:00.000Z,delta,14
2026-07-30T01:05:00.000Z,delta,14
2026-07-30T01:10:00.000Z,delta,14
2026-07-30T01:15:00.000Z,delta,14
2026-07-30T01:20:00.000Z,delta,14
2026-07-30T01:25:00.000Z,delta,14
2026-07-30T01:30:00.000Z,delta,9
2026-07-30T01:35:00.000Z,delta,9
2026-07-30T01:40:00.000Z,delta,9
2026-07-30T01:45:00.000Z,delta,10
2026-07-30T01:50:00.000Z,delta,12
2026-07-30T01:55:00.000Z,delta,12
2026-07-30T02:00:00.000Z,delta,12
2026-07-30T02:05:00.000Z,delta,12
2026-07-30T02:10:00.000Z,delta,12
2026-07-30T02:15:00.000Z,delta,11
2026-07-30T02:20:00.000Z,delta,11
2026-07-30T02:25:00.000Z,delta,12
2026-07-30T02:30:00.000Z,delta,12
2026-07-30T02:35:00.000Z,delta,14
2026-07-30T02:40:00.000Z,delta,14
2026-07-30T02:45:00.000Z,delta,14
2026-07-30T02:50:00.000Z,delta,16
2026-07-30T02:55:00.000Z,delta,16
2026-07-30T03:00:00.000Z,delta,16
2026-07-30T03:05:00.000Z,delta,16
2026-07-30T03:10:00.000Z,delta,18
2026-07-30T03:15:00.000Z,delta,20
2026-07-30T03:20:00.000Z,delta,20
2026-07-30T03:25:00.000Z,delta,20
2026-07-30T03:30:00.000Z,delta,25
2026-07-30T03:35:00.000Z,delta,28
2026-07-30T03:40:00.000Z,delta,30
2026-07-30T03:45:00.000Z,delta,30
2026-07-30T03:50:00.000Z,delta,30
2026-07-30T03:55:00.000Z,delta,29
2026-07-30T04:00:00.000Z,delta,29
2026-07-30T04:05:00.000Z,delta,30
2026-07-30T04:10:00.000Z,delta,29
2026-07-30T04:15:00.000Z,delta,27
2026-07-30T04:20:00.000Z,delta,26
2026-07-30T04:25:00.000Z,delta,26
2026-07-30T04:30:00.000Z,delta,26
2026-07-30T04:35:00.000Z,delta,21
2026-07-30T04:40:00.000Z,delta,21
2026-07-30T04:45:00.000Z,delta,21
2026-07-30T04:50:00.000Z,delta,21
2026-07-30T11:55:00.000Z,delta,6
2026-07-30T12:00:00.000Z,delta,6
2026-07-30T12:05:00.000Z,delta,6
2026-07-30T12:10:00.000Z,delta,6
2026-07-30T12:15:00.000Z,delta,6
2026-07-30T12:20:00.000Z,delta,6
2026-07-30T12:25:00.000Z,delta,6
2026-07-30T12:30:00.000Z,delta,6
2026-07-30T12:35:00.000Z,delta,8
2026-07-30T12:40:00.000Z,delta,8
2026-07-30T12:45:00.000Z,delta,8
2026-07-30T12:50:00.000Z,delta,8
2026-07-30T12:55:00.000Z,delta,8
2026-07-30T13:00:00.000Z,delta,8
2026-07-30T13:05:00.000Z,delta,5
2026-07-30T13:10:00.000Z,delta,5
2026-07-30T13:15:00.000Z,delta,3
2026-07-30T13:20:00.000Z,delta,3
2026-07-30T13:25:00.000Z,delta,3
2026-07-30T13:30:00.000Z,delta,3
2026-07-30T13:35:00.000Z,delta,3
2026-07-30T13:40:00.000Z,delta,3
2026-07-30T13:45:00.000Z,delta,3
2026-07-30T13:50:00.000Z,delta,3
2026-07-30T13:55:00.000Z,delta,3
2026-07-30T14:00:00.000Z,delta,3
2026-07-30T14:05:00.000Z,delta,3
2026-07-30T14:10:00.000Z,delta,3
2026-07-30T14:15:00.000Z,delta,3
2026-07-30T14:20:00.000Z,delta,3
2026-07-30T14:25:00.000Z,delta,3
2026-07-30T14:30:00.000Z,delta,3
2026-07-30T14:35:00.000Z,delta,3
2026-07-30T14:40:00.000Z,delta,3
2026-07-30T14:45:00.000Z,delta,3
2026-07-30T14:50:00.000Z,delta,3
2026-07-30T14:55:00.000Z,delta,3
2026-07-30T15:00:00.000Z,delta,3
2026-07-30T15:05:00.000Z,delta,3
2026-07-30T15:10:00.000Z,delta,3
2026-07-30T15:15:00.000Z,delta,3
2026-07-30T15:20:00.000Z,delta,3
2026-07-30T15:25:00.000Z,delta,3
2026-07-30T15:30:00.000Z,delta,3
2026-07-30T15:35:00.000Z,delta,3
2026-07-30T15:40:00.000Z,delta,3
2026-07-30T15:45:00.000Z,delta,3
2026-07-30T15:50:00.000Z,delta,3
2026-07-30T15:55:00.000Z,delta,3
2026-07-30T16:00:00.000Z,delta,3
2026-07-30T16:05:00.000Z,delta,3
2026-07-30T16:10:00.000Z,delta,3
2026-07-30T16:15:00.000Z,delta,3
2026-07-30T16:20:00.000Z,delta,3
2026-07-30T16:25:00.000Z,delta,3
2026-07-30T16:30:00.000Z,delta,4
2026-07-30T16:35:00.000Z,delta,4
2026-07-30T16:40:00.000Z,delta,4
2026-07-30T16:45:00.000Z,delta,4
2026-07-30T16:50:00.000Z,delta,4
2026-07-30T16:55:00.000Z,delta,4
2026-07-30T17:00:00.000Z,delta,4
2026-07-30T17:05:00.000Z,delta,4
2026-07-30T17:10:00.000Z,delta,4
2026-07-30T17:15:00.000Z,delta,4
2026-07-30T17:20:00.000Z,delta,4
2026-07-30T17:25:00.000Z,delta,4
2026-07-30T17:30:00.000Z,delta,4
2026-07-30T17:35:00.000Z,delta,4
2026-07-30T17:40:00.000Z,delta,4
2026-07-30T17:45:00.000Z,delta,4
2026-07-30T17:50:00.000Z,delta,4
2026-07-30T17:55:00.000Z,delta,4
2026-07-30T18:00:00.000Z,delta,4
2026-07-30T18:05:00.000Z,delta,4
2026-07-30T18:10:00.000Z,delta,4
2026-07-30T18:15:00.000Z,delta,4
2026-07-30T18:20:00.000Z,delta,4
2026-07-30T18:25:00.000Z,delta,4
2026-07-30T18:30:00.000Z,delta,4
2026-07-30T18:35:00.000Z,delta,4
2026-07-30T18:40:00.000Z,delta,4
2026-07-30T18:45:00.000Z,delta,4
2026-07-30T18:50:00.000Z,delta,4
2026-07-30T18:55:00.000Z,delta,3
2026-07-30T19:00:00.000Z,delta,3
2026-07-30T19:05:00.000Z,delta,3
2026-07-30T19:10:00.000Z,delta,3
2026-07-30T19:15:00.000Z,delta,3
2026-07-30T19:20:00.000Z,delta,3
2026-07-30T19:25:00.000Z,delta,3
2026-07-30T19:30:00.000Z,delta,3
2026-07-30T19:35:00.000Z,delta,3
2026-07-30T19:40:00.000Z,delta,3
2026-07-30T19:45:00.000Z,delta,3
2026-07-30T19:50:00.000Z,delta,3
2026-07-30T19:55:00.000Z,delta,3
2026-07-30T20:00:00.000Z,delta,3
2026-07-30T20:05:00.000Z,delta,3
2026-07-30T20:10:00.000Z,delta,3
2026-07-30T20:15:00.000Z,delta,3
2026-07-30T20:20:00.000Z,delta,3
2026-07-30T20:25:00.000Z,delta,3
2026-07-30T20:30:00.000Z,delta,3
2026-07-30T20:35:00.000Z,delta,3
2026-07-30T20:40:00.000Z,delta,3
2026-07-30T20:45:00.000Z,delta,3
2026-07-30T20:50:00.000Z,delta,3
2026-07-30T20:55:00.000Z,delta,3
2026-07-30T21:00:00.000Z,delta,3
2026-07-30T21:05:00.000Z,delta,3
2026-07-30T21:10:00.000Z,delta,3
2026-07-30T21:15:00.000Z,delta,3
2026-07-30T21:20:00.000Z,delta,3
2026-07-30T21:25:00.000Z,delta,3
2026-07-30T21:30:00.000Z,delta,3
2026-07-30T21:35:00.000Z,delta,3
2026-07-30T21:40:00.000Z,delta,3
2026-07-30T21:45:00.000Z,delta,3
2026-07-30T21:50:00.000Z,delta,3
2026-07-30T21:55:00.000Z,delta,3
2026-07-30T22:00:00.000Z,delta,3
2026-07-30T22:05:00.000Z,delta,3
2026-07-30T22:10:00.000Z,delta,3
2026-07-30T22:15:00.000Z,delta,3
2026-07-30T22:20:00.000Z,delta,3
2026-07-30T22:25:00.000Z,delta,3
2026-07-30T22:30:00.000Z,delta,3
2026-07-30T22:35:00.000Z,delta,3
2026-07-30T22:40:00.000Z,delta,3
2026-07-30T22:45:00.000Z,delta,3
2026-07-30T22:50:00.000Z,delta,3
2026-07-30T22:55:00.000Z,delta,3
2026-07-30T23:00:00.000Z,delta,3
2026-07-30T23:05:00.000Z,delta,3
2026-07-30T23:10:00.000Z,delta,3
2026-07-30T23:15:00.000Z,delta,3
2026-07-30T23:20:00.000Z,delta,3
2026-07-30T23:25:00.000Z,delta,3
2026-07-30T23:30:00.000Z,delta,3
2026-07-30T23:35:00.000Z,delta,3
2026-07-30T23:40:00.000Z,delta,3
2026-07-30T23:45:00.000Z,delta,3
2026-07-30T23:50:00.000Z,delta,3
2026-07-30T23:55:00.000Z,delta,3
2026-07-31T00:00:00.000Z,delta,3
2026-07-31T00:05:00.000Z,delta,3
2026-07-31T00:10:00.000Z,delta,3
2026-07-31T00:15:00.000Z,delta,3
2026-07-31T00:20:00.000Z,delta,3
2026-07-31T00:25:00.000Z,delta,5
2026-07-31T00:30:00.000Z,delta,5
2026-07-31T00:35:00.000Z,delta,5
2026-07-31T00:40:00.000Z,delta,5
2026-07-31T00:45:00.000Z,delta,5
2026-07-31T00:50:00.000Z,delta,6
2026-07-31T00:55:00.000Z,delta,8
2026-07-31T01:00:00.000Z,delta,9
2026-07-31T01:05:00.000Z,delta,8
2026-07-31T01:10:00.000Z,delta,8
2026-07-31T01:15:00.000Z,delta,8
2026-07-31T01:20:00.000Z,delta,8
2026-07-31T01:25:00.000Z,delta,8
2026-07-31T01:30:00.000Z,delta,8
2026-07-31T01:35:00.000Z,delta,8
2026-07-31T01:40:00.000Z,delta,8
2026-07-31T01:45:00.000Z,delta,8
2026-07-31T01:50:00.000Z,delta,8
2026-07-31T01:55:00.000Z,delta,8
2026-07-31T02:00:00.000Z,delta,8
2026-07-31T02:05:00.000Z,delta,8
2026-07-31T02:10:00.000Z,delta,9
2026-07-31T02:15:00.000Z,delta,8
2026-07-31T02:20:00.000Z,delta,8
2026-07-31T02:25:00.000Z,delta,8
2026-07-31T02:30:00.000Z,delta,10
2026-07-31T02:35:00.000Z,delta,10
2026-07-31T02:40:00.000Z,delta,10
2026-07-31T02:45:00.000Z,delta,10
2026-07-31T02:50:00.000Z,delta,10
2026-07-31T02:55:00.000Z,delta,10
2026-07-31T03:00:00.000Z,delta,10
2026-07-31T03:05:00.000Z,delta,10
2026-07-31T03:10:00.000Z,delta,10
2026-07-31T03:15:00.000Z,delta,10
2026-07-31T03:20:00.000Z,delta,10
2026-07-31T03:25:00.000Z,delta,10
2026-07-31T03:30:00.000Z,delta,10
2026-07-31T03:35:00.000Z,delta,10
2026-07-31T03:40:00.000Z,delta,12
2026-07-31T03:45:00.000Z,delta,12
2026-07-31T03:50:00.000Z,delta,12
2026-07-31T03:55:00.000Z,delta,12
2026-07-31T04:00:00.000Z,delta,12
2026-07-31T04:05:00.000Z,delta,12
2026-07-31T04:10:00.000Z,delta,12
2026-07-31T04:15:00.000Z,delta,12
2026-07-31T04:20:00.000Z,delta,11
2026-07-31T04:25:00.000Z,delta,13
2026-07-31T04:30:00.000Z,delta,13
2026-07-31T04:35:00.000Z,delta,13
2026-07-31T04:40:00.000Z,delta,13
2026-07-31T04:45:00.000Z,delta,13
2026-07-31T04:50:00.000Z,delta,13
2026-07-31T04:55:00.000Z,delta,13
2026-07-31T05:00:00.000Z,delta,13
2026-07-31T05:05:00.000Z,delta,13
2026-07-31T05:10:00.000Z,delta,13
2026-07-31T05:15:00.000Z,delta,13
2026-07-31T05:20:00.000Z,delta,14
2026-07-31T05:25:00.000Z,delta,14
2026-07-31T05:30:00.000Z,delta,14
2026-07-31T05:35:00.000Z,delta,14
2026-07-31T05:40:00.000Z,delta,14
2026-07-31T05:45:00.000Z,delta,15
2026-07-31T05:50:00.000Z,delta,15
2026-07-31T05:55:00.000Z,delta,15
2026-07-31T06:00:00.000Z,delta,15
2026-07-31T06:05:00.000Z,delta,15
2026-07-31T06:10:00.000Z,delta,15
2026-07-31T06:15:00.000Z,delta,15
2026-07-31T06:20:00.000Z,delta,15
2026-07-31T06:25:00.000Z,delta,15
2026-07-31T06:30:00.000Z,delta,15
2026-07-31T06:35:00.000Z,delta,16
2026-07-31T06:40:00.000Z,delta,16
2026-07-31T06:45:00.000Z,delta,15
2026-07-31T06:50:00.000Z,delta,15
2026-07-31T06:55:00.000Z,delta,15
2026-07-31T07:00:00.000Z,delta,15
2026-07-31T07:05:00.000Z,delta,16
2026-07-31T07:10:00.000Z,delta,16
2026-07-31T07:15:00.000Z,delta,15
2026-07-31T07:20:00.000Z,delta,15
2026-07-31T07:25:00.000Z,delta,15
2026-07-31T07:30:00.000Z,delta,14
2026-07-31T07:35:00.000Z,delta,14
2026-07-31T07:40:00.000Z,delta,14
2026-07-31T07:45:00.000Z,delta,13
2026-07-31T07:50:00.000Z,delta,12
2026-07-31T07:55:00.000Z,delta,12
2026-07-31T08:00:00.000Z,delta,13
2026-07-31T08:05:00.000Z,delta,13
2026-07-31T08:10:00.000Z,delta,13
2026-07-31T08:15:00.000Z,delta,11
2026-07-31T08:20:00.000Z,delta,11
2026-07-31T08:25:00.000Z,delta,10
2026-07-31T08:30:00.000Z,delta,10
2026-07-31T08:35:00.000Z,delta,10
2026-07-31T08:40:00.000Z,delta,11
2026-07-31T08:45:00.000Z,delta,11
2026-07-31T08:50:00.000Z,delta,11
2026-07-31T08:55:00.000Z,delta,11
2026-07-31T09:00:00.000Z,delta,11
2026-07-31T09:05:00.000Z,delta,11
2026-07-31T09:10:00.000Z,delta,11
2026-07-31T09:15:00.000Z,delta,9
2026-07-31T09:20:00.000Z,delta,8
2026-07-31T09:25:00.000Z,delta,8
2026-07-31T09:30:00.000Z,delta,8
2026-07-31T09:35:00.000Z,delta,8
2026-07-31T09:40:00.000Z,delta,9
2026-07-31T09:45:00.000Z,delta,9
2026-07-31T09:50:00.000Z,delta,9
2026-07-31T09:55:00.000Z,delta,9
2026-07-31T10:00:00.000Z,delta,11
2026-07-31T10:05:00.000Z,delta,11
2026-07-31T10:10:00.000Z,delta,11
2026-07-31T10:15:00.000Z,delta,11
2026-07-31T10:20:00.000Z,delta,9
2026-07-31T10:25:00.000Z,delta,9
2026-07-31T10:30:00.000Z,delta,8
2026-07-31T10:35:00.000Z,delta,8
2026-07-31T10:40:00.000Z,delta,8
2026-07-31T10:45:00.000Z,delta,8
2026-07-31T10:50:00.000Z,delta,8
2026-07-31T10:55:00.000Z,delta,8
2026-07-31T11:00:00.000Z,delta,8
2026-07-31T11:05:00.000Z,delta,8
2026-07-31T11:10:00.000Z,delta,8
2026-07-31T11:15:00.000Z,delta,8
2026-07-31T11:20:00.000Z,delta,8
2026-07-31T11:25:00.000Z,delta,8
2026-07-31T11:30:00.000Z,delta,8
2026-07-31T11:35:00.000Z,delta,8
2026-07-31T11:40:00.000Z,delta,8
2026-07-31T11:45:00.000Z,delta,8
2026-07-31T11:50:00.000Z,delta,5
2026-07-31T11:55:00.000Z,delta,5
2026-07-31T12:00:00.000Z,delta,5
2026-07-31T12:05:00.000Z,delta,5
2026-07-31T12:10:00.000Z,delta,5
2026-07-31T12:15:00.000Z,delta,5
2026-07-31T12:20:00.000Z,delta,5
2026-07-31T12:25:00.000Z,delta,5
2026-07-31T12:30:00.000Z,delta,5
2026-07-31T12:35:00.000Z,delta,5
2026-07-31T12:40:00.000Z,delta,5
2026-07-31T12:45:00.000Z,delta,5
2026-07-31T12:50:00.000Z,delta,5
2026-07-31T12:55:00.000Z,delta,5
2026-07-31T13:00:00.000Z,delta,5
2026-07-31T13:05:00.000Z,delta,5
2026-07-31T13:10:00.000Z,delta,5
2026-07-31T13:15:00.000Z,delta,5
2026-07-31T13:20:00.000Z,delta,5
2026-07-31T13:25:00.000Z,delta,5
2026-07-31T13:30:00.000Z,delta,5
2026-07-31T13:35:00.000Z,delta,5
2026-07-31T13:40:00.000Z,delta,5
2026-07-31T13:45:00.000Z,delta,5
2026-07-31T13:50:00.000Z,delta,5
2026-07-31T13:55:00.000Z,delta,5
2026-07-31T14:00:00.000Z,delta,5
2026-07-31T14:05:00.000Z,delta,5
2026-07-31T14:10:00.000Z,delta,5
2026-07-31T14:15:00.000Z,delta,5
2026-07-31T14:20:00.000Z,delta,5
2026-07-31T14:25:00.000Z,delta,5
2026-07-31T14:30:00.000Z,delta,5
2026-07-31T14:35:00.000Z,delta,5
2026-07-31T14:40:00.000Z,delta,5
2026-07-31T14:45:00.000Z,delta,5
2026-07-31T14:50:00.000Z,delta,5
2026-07-31T14:55:00.000Z,delta,5
2026-07-31T15:00:00.000Z,delta,5
2026-07-31T15:05:00.000Z,delta,5
2026-07-31T15:10:00.000Z,delta,5
2026-07-31T15:15:00.000Z,delta,5
2026-07-31T15:20:00.000Z,delta,5
2026-07-31T15:25:00.000Z,delta,5
2026-07-31T15:30:00.000Z,delta,5
2026-07-31T15:35:00.000Z,delta,5
2026-07-31T15:40:00.000Z,delta,5
2026-07-31T15:45:00.000Z,delta,5
2026-07-31T15:50:00.000Z,delta,5
2026-07-31T15:55:00.000Z,delta,5
2026-07-31T16:00:00.000Z,delta,5
2026-07-31T16:05:00.000Z,delta,5
2026-07-31T16:10:00.000Z,delta,5
2026-07-31T16:15:00.000Z,delta,5
2026-07-31T16:20:00.000Z,delta,5
2026-07-31T16:25:00.000Z,delta,5
2026-07-31T16:30:00.000Z,delta,5
2026-07-31T16:35:00.000Z,delta,5
2026-07-31T16:40:00.000Z,delta,5
2026-07-31T16:45:00.000Z,delta,5
2026-07-31T16:50:00.000Z,delta,5
2026-07-31T16:55:00.000Z,delta,5
2026-07-31T17:00:00.000Z,delta,5
2026-07-31T17:05:00.000Z,delta,4
2026-07-31T17:10:00.000Z,delta,4
2026-07-31T17:15:00.000Z,delta,4
2026-07-31T17:20:00.000Z,delta,4
2026-07-31T17:25:00.000Z,delta,4
2026-07-31T17:30:00.000Z,delta,4
2026-07-31T17:35:00.000Z,delta,4
2026-07-31T17:40:00.000Z,delta,4
2026-07-31T17:45:00.000Z,delta,4
2026-07-31T17:50:00.000Z,delta,4
2026-07-31T17:55:00.000Z,delta,4
2026-07-31T18:00:00.000Z,delta,4
2026-07-31T18:05:00.000Z,delta,3
2026-07-31T18:10:00.000Z,delta,3
2026-07-31T18:15:00.000Z,delta,3
2026-07-31T18:20:00.000Z,delta,3
2026-07-31T18:25:00.000Z,delta,3
2026-07-31T18:30:00.000Z,delta,3
2026-07-31T18:35:00.000Z,delta,3
2026-07-31T18:40:00.000Z,delta,3
2026-07-31T18:45:00.000Z,delta,3
2026-07-31T18:50:00.000Z,delta,3
2026-07-31T18:55:00.000Z,delta,3
2026-07-31T19:00:00.000Z,delta,3
2026-07-31T19:05:00.000Z,delta,3
2026-07-31T19:10:00.000Z,delta,3
2026-07-31T19:15:00.000Z,delta,3
2026-07-31T19:20:00.000Z,delta,3
2026-07-31T19:25:00.000Z,delta,3
2026-07-31T19:30:00.000Z,delta,3
2026-07-31T19:35:00.000Z,delta,3
2026-07-31T19:40:00.000Z,delta,3
2026-07-31T19:45:00.000Z,delta,3
2026-07-31T19:50:00.000Z,delta,3
2026-07-31T19:55:00.000Z,delta,3
2026-07-31T20:00:00.000Z,delta,3
2026-07-31T20:05:00.000Z,delta,3
2026-07-31T20:10:00.000Z,delta,3
2026-07-31T20:15:00.000Z,delta,3
2026-07-31T20:20:00.000Z,delta,3
2026-07-31T20:25:00.000Z,delta,3
2026-07-31T20:30:00.000Z,delta,3
2026-07-31T20:35:00.000Z,delta,3
2026-07-31T20:40:00.000Z,delta,3
2026-07-31T20:45:00.000Z,delta,3
2026-07-31T20:50:00.000Z,delta,3
2026-07-31T20:55:00.000Z,delta,3
2026-07-31T21:00:00.000Z,delta,3
2026-07-31T21:05:00.000Z,delta,3
2026-07-31T21:10:00.000Z,delta,3
2026-07-31T21:15:00.000Z,delta,3
2026-07-31T21:20:00.000Z,delta,3
2026-07-31T21:25:00.000Z,delta,3
2026-07-31T21:30:00.000Z,delta,3
2026-07-31T21:35:00.000Z,delta,3
2026-07-31T21:40:00.000Z,delta,3
2026-07-31T21:45:00.000Z,delta,3
2026-07-31T21:50:00.000Z,delta,3
2026-07-31T21:55:00.000Z,delta,3
2026-07-31T22:00:00.000Z,delta,3
2026-07-31T22:05:00.000Z,delta,3
2026-07-31T22:10:00.000Z,delta,3
2026-07-31T22:15:00.000Z,delta,3
2026-07-31T22:20:00.000Z,delta,3
2026-07-31T22:25:00.000Z,delta,3
2026-07-31T22:30:00.000Z,delta,3
2026-07-31T22:35:00.000Z,delta,3
2026-07-31T22:40:00.000Z,delta,3
2026-07-31T22:45:00.000Z,delta,3
2026-07-31T22:50:00.000Z,delta,3
2026-07-31T22:55:00.000Z,delta,3
2026-07-31T23:00:00.000Z,delta,3
2026-07-31T23:05:00.000Z,delta,3
2026-07-31T23:10:00.000Z,delta,3
2026-07-31T23:15:00.000Z,delta,3
2026-07-31T23:20:00.000Z,delta,3
2026-07-31T23:25:00.000Z,delta,3
2026-07-31T23:30:00.000Z,delta,3
2026-07-31T23:35:00.000Z,delta,3
2026-07-31T23:40:00.000Z,delta,3
2026-07-31T23:45:00.000Z,delta,3
2026-07-31T23:50:00.000Z,delta,3
2026-07-31T23:55:00.000Z,delta,3
